O*NET-SOC Code,Title,Element ID,Element Name,Scale ID,Scale Name,Category,Data Value,N,Standard Error,Lower CI Bound,Upper CI Bound,Recommend Suppress,Not Relevant,Date,Domain Source
11-1011.00,Chief Executives,4.C.3.d.8,Duration of Typical Work Week,CT,Context,,2.86,37,0.0725,2.7131,3.0000,N,,08/2023,Incumbent
11-1011.00,Chief Executives,4.C.3.d.8,Duration of Typical Work Week,CTP,Context (Categories 1-3),1,0.00,37,0.0000,,,N,,08/2023,Incumbent
11-1011.00,Chief Executives,4.C.3.d.8,Duration of Typical Work Week,CTP,Context (Categories 1-3),2,13.99,37,7.2506,4.5724,35.5705,N,,08/2023,Incumbent
11-1011.00,Chief Executives,4.C.3.d.8,Duration of Typical Work Week,CTP,Context (Categories 1-3),3,86.01,37,7.2506,64.4295,95.4276,N,,08/2023,Incumbent
11-1011.03,Chief Sustainability Officers,4.C.3.d.8,Duration of Typical Work Week,CT,Context,,2.74,27,,,,,,08/2021,Occupational Expert
11-1011.03,Chief Sustainability Officers,4.C.3.d.8,Duration of Typical Work Week,CTP,Context (Categories 1-3),1,3.70,27,,,,,,08/2021,Occupational Expert
11-1011.03,Chief Sustainability Officers,4.C.3.d.8,Duration of Typical Work Week,CTP,Context (Categories 1-3),2,18.52,27,,,,,,08/2021,Occupational Expert
11-1011.03,Chief Sustainability Officers,4.C.3.d.8,Duration of Typical Work Week,CTP,Context (Categories 1-3),3,77.78,27,,,,,,08/2021,Occupational Expert
11-1021.00,General and Operations Managers,4.C.3.d.8,Duration of Typical Work Week,CT,Context,,2.70,22,0.1271,2.4348,2.9635,N,,08/2023,Incumbent
11-1021.00,General and Operations Managers,4.C.3.d.8,Duration of Typical Work Week,CTP,Context (Categories 1-3),1,0.00,22,0.0000,,,N,,08/2023,Incumbent
11-1021.00,General and Operations Managers,4.C.3.d.8,Duration of Typical Work Week,CTP,Context (Categories 1-3),2,30.08,22,12.7115,10.9080,60.1923,N,,08/2023,Incumbent
11-1021.00,General and Operations Managers,4.C.3.d.8,Duration of Typical Work Week,CTP,Context (Categories 1-3),3,69.92,22,12.7115,39.8077,89.0920,N,,08/2023,Incumbent
11-2011.00,Advertising and Promotions Managers,4.C.3.d.8,Duration of Typical Work Week,CT,Context,,2.48,26,0.1640,2.1391,2.8147,N,,08/2018,Incumbent
11-2011.00,Advertising and Promotions Managers,4.C.3.d.8,Duration of Typical Work Week,CTP,Context (Categories 1-3),1,15.16,26,7.9712,4.7511,39.0391,N,,08/2018,Incumbent
11-2011.00,Advertising and Promotions Managers,4.C.3.d.8,Duration of Typical Work Week,CTP,Context (Categories 1-3),2,21.99,26,8.0127,9.7214,42.4493,N,,08/2018,Incumbent
11-2011.00,Advertising and Promotions Managers,4.C.3.d.8,Duration of Typical Work Week,CTP,Context (Categories 1-3),3,62.85,26,10.1533,40.8595,80.5563,N,,08/2018,Incumbent
11-2021.00,Marketing Managers,4.C.3.d.8,Duration of Typical Work Week,CT,Context,,2.78,40,0.0930,2.5952,2.9716,N,,07/2015,Incumbent
11-2021.00,Marketing Managers,4.C.3.d.8,Duration of Typical Work Week,CTP,Context (Categories 1-3),1,2.24,40,2.2600,0.2838,15.5888,N,,07/2015,Incumbent
11-2021.00,Marketing Managers,4.C.3.d.8,Duration of Typical Work Week,CTP,Context (Categories 1-3),2,17.17,40,8.1510,6.1089,39.7883,N,,07/2015,Incumbent
11-2021.00,Marketing Managers,4.C.3.d.8,Duration of Typical Work Week,CTP,Context (Categories 1-3),3,80.58,40,8.4494,58.1979,92.5226,N,,07/2015,Incumbent
11-2022.00,Sales Managers,4.C.3.d.8,Duration of Typical Work Week,CT,Context,,2.86,21,,,,,,08/2025,Occupational Expert
11-2022.00,Sales Managers,4.C.3.d.8,Duration of Typical Work Week,CTP,Context (Categories 1-3),1,0.00,21,,,,,,08/2025,Occupational Expert
11-2022.00,Sales Managers,4.C.3.d.8,Duration of Typical Work Week,CTP,Context (Categories 1-3),2,14.29,21,,,,,,08/2025,Occupational Expert
11-2022.00,Sales Managers,4.C.3.d.8,Duration of Typical Work Week,CTP,Context (Categories 1-3),3,85.71,21,,,,,,08/2025,Occupational Expert
11-2033.00,Fundraising Managers,4.C.3.d.8,Duration of Typical Work Week,CT,Context,,2.65,16,0.1872,2.2495,3.0000,N,,08/2025,Incumbent
11-2033.00,Fundraising Managers,4.C.3.d.8,Duration of Typical Work Week,CTP,Context (Categories 1-3),1,0.00,16,0.0000,,,N,,08/2025,Incumbent
11-2033.00,Fundraising Managers,4.C.3.d.8,Duration of Typical Work Week,CTP,Context (Categories 1-3),2,35.14,16,18.7226,8.5999,75.7331,Y,,08/2025,Incumbent
11-2033.00,Fundraising Managers,4.C.3.d.8,Duration of Typical Work Week,CTP,Context (Categories 1-3),3,64.86,16,18.7226,24.2669,91.4001,Y,,08/2025,Incumbent
11-3012.00,Administrative Services Managers,4.C.3.d.8,Duration of Typical Work Week,CT,Context,,2.23,45,0.1323,1.9584,2.4916,N,,07/2017,Incumbent
11-3012.00,Administrative Services Managers,4.C.3.d.8,Duration of Typical Work Week,CTP,Context (Categories 1-3),1,16.87,45,7.0968,6.8203,36.0087,N,,07/2017,Incumbent
11-3012.00,Administrative Services Managers,4.C.3.d.8,Duration of Typical Work Week,CTP,Context (Categories 1-3),2,43.76,45,9.0029,27.1257,61.9226,N,,07/2017,Incumbent
11-3012.00,Administrative Services Managers,4.C.3.d.8,Duration of Typical Work Week,CTP,Context (Categories 1-3),3,39.37,45,8.8136,23.5796,57.7472,N,,07/2017,Incumbent
11-3013.00,Facilities Managers,4.C.3.d.8,Duration of Typical Work Week,CT,Context,,2.43,34,0.1475,2.1254,2.7254,N,,08/2024,Incumbent
11-3013.00,Facilities Managers,4.C.3.d.8,Duration of Typical Work Week,CTP,Context (Categories 1-3),1,5.46,34,4.9995,0.7978,29.3017,N,,08/2024,Incumbent
11-3013.00,Facilities Managers,4.C.3.d.8,Duration of Typical Work Week,CTP,Context (Categories 1-3),2,46.55,34,13.9399,21.7845,73.1352,N,,08/2024,Incumbent
11-3013.00,Facilities Managers,4.C.3.d.8,Duration of Typical Work Week,CTP,Context (Categories 1-3),3,48.00,34,13.4500,23.5677,73.4218,N,,08/2024,Incumbent
11-3013.01,Security Managers,4.C.3.d.8,Duration of Typical Work Week,CT,Context,,2.75,20,,,,,,08/2025,Occupational Expert
11-3013.01,Security Managers,4.C.3.d.8,Duration of Typical Work Week,CTP,Context (Categories 1-3),1,0.00,20,,,,,,08/2025,Occupational Expert
11-3013.01,Security Managers,4.C.3.d.8,Duration of Typical Work Week,CTP,Context (Categories 1-3),2,25.00,20,,,,,,08/2025,Occupational Expert
11-3013.01,Security Managers,4.C.3.d.8,Duration of Typical Work Week,CTP,Context (Categories 1-3),3,75.00,20,,,,,,08/2025,Occupational Expert
11-3021.00,Computer and Information Systems Managers,4.C.3.d.8,Duration of Typical Work Week,CT,Context,,2.63,21,0.1789,2.2591,3.0000,N,,07/2016,Incumbent
11-3021.00,Computer and Information Systems Managers,4.C.3.d.8,Duration of Typical Work Week,CTP,Context (Categories 1-3),1,1.82,21,1.4004,0.3620,8.6721,N,,07/2016,Incumbent
11-3021.00,Computer and Information Systems Managers,4.C.3.d.8,Duration of Typical Work Week,CTP,Context (Categories 1-3),2,33.12,21,18.1461,8.2306,73.2262,N,,07/2016,Incumbent
11-3021.00,Computer and Information Systems Managers,4.C.3.d.8,Duration of Typical Work Week,CTP,Context (Categories 1-3),3,65.05,21,17.9654,26.3662,90.6348,N,,07/2016,Incumbent
11-3031.00,Financial Managers,4.C.3.d.8,Duration of Typical Work Week,CT,Context,,2.73,22,0.1459,2.4251,3.0000,N,,08/2022,Incumbent
11-3031.00,Financial Managers,4.C.3.d.8,Duration of Typical Work Week,CTP,Context (Categories 1-3),1,0.00,22,0.0000,,,N,,08/2022,Incumbent
11-3031.00,Financial Managers,4.C.3.d.8,Duration of Typical Work Week,CTP,Context (Categories 1-3),2,27.14,22,14.5946,7.4316,63.3530,N,,08/2022,Incumbent
11-3031.00,Financial Managers,4.C.3.d.8,Duration of Typical Work Week,CTP,Context (Categories 1-3),3,72.86,22,14.5946,36.6470,92.5684,N,,08/2022,Incumbent
11-3031.01,Treasurers and Controllers,4.C.3.d.8,Duration of Typical Work Week,CT,Context,,2.80,25,,,,,,08/2020,Occupational Expert
11-3031.01,Treasurers and Controllers,4.C.3.d.8,Duration of Typical Work Week,CTP,Context (Categories 1-3),1,0.00,25,,,,,,08/2020,Occupational Expert
11-3031.01,Treasurers and Controllers,4.C.3.d.8,Duration of Typical Work Week,CTP,Context (Categories 1-3),2,20.00,25,,,,,,08/2020,Occupational Expert
11-3031.01,Treasurers and Controllers,4.C.3.d.8,Duration of Typical Work Week,CTP,Context (Categories 1-3),3,80.00,25,,,,,,08/2020,Occupational Expert
11-3031.03,Investment Fund Managers,4.C.3.d.8,Duration of Typical Work Week,CT,Context,,2.87,29,0.0744,2.7151,3.0000,N,,07/2014,Incumbent
11-3031.03,Investment Fund Managers,4.C.3.d.8,Duration of Typical Work Week,CTP,Context (Categories 1-3),1,0.00,29,0.0000,,,N,,07/2014,Incumbent
11-3031.03,Investment Fund Managers,4.C.3.d.8,Duration of Typical Work Week,CTP,Context (Categories 1-3),2,13.25,29,7.4378,3.8996,36.5041,N,,07/2014,Incumbent
11-3031.03,Investment Fund Managers,4.C.3.d.8,Duration of Typical Work Week,CTP,Context (Categories 1-3),3,86.75,29,7.4378,63.4959,96.1004,N,,07/2014,Incumbent
11-3051.00,Industrial Production Managers,4.C.3.d.8,Duration of Typical Work Week,CT,Context,,2.70,45,0.1122,2.4765,2.9287,N,,08/2021,Incumbent
11-3051.00,Industrial Production Managers,4.C.3.d.8,Duration of Typical Work Week,CTP,Context (Categories 1-3),1,3.23,45,3.2402,0.4116,21.2358,N,,08/2021,Incumbent
11-3051.00,Industrial Production Managers,4.C.3.d.8,Duration of Typical Work Week,CTP,Context (Categories 1-3),2,23.28,45,9.6154,9.2997,47.3135,N,,08/2021,Incumbent
11-3051.00,Industrial Production Managers,4.C.3.d.8,Duration of Typical Work Week,CTP,Context (Categories 1-3),3,73.49,45,9.9322,49.8042,88.5650,N,,08/2021,Incumbent
11-3051.01,Quality Control Systems Managers,4.C.3.d.8,Duration of Typical Work Week,CT,Context,,2.95,21,0.0441,2.8591,3.0000,N,,08/2022,Incumbent
11-3051.01,Quality Control Systems Managers,4.C.3.d.8,Duration of Typical Work Week,CTP,Context (Categories 1-3),1,0.00,21,0.0000,,,N,,08/2022,Incumbent
11-3051.01,Quality Control Systems Managers,4.C.3.d.8,Duration of Typical Work Week,CTP,Context (Categories 1-3),2,4.90,21,4.4067,0.7120,27.0274,N,,08/2022,Incumbent
11-3051.01,Quality Control Systems Managers,4.C.3.d.8,Duration of Typical Work Week,CTP,Context (Categories 1-3),3,95.10,21,4.4067,72.9726,99.2880,N,,08/2022,Incumbent
11-3051.02,Geothermal Production Managers,4.C.3.d.8,Duration of Typical Work Week,CT,Context,,2.90,17,0.0642,2.7673,3.0000,N,,07/2011,Incumbent
11-3051.02,Geothermal Production Managers,4.C.3.d.8,Duration of Typical Work Week,CTP,Context (Categories 1-3),1,0.00,17,0.0000,,,N,,07/2011,Incumbent
11-3051.02,Geothermal Production Managers,4.C.3.d.8,Duration of Typical Work Week,CTP,Context (Categories 1-3),2,9.66,17,6.4191,2.2010,33.7070,N,,07/2011,Incumbent
11-3051.02,Geothermal Production Managers,4.C.3.d.8,Duration of Typical Work Week,CTP,Context (Categories 1-3),3,90.34,17,6.4191,66.2930,97.7990,N,,07/2011,Incumbent
11-3051.03,Biofuels Production Managers,4.C.3.d.8,Duration of Typical Work Week,CT,Context,,2.76,20,0.1009,2.5538,2.9760,N,,07/2016,Incumbent
11-3051.03,Biofuels Production Managers,4.C.3.d.8,Duration of Typical Work Week,CTP,Context (Categories 1-3),1,0.00,20,0.0000,,,N,,07/2016,Incumbent
11-3051.03,Biofuels Production Managers,4.C.3.d.8,Duration of Typical Work Week,CTP,Context (Categories 1-3),2,23.51,20,10.0851,8.6786,49.8519,N,,07/2016,Incumbent
11-3051.03,Biofuels Production Managers,4.C.3.d.8,Duration of Typical Work Week,CTP,Context (Categories 1-3),3,76.49,20,10.0851,50.1481,91.3214,N,,07/2016,Incumbent
11-3051.04,Biomass Power Plant Managers,4.C.3.d.8,Duration of Typical Work Week,CT,Context,,2.92,21,0.0824,2.7435,3.0000,N,,08/2020,Incumbent
11-3051.04,Biomass Power Plant Managers,4.C.3.d.8,Duration of Typical Work Week,CTP,Context (Categories 1-3),1,0.00,21,0.0000,,,N,,08/2020,Incumbent
11-3051.04,Biomass Power Plant Managers,4.C.3.d.8,Duration of Typical Work Week,CTP,Context (Categories 1-3),2,8.47,21,8.2372,0.9978,45.9209,N,,08/2020,Incumbent
11-3051.04,Biomass Power Plant Managers,4.C.3.d.8,Duration of Typical Work Week,CTP,Context (Categories 1-3),3,91.53,21,8.2372,54.0791,99.0022,N,,08/2020,Incumbent
11-3051.06,Hydroelectric Production Managers,4.C.3.d.8,Duration of Typical Work Week,CT,Context,,2.65,28,0.0918,2.4593,2.8359,N,,07/2016,Incumbent
11-3051.06,Hydroelectric Production Managers,4.C.3.d.8,Duration of Typical Work Week,CTP,Context (Categories 1-3),1,0.00,28,0.0000,,,N,,07/2016,Incumbent
11-3051.06,Hydroelectric Production Managers,4.C.3.d.8,Duration of Typical Work Week,CTP,Context (Categories 1-3),2,35.24,28,9.1781,19.2504,55.3938,N,,07/2016,Incumbent
11-3051.06,Hydroelectric Production Managers,4.C.3.d.8,Duration of Typical Work Week,CTP,Context (Categories 1-3),3,64.76,28,9.1781,44.6062,80.7496,N,,07/2016,Incumbent
11-3061.00,Purchasing Managers,4.C.3.d.8,Duration of Typical Work Week,CT,Context,,2.42,19,,,,,,08/2023,Occupational Expert
11-3061.00,Purchasing Managers,4.C.3.d.8,Duration of Typical Work Week,CTP,Context (Categories 1-3),1,5.26,19,,,,,,08/2023,Occupational Expert
11-3061.00,Purchasing Managers,4.C.3.d.8,Duration of Typical Work Week,CTP,Context (Categories 1-3),2,47.37,19,,,,,,08/2023,Occupational Expert
11-3061.00,Purchasing Managers,4.C.3.d.8,Duration of Typical Work Week,CTP,Context (Categories 1-3),3,47.37,19,,,,,,08/2023,Occupational Expert
11-3071.00,"Transportation, Storage, and Distribution Managers",4.C.3.d.8,Duration of Typical Work Week,CT,Context,,2.75,,,,,N,,11/2020,Analyst - Transition
11-3071.04,Supply Chain Managers,4.C.3.d.8,Duration of Typical Work Week,CT,Context,,2.85,20,,,,,,07/2017,Occupational Expert
11-3071.04,Supply Chain Managers,4.C.3.d.8,Duration of Typical Work Week,CTP,Context (Categories 1-3),1,0.00,20,,,,,,07/2017,Occupational Expert
11-3071.04,Supply Chain Managers,4.C.3.d.8,Duration of Typical Work Week,CTP,Context (Categories 1-3),2,15.00,20,,,,,,07/2017,Occupational Expert
11-3071.04,Supply Chain Managers,4.C.3.d.8,Duration of Typical Work Week,CTP,Context (Categories 1-3),3,85.00,20,,,,,,07/2017,Occupational Expert
11-3111.00,Compensation and Benefits Managers,4.C.3.d.8,Duration of Typical Work Week,CT,Context,,2.67,21,,,,,,08/2023,Occupational Expert
11-3111.00,Compensation and Benefits Managers,4.C.3.d.8,Duration of Typical Work Week,CTP,Context (Categories 1-3),1,0.00,21,,,,,,08/2023,Occupational Expert
11-3111.00,Compensation and Benefits Managers,4.C.3.d.8,Duration of Typical Work Week,CTP,Context (Categories 1-3),2,33.33,21,,,,,,08/2023,Occupational Expert
11-3111.00,Compensation and Benefits Managers,4.C.3.d.8,Duration of Typical Work Week,CTP,Context (Categories 1-3),3,66.67,21,,,,,,08/2023,Occupational Expert
11-3121.00,Human Resources Managers,4.C.3.d.8,Duration of Typical Work Week,CT,Context,,2.59,22,,,,,,08/2025,Occupational Expert
11-3121.00,Human Resources Managers,4.C.3.d.8,Duration of Typical Work Week,CTP,Context (Categories 1-3),1,9.09,22,,,,,,08/2025,Occupational Expert
11-3121.00,Human Resources Managers,4.C.3.d.8,Duration of Typical Work Week,CTP,Context (Categories 1-3),2,22.73,22,,,,,,08/2025,Occupational Expert
11-3121.00,Human Resources Managers,4.C.3.d.8,Duration of Typical Work Week,CTP,Context (Categories 1-3),3,68.18,22,,,,,,08/2025,Occupational Expert
11-3131.00,Training and Development Managers,4.C.3.d.8,Duration of Typical Work Week,CT,Context,,2.50,28,,,,,,08/2024,Occupational Expert
11-3131.00,Training and Development Managers,4.C.3.d.8,Duration of Typical Work Week,CTP,Context (Categories 1-3),1,0.00,28,,,,,,08/2024,Occupational Expert
11-3131.00,Training and Development Managers,4.C.3.d.8,Duration of Typical Work Week,CTP,Context (Categories 1-3),2,50.00,28,,,,,,08/2024,Occupational Expert
11-3131.00,Training and Development Managers,4.C.3.d.8,Duration of Typical Work Week,CTP,Context (Categories 1-3),3,50.00,28,,,,,,08/2024,Occupational Expert
11-9013.00,"Farmers, Ranchers, and Other Agricultural Managers",4.C.3.d.8,Duration of Typical Work Week,CT,Context,,2.67,,,,,N,,11/2020,Analyst - Transition
11-9021.00,Construction Managers,4.C.3.d.8,Duration of Typical Work Week,CT,Context,,2.74,19,,,,,,08/2025,Occupational Expert
11-9021.00,Construction Managers,4.C.3.d.8,Duration of Typical Work Week,CTP,Context (Categories 1-3),1,0.00,19,,,,,,08/2025,Occupational Expert
11-9021.00,Construction Managers,4.C.3.d.8,Duration of Typical Work Week,CTP,Context (Categories 1-3),2,26.32,19,,,,,,08/2025,Occupational Expert
11-9021.00,Construction Managers,4.C.3.d.8,Duration of Typical Work Week,CTP,Context (Categories 1-3),3,73.68,19,,,,,,08/2025,Occupational Expert
11-9031.00,"Education and Childcare Administrators, Preschool and Daycare",4.C.3.d.8,Duration of Typical Work Week,CT,Context,,2.66,32,0.1727,2.3070,3.0000,N,,08/2018,Incumbent
11-9031.00,"Education and Childcare Administrators, Preschool and Daycare",4.C.3.d.8,Duration of Typical Work Week,CTP,Context (Categories 1-3),1,11.16,32,7.8265,2.4468,38.5943,N,,08/2018,Incumbent
11-9031.00,"Education and Childcare Administrators, Preschool and Daycare",4.C.3.d.8,Duration of Typical Work Week,CTP,Context (Categories 1-3),2,11.77,32,6.8144,3.3806,33.7137,N,,08/2018,Incumbent
11-9031.00,"Education and Childcare Administrators, Preschool and Daycare",4.C.3.d.8,Duration of Typical Work Week,CTP,Context (Categories 1-3),3,77.08,32,10.5386,49.9032,91.9011,N,,08/2018,Incumbent
11-9032.00,"Education Administrators, Kindergarten through Secondary",4.C.3.d.8,Duration of Typical Work Week,CT,Context,,2.88,23,0.0612,2.7567,3.0000,N,,08/2025,Incumbent
11-9032.00,"Education Administrators, Kindergarten through Secondary",4.C.3.d.8,Duration of Typical Work Week,CTP,Context (Categories 1-3),1,0.39,23,0.4030,0.0458,3.2487,N,,08/2025,Incumbent
11-9032.00,"Education Administrators, Kindergarten through Secondary",4.C.3.d.8,Duration of Typical Work Week,CTP,Context (Categories 1-3),2,10.86,23,6.0204,3.2424,30.6750,N,,08/2025,Incumbent
11-9032.00,"Education Administrators, Kindergarten through Secondary",4.C.3.d.8,Duration of Typical Work Week,CTP,Context (Categories 1-3),3,88.75,23,6.0578,69.1509,96.5262,N,,08/2025,Incumbent
11-9033.00,"Education Administrators, Postsecondary",4.C.3.d.8,Duration of Typical Work Week,CT,Context,,2.64,42,0.1773,2.2856,3.0000,N,,08/2018,Incumbent
11-9033.00,"Education Administrators, Postsecondary",4.C.3.d.8,Duration of Typical Work Week,CTP,Context (Categories 1-3),1,12.45,42,8.9164,2.6511,42.5953,N,,08/2018,Incumbent
11-9033.00,"Education Administrators, Postsecondary",4.C.3.d.8,Duration of Typical Work Week,CTP,Context (Categories 1-3),2,10.75,42,4.0662,4.8660,22.0846,N,,08/2018,Incumbent
11-9033.00,"Education Administrators, Postsecondary",4.C.3.d.8,Duration of Typical Work Week,CTP,Context (Categories 1-3),3,76.81,42,9.2687,53.6601,90.4499,N,,08/2018,Incumbent
11-9041.00,Architectural and Engineering Managers,4.C.3.d.8,Duration of Typical Work Week,CT,Context,,2.84,20,0.1077,2.6164,3.0000,N,,08/2020,Incumbent
11-9041.00,Architectural and Engineering Managers,4.C.3.d.8,Duration of Typical Work Week,CTP,Context (Categories 1-3),1,0.00,20,0.0000,,,N,,08/2020,Incumbent
11-9041.00,Architectural and Engineering Managers,4.C.3.d.8,Duration of Typical Work Week,CTP,Context (Categories 1-3),2,15.82,20,10.7650,3.3478,50.5040,N,,08/2020,Incumbent
11-9041.00,Architectural and Engineering Managers,4.C.3.d.8,Duration of Typical Work Week,CTP,Context (Categories 1-3),3,84.18,20,10.7650,49.4960,96.6522,N,,08/2020,Incumbent
11-9041.01,Biofuels/Biodiesel Technology and Product Development Managers,4.C.3.d.8,Duration of Typical Work Week,CT,Context,,2.69,36,0.1113,2.4603,2.9122,N,,07/2014,Incumbent
11-9041.01,Biofuels/Biodiesel Technology and Product Development Managers,4.C.3.d.8,Duration of Typical Work Week,CTP,Context (Categories 1-3),1,0.87,36,0.9117,0.1016,7.0025,N,,07/2014,Incumbent
11-9041.01,Biofuels/Biodiesel Technology and Product Development Managers,4.C.3.d.8,Duration of Typical Work Week,CTP,Context (Categories 1-3),2,29.64,36,11.1641,12.4405,55.5332,N,,07/2014,Incumbent
11-9041.01,Biofuels/Biodiesel Technology and Product Development Managers,4.C.3.d.8,Duration of Typical Work Week,CTP,Context (Categories 1-3),3,69.49,36,11.1099,44.0142,86.8435,N,,07/2014,Incumbent
11-9051.00,Food Service Managers,4.C.3.d.8,Duration of Typical Work Week,CT,Context,,2.07,34,0.2738,1.5136,2.6278,N,,08/2025,Incumbent
11-9051.00,Food Service Managers,4.C.3.d.8,Duration of Typical Work Week,CTP,Context (Categories 1-3),1,34.08,34,15.2940,11.4576,67.3772,N,,08/2025,Incumbent
11-9051.00,Food Service Managers,4.C.3.d.8,Duration of Typical Work Week,CTP,Context (Categories 1-3),2,24.77,34,13.4806,7.0257,58.9257,N,,08/2025,Incumbent
11-9051.00,Food Service Managers,4.C.3.d.8,Duration of Typical Work Week,CTP,Context (Categories 1-3),3,41.15,34,15.2273,16.2873,71.5359,N,,08/2025,Incumbent
11-9071.00,Gambling Managers,4.C.3.d.8,Duration of Typical Work Week,CT,Context,,2.42,28,0.1275,2.1621,2.6852,N,,08/2023,Incumbent
11-9071.00,Gambling Managers,4.C.3.d.8,Duration of Typical Work Week,CTP,Context (Categories 1-3),1,4.37,28,4.1756,0.5862,26.1857,N,,08/2023,Incumbent
11-9071.00,Gambling Managers,4.C.3.d.8,Duration of Typical Work Week,CTP,Context (Categories 1-3),2,48.89,28,13.3533,24.2141,74.1159,N,,08/2023,Incumbent
11-9071.00,Gambling Managers,4.C.3.d.8,Duration of Typical Work Week,CTP,Context (Categories 1-3),3,46.74,28,12.3674,24.0485,70.8626,N,,08/2023,Incumbent
11-9072.00,"Entertainment and Recreation Managers, Except Gambling",4.C.3.d.8,Duration of Typical Work Week,CT,Context,,2.20,18,0.1684,1.8490,2.5594,N,,08/2025,Incumbent
11-9072.00,"Entertainment and Recreation Managers, Except Gambling",4.C.3.d.8,Duration of Typical Work Week,CTP,Context (Categories 1-3),1,5.28,18,5.5231,0.5398,36.4186,N,,08/2025,Incumbent
11-9072.00,"Entertainment and Recreation Managers, Except Gambling",4.C.3.d.8,Duration of Typical Work Week,CTP,Context (Categories 1-3),2,69.02,18,17.5150,28.3498,92.6162,N,,08/2025,Incumbent
11-9072.00,"Entertainment and Recreation Managers, Except Gambling",4.C.3.d.8,Duration of Typical Work Week,CTP,Context (Categories 1-3),3,25.70,18,16.2670,5.4220,67.6060,N,,08/2025,Incumbent
11-9081.00,Lodging Managers,4.C.3.d.8,Duration of Typical Work Week,CT,Context,,2.59,15,0.1706,2.2289,2.9607,N,,07/2017,Incumbent
11-9081.00,Lodging Managers,4.C.3.d.8,Duration of Typical Work Week,CTP,Context (Categories 1-3),1,0.00,15,0.0000,,,N,,07/2017,Incumbent
11-9081.00,Lodging Managers,4.C.3.d.8,Duration of Typical Work Week,CTP,Context (Categories 1-3),2,40.52,15,17.0611,12.9859,75.6648,N,,07/2017,Incumbent
11-9081.00,Lodging Managers,4.C.3.d.8,Duration of Typical Work Week,CTP,Context (Categories 1-3),3,59.48,15,17.0611,24.3352,87.0141,N,,07/2017,Incumbent
11-9111.00,Medical and Health Services Managers,4.C.3.d.8,Duration of Typical Work Week,CT,Context,,2.46,28,,,,,,08/2022,Occupational Expert
11-9111.00,Medical and Health Services Managers,4.C.3.d.8,Duration of Typical Work Week,CTP,Context (Categories 1-3),1,3.57,28,,,,,,08/2022,Occupational Expert
11-9111.00,Medical and Health Services Managers,4.C.3.d.8,Duration of Typical Work Week,CTP,Context (Categories 1-3),2,46.43,28,,,,,,08/2022,Occupational Expert
11-9111.00,Medical and Health Services Managers,4.C.3.d.8,Duration of Typical Work Week,CTP,Context (Categories 1-3),3,50.00,28,,,,,,08/2022,Occupational Expert
11-9121.00,Natural Sciences Managers,4.C.3.d.8,Duration of Typical Work Week,CT,Context,,2.56,23,0.1419,2.2696,2.8582,N,,08/2021,Incumbent
11-9121.00,Natural Sciences Managers,4.C.3.d.8,Duration of Typical Work Week,CTP,Context (Categories 1-3),1,0.00,23,0.0000,,,N,,08/2021,Incumbent
11-9121.00,Natural Sciences Managers,4.C.3.d.8,Duration of Typical Work Week,CTP,Context (Categories 1-3),2,43.61,23,14.1896,18.9453,71.9037,N,,08/2021,Incumbent
11-9121.00,Natural Sciences Managers,4.C.3.d.8,Duration of Typical Work Week,CTP,Context (Categories 1-3),3,56.39,23,14.1896,28.0963,81.0547,N,,08/2021,Incumbent
11-9121.01,Clinical Research Coordinators,4.C.3.d.8,Duration of Typical Work Week,CT,Context,,2.29,19,0.1832,1.9013,2.6711,N,,08/2021,Incumbent
11-9121.01,Clinical Research Coordinators,4.C.3.d.8,Duration of Typical Work Week,CTP,Context (Categories 1-3),1,12.71,19,7.9512,3.1295,39.6237,N,,08/2021,Incumbent
11-9121.01,Clinical Research Coordinators,4.C.3.d.8,Duration of Typical Work Week,CTP,Context (Categories 1-3),2,45.96,19,10.8251,25.3959,67.9998,N,,08/2021,Incumbent
11-9121.01,Clinical Research Coordinators,4.C.3.d.8,Duration of Typical Work Week,CTP,Context (Categories 1-3),3,41.33,19,12.7758,18.8879,68.0604,N,,08/2021,Incumbent
11-9121.02,Water Resource Specialists,4.C.3.d.8,Duration of Typical Work Week,CT,Context,,2.41,22,,,,,,08/2020,Occupational Expert
11-9121.02,Water Resource Specialists,4.C.3.d.8,Duration of Typical Work Week,CTP,Context (Categories 1-3),1,0.00,22,,,,,,08/2020,Occupational Expert
11-9121.02,Water Resource Specialists,4.C.3.d.8,Duration of Typical Work Week,CTP,Context (Categories 1-3),2,59.09,22,,,,,,08/2020,Occupational Expert
11-9121.02,Water Resource Specialists,4.C.3.d.8,Duration of Typical Work Week,CTP,Context (Categories 1-3),3,40.91,22,,,,,,08/2020,Occupational Expert
11-9131.00,Postmasters and Mail Superintendents,4.C.3.d.8,Duration of Typical Work Week,CT,Context,,2.67,27,0.1207,2.4184,2.9148,N,,07/2016,Incumbent
11-9131.00,Postmasters and Mail Superintendents,4.C.3.d.8,Duration of Typical Work Week,CTP,Context (Categories 1-3),1,0.00,27,0.0000,,,N,,07/2016,Incumbent
11-9131.00,Postmasters and Mail Superintendents,4.C.3.d.8,Duration of Typical Work Week,CTP,Context (Categories 1-3),2,33.34,27,12.0730,14.0708,60.4392,N,,07/2016,Incumbent
11-9131.00,Postmasters and Mail Superintendents,4.C.3.d.8,Duration of Typical Work Week,CTP,Context (Categories 1-3),3,66.66,27,12.0730,39.5608,85.9292,N,,07/2016,Incumbent
11-9141.00,"Property, Real Estate, and Community Association Managers",4.C.3.d.8,Duration of Typical Work Week,CT,Context,,2.80,20,,,,,,08/2020,Occupational Expert
11-9141.00,"Property, Real Estate, and Community Association Managers",4.C.3.d.8,Duration of Typical Work Week,CTP,Context (Categories 1-3),1,0.00,20,,,,,,08/2020,Occupational Expert
11-9141.00,"Property, Real Estate, and Community Association Managers",4.C.3.d.8,Duration of Typical Work Week,CTP,Context (Categories 1-3),2,20.00,20,,,,,,08/2020,Occupational Expert
11-9141.00,"Property, Real Estate, and Community Association Managers",4.C.3.d.8,Duration of Typical Work Week,CTP,Context (Categories 1-3),3,80.00,20,,,,,,08/2020,Occupational Expert
11-9151.00,Social and Community Service Managers,4.C.3.d.8,Duration of Typical Work Week,CT,Context,,2.50,24,0.1177,2.2552,2.7422,N,,08/2018,Incumbent
11-9151.00,Social and Community Service Managers,4.C.3.d.8,Duration of Typical Work Week,CTP,Context (Categories 1-3),1,4.33,24,3.1885,0.9129,18.1954,N,,08/2018,Incumbent
11-9151.00,Social and Community Service Managers,4.C.3.d.8,Duration of Typical Work Week,CTP,Context (Categories 1-3),2,41.47,24,11.1637,21.4819,64.7210,N,,08/2018,Incumbent
11-9151.00,Social and Community Service Managers,4.C.3.d.8,Duration of Typical Work Week,CTP,Context (Categories 1-3),3,54.20,24,11.0203,32.0838,74.7783,N,,08/2018,Incumbent
11-9161.00,Emergency Management Directors,4.C.3.d.8,Duration of Typical Work Week,CT,Context,,2.50,22,,,,,,08/2023,Occupational Expert
11-9161.00,Emergency Management Directors,4.C.3.d.8,Duration of Typical Work Week,CTP,Context (Categories 1-3),1,9.09,22,,,,,,08/2023,Occupational Expert
11-9161.00,Emergency Management Directors,4.C.3.d.8,Duration of Typical Work Week,CTP,Context (Categories 1-3),2,31.82,22,,,,,,08/2023,Occupational Expert
11-9161.00,Emergency Management Directors,4.C.3.d.8,Duration of Typical Work Week,CTP,Context (Categories 1-3),3,59.09,22,,,,,,08/2023,Occupational Expert
11-9171.00,Funeral Home Managers,4.C.3.d.8,Duration of Typical Work Week,CT,Context,,2.59,20,0.1722,2.2255,2.9462,N,,08/2024,Incumbent
11-9171.00,Funeral Home Managers,4.C.3.d.8,Duration of Typical Work Week,CTP,Context (Categories 1-3),1,8.48,20,8.4739,0.9329,47.6713,N,,08/2024,Incumbent
11-9171.00,Funeral Home Managers,4.C.3.d.8,Duration of Typical Work Week,CTP,Context (Categories 1-3),2,24.46,20,11.5371,8.0583,54.4698,N,,08/2024,Incumbent
11-9171.00,Funeral Home Managers,4.C.3.d.8,Duration of Typical Work Week,CTP,Context (Categories 1-3),3,67.06,20,11.9555,39.6076,86.3402,N,,08/2024,Incumbent
11-9179.01,Fitness and Wellness Coordinators,4.C.3.d.8,Duration of Typical Work Week,CT,Context,,2.38,26,,,,,,08/2022,Occupational Expert
11-9179.01,Fitness and Wellness Coordinators,4.C.3.d.8,Duration of Typical Work Week,CTP,Context (Categories 1-3),1,3.85,26,,,,,,08/2022,Occupational Expert
11-9179.01,Fitness and Wellness Coordinators,4.C.3.d.8,Duration of Typical Work Week,CTP,Context (Categories 1-3),2,53.85,26,,,,,,08/2022,Occupational Expert
11-9179.01,Fitness and Wellness Coordinators,4.C.3.d.8,Duration of Typical Work Week,CTP,Context (Categories 1-3),3,42.31,26,,,,,,08/2022,Occupational Expert
11-9179.02,Spa Managers,4.C.3.d.8,Duration of Typical Work Week,CT,Context,,2.19,17,0.3435,1.4625,2.9189,N,,07/2012,Incumbent
11-9179.02,Spa Managers,4.C.3.d.8,Duration of Typical Work Week,CTP,Context (Categories 1-3),1,32.01,17,16.1540,8.8910,69.4263,N,,07/2012,Incumbent
11-9179.02,Spa Managers,4.C.3.d.8,Duration of Typical Work Week,CTP,Context (Categories 1-3),2,16.91,17,12.1636,3.1469,56.0489,N,,07/2012,Incumbent
11-9179.02,Spa Managers,4.C.3.d.8,Duration of Typical Work Week,CTP,Context (Categories 1-3),3,51.08,17,20.0742,15.9788,85.1475,Y,,07/2012,Incumbent
11-9199.01,Regulatory Affairs Managers,4.C.3.d.8,Duration of Typical Work Week,CT,Context,,2.61,23,,,,,,08/2024,Occupational Expert
11-9199.01,Regulatory Affairs Managers,4.C.3.d.8,Duration of Typical Work Week,CTP,Context (Categories 1-3),1,0.00,23,,,,,,08/2024,Occupational Expert
11-9199.01,Regulatory Affairs Managers,4.C.3.d.8,Duration of Typical Work Week,CTP,Context (Categories 1-3),2,39.13,23,,,,,,08/2024,Occupational Expert
11-9199.01,Regulatory Affairs Managers,4.C.3.d.8,Duration of Typical Work Week,CTP,Context (Categories 1-3),3,60.87,23,,,,,,08/2024,Occupational Expert
11-9199.02,Compliance Managers,4.C.3.d.8,Duration of Typical Work Week,CT,Context,,2.72,26,0.1017,2.5142,2.9329,N,,08/2019,Incumbent
11-9199.02,Compliance Managers,4.C.3.d.8,Duration of Typical Work Week,CTP,Context (Categories 1-3),1,0.00,26,0.0000,,,N,,08/2019,Incumbent
11-9199.02,Compliance Managers,4.C.3.d.8,Duration of Typical Work Week,CTP,Context (Categories 1-3),2,27.65,26,10.1667,11.8269,52.1154,N,,08/2019,Incumbent
11-9199.02,Compliance Managers,4.C.3.d.8,Duration of Typical Work Week,CTP,Context (Categories 1-3),3,72.35,26,10.1667,47.8846,88.1731,N,,08/2019,Incumbent
11-9199.08,Loss Prevention Managers,4.C.3.d.8,Duration of Typical Work Week,CT,Context,,2.68,22,,,,,,08/2019,Occupational Expert
11-9199.08,Loss Prevention Managers,4.C.3.d.8,Duration of Typical Work Week,CTP,Context (Categories 1-3),1,4.55,22,,,,,,08/2019,Occupational Expert
11-9199.08,Loss Prevention Managers,4.C.3.d.8,Duration of Typical Work Week,CTP,Context (Categories 1-3),2,22.73,22,,,,,,08/2019,Occupational Expert
11-9199.08,Loss Prevention Managers,4.C.3.d.8,Duration of Typical Work Week,CTP,Context (Categories 1-3),3,72.73,22,,,,,,08/2019,Occupational Expert
11-9199.09,Wind Energy Operations Managers,4.C.3.d.8,Duration of Typical Work Week,CT,Context,,2.77,21,0.1519,2.4553,3.0000,N,,08/2021,Incumbent
11-9199.09,Wind Energy Operations Managers,4.C.3.d.8,Duration of Typical Work Week,CTP,Context (Categories 1-3),1,0.00,21,0.0000,,,N,,08/2021,Incumbent
11-9199.09,Wind Energy Operations Managers,4.C.3.d.8,Duration of Typical Work Week,CTP,Context (Categories 1-3),2,22.79,21,15.1865,4.6512,64.1090,N,,08/2021,Incumbent
11-9199.09,Wind Energy Operations Managers,4.C.3.d.8,Duration of Typical Work Week,CTP,Context (Categories 1-3),3,77.21,21,15.1865,35.8910,95.3488,N,,08/2021,Incumbent
11-9199.10,Wind Energy Development Managers,4.C.3.d.8,Duration of Typical Work Week,CT,Context,,2.43,19,0.2539,1.8966,2.9633,N,,07/2016,Incumbent
11-9199.10,Wind Energy Development Managers,4.C.3.d.8,Duration of Typical Work Week,CTP,Context (Categories 1-3),1,18.51,19,13.3346,3.4245,59.2692,N,,07/2016,Incumbent
11-9199.10,Wind Energy Development Managers,4.C.3.d.8,Duration of Typical Work Week,CTP,Context (Categories 1-3),2,19.98,19,12.1020,4.8465,55.0514,N,,07/2016,Incumbent
11-9199.10,Wind Energy Development Managers,4.C.3.d.8,Duration of Typical Work Week,CTP,Context (Categories 1-3),3,61.50,19,14.7548,30.1389,85.5431,N,,07/2016,Incumbent
11-9199.11,Brownfield Redevelopment Specialists and Site Managers,4.C.3.d.8,Duration of Typical Work Week,CT,Context,,2.23,22,,,,,,08/2021,Occupational Expert
11-9199.11,Brownfield Redevelopment Specialists and Site Managers,4.C.3.d.8,Duration of Typical Work Week,CTP,Context (Categories 1-3),1,9.09,22,,,,,,08/2021,Occupational Expert
11-9199.11,Brownfield Redevelopment Specialists and Site Managers,4.C.3.d.8,Duration of Typical Work Week,CTP,Context (Categories 1-3),2,59.09,22,,,,,,08/2021,Occupational Expert
11-9199.11,Brownfield Redevelopment Specialists and Site Managers,4.C.3.d.8,Duration of Typical Work Week,CTP,Context (Categories 1-3),3,31.82,22,,,,,,08/2021,Occupational Expert
13-1011.00,"Agents and Business Managers of Artists, Performers, and Athletes",4.C.3.d.8,Duration of Typical Work Week,CT,Context,,2.29,21,0.1860,1.9009,2.6769,N,,08/2020,Incumbent
13-1011.00,"Agents and Business Managers of Artists, Performers, and Athletes",4.C.3.d.8,Duration of Typical Work Week,CTP,Context (Categories 1-3),1,16.34,21,9.4385,4.4223,45.1925,N,,08/2020,Incumbent
13-1011.00,"Agents and Business Managers of Artists, Performers, and Athletes",4.C.3.d.8,Duration of Typical Work Week,CTP,Context (Categories 1-3),2,38.43,21,14.3558,14.9689,68.8732,N,,08/2020,Incumbent
13-1011.00,"Agents and Business Managers of Artists, Performers, and Athletes",4.C.3.d.8,Duration of Typical Work Week,CTP,Context (Categories 1-3),3,45.23,21,13.6724,20.7082,72.3111,N,,08/2020,Incumbent
13-1021.00,"Buyers and Purchasing Agents, Farm Products",4.C.3.d.8,Duration of Typical Work Week,CT,Context,,2.80,26,0.0980,2.5987,3.0000,N,,07/2013,Incumbent
13-1021.00,"Buyers and Purchasing Agents, Farm Products",4.C.3.d.8,Duration of Typical Work Week,CTP,Context (Categories 1-3),1,0.00,26,0.0000,,,N,,07/2013,Incumbent
13-1021.00,"Buyers and Purchasing Agents, Farm Products",4.C.3.d.8,Duration of Typical Work Week,CTP,Context (Categories 1-3),2,19.94,26,9.8037,6.5666,46.8714,N,,07/2013,Incumbent
13-1021.00,"Buyers and Purchasing Agents, Farm Products",4.C.3.d.8,Duration of Typical Work Week,CTP,Context (Categories 1-3),3,80.06,26,9.8037,53.1286,93.4334,N,,07/2013,Incumbent
13-1022.00,"Wholesale and Retail Buyers, Except Farm Products",4.C.3.d.8,Duration of Typical Work Week,CT,Context,,2.83,24,0.1123,2.5989,3.0000,N,,07/2015,Incumbent
13-1022.00,"Wholesale and Retail Buyers, Except Farm Products",4.C.3.d.8,Duration of Typical Work Week,CTP,Context (Categories 1-3),1,4.69,24,4.5724,0.5913,28.9742,N,,07/2015,Incumbent
13-1022.00,"Wholesale and Retail Buyers, Except Farm Products",4.C.3.d.8,Duration of Typical Work Week,CTP,Context (Categories 1-3),2,7.50,24,6.4681,1.1661,35.8034,N,,07/2015,Incumbent
13-1022.00,"Wholesale and Retail Buyers, Except Farm Products",4.C.3.d.8,Duration of Typical Work Week,CTP,Context (Categories 1-3),3,87.80,24,7.9384,60.8378,97.0890,N,,07/2015,Incumbent
13-1023.00,"Purchasing Agents, Except Wholesale, Retail, and Farm Products",4.C.3.d.8,Duration of Typical Work Week,CT,Context,,2.50,20,,,,,,08/2025,Occupational Expert
13-1023.00,"Purchasing Agents, Except Wholesale, Retail, and Farm Products",4.C.3.d.8,Duration of Typical Work Week,CTP,Context (Categories 1-3),1,0.00,20,,,,,,08/2025,Occupational Expert
13-1023.00,"Purchasing Agents, Except Wholesale, Retail, and Farm Products",4.C.3.d.8,Duration of Typical Work Week,CTP,Context (Categories 1-3),2,50.00,20,,,,,,08/2025,Occupational Expert
13-1023.00,"Purchasing Agents, Except Wholesale, Retail, and Farm Products",4.C.3.d.8,Duration of Typical Work Week,CTP,Context (Categories 1-3),3,50.00,20,,,,,,08/2025,Occupational Expert
13-1031.00,"Claims Adjusters, Examiners, and Investigators",4.C.3.d.8,Duration of Typical Work Week,CT,Context,,2.17,46,0.2220,1.7230,2.6172,N,,08/2022,Incumbent
13-1031.00,"Claims Adjusters, Examiners, and Investigators",4.C.3.d.8,Duration of Typical Work Week,CTP,Context (Categories 1-3),1,26.61,46,9.9718,11.4806,50.3514,N,,08/2022,Incumbent
13-1031.00,"Claims Adjusters, Examiners, and Investigators",4.C.3.d.8,Duration of Typical Work Week,CTP,Context (Categories 1-3),2,29.76,46,7.4525,17.1262,46.4902,N,,08/2022,Incumbent
13-1031.00,"Claims Adjusters, Examiners, and Investigators",4.C.3.d.8,Duration of Typical Work Week,CTP,Context (Categories 1-3),3,43.62,46,13.2187,20.7670,69.5530,N,,08/2022,Incumbent
13-1032.00,"Insurance Appraisers, Auto Damage",4.C.3.d.8,Duration of Typical Work Week,CT,Context,,2.39,21,0.1847,2.0074,2.7778,N,,07/2016,Incumbent
13-1032.00,"Insurance Appraisers, Auto Damage",4.C.3.d.8,Duration of Typical Work Week,CTP,Context (Categories 1-3),1,12.70,21,6.6283,4.0144,33.6113,N,,07/2016,Incumbent
13-1032.00,"Insurance Appraisers, Auto Damage",4.C.3.d.8,Duration of Typical Work Week,CTP,Context (Categories 1-3),2,35.33,21,9.2740,18.9838,56.0267,N,,07/2016,Incumbent
13-1032.00,"Insurance Appraisers, Auto Damage",4.C.3.d.8,Duration of Typical Work Week,CTP,Context (Categories 1-3),3,51.96,21,13.0224,26.7045,76.2572,N,,07/2016,Incumbent
13-1041.00,Compliance Officers,4.C.3.d.8,Duration of Typical Work Week,CT,Context,,2.14,,,,,N,,11/2020,Analyst - Transition
13-1041.01,Environmental Compliance Inspectors,4.C.3.d.8,Duration of Typical Work Week,CT,Context,,2.20,20,,,,,,08/2021,Occupational Expert
13-1041.01,Environmental Compliance Inspectors,4.C.3.d.8,Duration of Typical Work Week,CTP,Context (Categories 1-3),1,5.00,20,,,,,,08/2021,Occupational Expert
13-1041.01,Environmental Compliance Inspectors,4.C.3.d.8,Duration of Typical Work Week,CTP,Context (Categories 1-3),2,70.00,20,,,,,,08/2021,Occupational Expert
13-1041.01,Environmental Compliance Inspectors,4.C.3.d.8,Duration of Typical Work Week,CTP,Context (Categories 1-3),3,25.00,20,,,,,,08/2021,Occupational Expert
13-1041.03,Equal Opportunity Representatives and Officers,4.C.3.d.8,Duration of Typical Work Week,CT,Context,,2.21,42,0.1038,2.0034,2.4225,N,,07/2015,Incumbent
13-1041.03,Equal Opportunity Representatives and Officers,4.C.3.d.8,Duration of Typical Work Week,CTP,Context (Categories 1-3),1,7.63,42,4.4303,2.2704,22.7189,N,,07/2015,Incumbent
13-1041.03,Equal Opportunity Representatives and Officers,4.C.3.d.8,Duration of Typical Work Week,CTP,Context (Categories 1-3),2,63.44,42,10.6191,40.7684,81.3923,N,,07/2015,Incumbent
13-1041.03,Equal Opportunity Representatives and Officers,4.C.3.d.8,Duration of Typical Work Week,CTP,Context (Categories 1-3),3,28.93,42,9.5172,13.7794,50.8993,N,,07/2015,Incumbent
13-1041.04,Government Property Inspectors and Investigators,4.C.3.d.8,Duration of Typical Work Week,CT,Context,,2.09,18,0.1070,1.8655,2.3170,N,,07/2016,Incumbent
13-1041.04,Government Property Inspectors and Investigators,4.C.3.d.8,Duration of Typical Work Week,CTP,Context (Categories 1-3),1,0.93,18,0.9879,0.0972,8.2847,N,,07/2016,Incumbent
13-1041.04,Government Property Inspectors and Investigators,4.C.3.d.8,Duration of Typical Work Week,CTP,Context (Categories 1-3),2,89.02,18,11.0255,42.8769,98.8704,N,,07/2016,Incumbent
13-1041.04,Government Property Inspectors and Investigators,4.C.3.d.8,Duration of Typical Work Week,CTP,Context (Categories 1-3),3,10.05,18,10.8193,0.8876,58.2484,N,,07/2016,Incumbent
13-1041.06,Coroners,4.C.3.d.8,Duration of Typical Work Week,CT,Context,,2.50,20,,,,,,08/2024,Occupational Expert
13-1041.06,Coroners,4.C.3.d.8,Duration of Typical Work Week,CTP,Context (Categories 1-3),1,10.00,20,,,,,,08/2024,Occupational Expert
13-1041.06,Coroners,4.C.3.d.8,Duration of Typical Work Week,CTP,Context (Categories 1-3),2,30.00,20,,,,,,08/2024,Occupational Expert
13-1041.06,Coroners,4.C.3.d.8,Duration of Typical Work Week,CTP,Context (Categories 1-3),3,60.00,20,,,,,,08/2024,Occupational Expert
13-1041.07,Regulatory Affairs Specialists,4.C.3.d.8,Duration of Typical Work Week,CT,Context,,2.45,20,,,,,,08/2019,Occupational Expert
13-1041.07,Regulatory Affairs Specialists,4.C.3.d.8,Duration of Typical Work Week,CTP,Context (Categories 1-3),1,0.00,20,,,,,,08/2019,Occupational Expert
13-1041.07,Regulatory Affairs Specialists,4.C.3.d.8,Duration of Typical Work Week,CTP,Context (Categories 1-3),2,55.00,20,,,,,,08/2019,Occupational Expert
13-1041.07,Regulatory Affairs Specialists,4.C.3.d.8,Duration of Typical Work Week,CTP,Context (Categories 1-3),3,45.00,20,,,,,,08/2019,Occupational Expert
13-1041.08,Customs Brokers,4.C.3.d.8,Duration of Typical Work Week,CT,Context,,2.47,19,,,,,,07/2017,Occupational Expert
13-1041.08,Customs Brokers,4.C.3.d.8,Duration of Typical Work Week,CTP,Context (Categories 1-3),1,0.00,19,,,,,,07/2017,Occupational Expert
13-1041.08,Customs Brokers,4.C.3.d.8,Duration of Typical Work Week,CTP,Context (Categories 1-3),2,52.63,19,,,,,,07/2017,Occupational Expert
13-1041.08,Customs Brokers,4.C.3.d.8,Duration of Typical Work Week,CTP,Context (Categories 1-3),3,47.37,19,,,,,,07/2017,Occupational Expert
13-1051.00,Cost Estimators,4.C.3.d.8,Duration of Typical Work Week,CT,Context,,2.45,22,,,,,,08/2023,Occupational Expert
13-1051.00,Cost Estimators,4.C.3.d.8,Duration of Typical Work Week,CTP,Context (Categories 1-3),1,0.00,22,,,,,,08/2023,Occupational Expert
13-1051.00,Cost Estimators,4.C.3.d.8,Duration of Typical Work Week,CTP,Context (Categories 1-3),2,54.55,22,,,,,,08/2023,Occupational Expert
13-1051.00,Cost Estimators,4.C.3.d.8,Duration of Typical Work Week,CTP,Context (Categories 1-3),3,45.45,22,,,,,,08/2023,Occupational Expert
13-1071.00,Human Resources Specialists,4.C.3.d.8,Duration of Typical Work Week,CT,Context,,2.26,38,0.1313,1.9916,2.5236,N,,08/2019,Incumbent
13-1071.00,Human Resources Specialists,4.C.3.d.8,Duration of Typical Work Week,CTP,Context (Categories 1-3),1,2.28,38,1.5046,0.5899,8.3976,N,,08/2019,Incumbent
13-1071.00,Human Resources Specialists,4.C.3.d.8,Duration of Typical Work Week,CTP,Context (Categories 1-3),2,69.68,38,13.6193,38.3671,89.4586,N,,08/2019,Incumbent
13-1071.00,Human Resources Specialists,4.C.3.d.8,Duration of Typical Work Week,CTP,Context (Categories 1-3),3,28.04,38,13.2912,9.3020,59.6802,N,,08/2019,Incumbent
13-1074.00,Farm Labor Contractors,4.C.3.d.8,Duration of Typical Work Week,CT,Context,,2.72,14,0.1837,2.3251,3.0000,N,,06/2008,Incumbent
13-1074.00,Farm Labor Contractors,4.C.3.d.8,Duration of Typical Work Week,CTP,Context (Categories 1-3),1,0.00,14,0.0000,,,Y,,06/2008,Incumbent
13-1074.00,Farm Labor Contractors,4.C.3.d.8,Duration of Typical Work Week,CTP,Context (Categories 1-3),2,27.79,14,18.3736,5.0569,73.5590,Y,,06/2008,Incumbent
13-1074.00,Farm Labor Contractors,4.C.3.d.8,Duration of Typical Work Week,CTP,Context (Categories 1-3),3,72.21,14,18.3736,26.4410,94.9431,Y,,06/2008,Incumbent
13-1075.00,Labor Relations Specialists,4.C.3.d.8,Duration of Typical Work Week,CT,Context,,2.52,21,,,,,,08/2023,Occupational Expert
13-1075.00,Labor Relations Specialists,4.C.3.d.8,Duration of Typical Work Week,CTP,Context (Categories 1-3),1,0.00,21,,,,,,08/2023,Occupational Expert
13-1075.00,Labor Relations Specialists,4.C.3.d.8,Duration of Typical Work Week,CTP,Context (Categories 1-3),2,47.62,21,,,,,,08/2023,Occupational Expert
13-1075.00,Labor Relations Specialists,4.C.3.d.8,Duration of Typical Work Week,CTP,Context (Categories 1-3),3,52.38,21,,,,,,08/2023,Occupational Expert
13-1081.00,Logisticians,4.C.3.d.8,Duration of Typical Work Week,CT,Context,,2.75,24,,,,,,07/2016,Occupational Expert
13-1081.00,Logisticians,4.C.3.d.8,Duration of Typical Work Week,CTP,Context (Categories 1-3),1,0.00,24,,,,,,07/2016,Occupational Expert
13-1081.00,Logisticians,4.C.3.d.8,Duration of Typical Work Week,CTP,Context (Categories 1-3),2,25.00,24,,,,,,07/2016,Occupational Expert
13-1081.00,Logisticians,4.C.3.d.8,Duration of Typical Work Week,CTP,Context (Categories 1-3),3,75.00,24,,,,,,07/2016,Occupational Expert
13-1081.01,Logistics Engineers,4.C.3.d.8,Duration of Typical Work Week,CT,Context,,2.43,23,,,,,,08/2025,Occupational Expert
13-1081.01,Logistics Engineers,4.C.3.d.8,Duration of Typical Work Week,CTP,Context (Categories 1-3),1,0.00,23,,,,,,08/2025,Occupational Expert
13-1081.01,Logistics Engineers,4.C.3.d.8,Duration of Typical Work Week,CTP,Context (Categories 1-3),2,56.52,23,,,,,,08/2025,Occupational Expert
13-1081.01,Logistics Engineers,4.C.3.d.8,Duration of Typical Work Week,CTP,Context (Categories 1-3),3,43.48,23,,,,,,08/2025,Occupational Expert
13-1081.02,Logistics Analysts,4.C.3.d.8,Duration of Typical Work Week,CT,Context,,2.64,22,,,,,,08/2020,Occupational Expert
13-1081.02,Logistics Analysts,4.C.3.d.8,Duration of Typical Work Week,CTP,Context (Categories 1-3),1,0.00,22,,,,,,08/2020,Occupational Expert
13-1081.02,Logistics Analysts,4.C.3.d.8,Duration of Typical Work Week,CTP,Context (Categories 1-3),2,36.36,22,,,,,,08/2020,Occupational Expert
13-1081.02,Logistics Analysts,4.C.3.d.8,Duration of Typical Work Week,CTP,Context (Categories 1-3),3,63.64,22,,,,,,08/2020,Occupational Expert
13-1111.00,Management Analysts,4.C.3.d.8,Duration of Typical Work Week,CT,Context,,2.19,21,,,,,,08/2022,Occupational Expert
13-1111.00,Management Analysts,4.C.3.d.8,Duration of Typical Work Week,CTP,Context (Categories 1-3),1,14.29,21,,,,,,08/2022,Occupational Expert
13-1111.00,Management Analysts,4.C.3.d.8,Duration of Typical Work Week,CTP,Context (Categories 1-3),2,52.38,21,,,,,,08/2022,Occupational Expert
13-1111.00,Management Analysts,4.C.3.d.8,Duration of Typical Work Week,CTP,Context (Categories 1-3),3,33.33,21,,,,,,08/2022,Occupational Expert
13-1121.00,"Meeting, Convention, and Event Planners",4.C.3.d.8,Duration of Typical Work Week,CT,Context,,2.26,25,0.4008,1.4315,3.0000,N,,07/2016,Incumbent
13-1121.00,"Meeting, Convention, and Event Planners",4.C.3.d.8,Duration of Typical Work Week,CTP,Context (Categories 1-3),1,33.51,25,20.8476,6.8110,77.6604,Y,,07/2016,Incumbent
13-1121.00,"Meeting, Convention, and Event Planners",4.C.3.d.8,Duration of Typical Work Week,CTP,Context (Categories 1-3),2,7.10,25,6.8972,0.8747,39.8184,N,,07/2016,Incumbent
13-1121.00,"Meeting, Convention, and Event Planners",4.C.3.d.8,Duration of Typical Work Week,CTP,Context (Categories 1-3),3,59.39,25,19.8084,21.1647,88.8459,Y,,07/2016,Incumbent
13-1131.00,Fundraisers,4.C.3.d.8,Duration of Typical Work Week,CT,Context,,2.81,21,,,,,,08/2021,Occupational Expert
13-1131.00,Fundraisers,4.C.3.d.8,Duration of Typical Work Week,CTP,Context (Categories 1-3),1,0.00,21,,,,,,08/2021,Occupational Expert
13-1131.00,Fundraisers,4.C.3.d.8,Duration of Typical Work Week,CTP,Context (Categories 1-3),2,19.05,21,,,,,,08/2021,Occupational Expert
13-1131.00,Fundraisers,4.C.3.d.8,Duration of Typical Work Week,CTP,Context (Categories 1-3),3,80.95,21,,,,,,08/2021,Occupational Expert
13-1141.00,"Compensation, Benefits, and Job Analysis Specialists",4.C.3.d.8,Duration of Typical Work Week,CT,Context,,2.43,21,,,,,,08/2024,Occupational Expert
13-1141.00,"Compensation, Benefits, and Job Analysis Specialists",4.C.3.d.8,Duration of Typical Work Week,CTP,Context (Categories 1-3),1,0.00,21,,,,,,08/2024,Occupational Expert
13-1141.00,"Compensation, Benefits, and Job Analysis Specialists",4.C.3.d.8,Duration of Typical Work Week,CTP,Context (Categories 1-3),2,57.14,21,,,,,,08/2024,Occupational Expert
13-1141.00,"Compensation, Benefits, and Job Analysis Specialists",4.C.3.d.8,Duration of Typical Work Week,CTP,Context (Categories 1-3),3,42.86,21,,,,,,08/2024,Occupational Expert
13-1151.00,Training and Development Specialists,4.C.3.d.8,Duration of Typical Work Week,CT,Context,,2.39,23,,,,,,08/2022,Occupational Expert
13-1151.00,Training and Development Specialists,4.C.3.d.8,Duration of Typical Work Week,CTP,Context (Categories 1-3),1,0.00,23,,,,,,08/2022,Occupational Expert
13-1151.00,Training and Development Specialists,4.C.3.d.8,Duration of Typical Work Week,CTP,Context (Categories 1-3),2,60.87,23,,,,,,08/2022,Occupational Expert
13-1151.00,Training and Development Specialists,4.C.3.d.8,Duration of Typical Work Week,CTP,Context (Categories 1-3),3,39.13,23,,,,,,08/2022,Occupational Expert
13-1161.00,Market Research Analysts and Marketing Specialists,4.C.3.d.8,Duration of Typical Work Week,CT,Context,,2.65,23,,,,,,08/2018,Occupational Expert
13-1161.00,Market Research Analysts and Marketing Specialists,4.C.3.d.8,Duration of Typical Work Week,CTP,Context (Categories 1-3),1,4.35,23,,,,,,08/2018,Occupational Expert
13-1161.00,Market Research Analysts and Marketing Specialists,4.C.3.d.8,Duration of Typical Work Week,CTP,Context (Categories 1-3),2,26.09,23,,,,,,08/2018,Occupational Expert
13-1161.00,Market Research Analysts and Marketing Specialists,4.C.3.d.8,Duration of Typical Work Week,CTP,Context (Categories 1-3),3,69.57,23,,,,,,08/2018,Occupational Expert
13-1161.01,Search Marketing Strategists,4.C.3.d.8,Duration of Typical Work Week,CT,Context,,2.39,23,,,,,,08/2021,Occupational Expert
13-1161.01,Search Marketing Strategists,4.C.3.d.8,Duration of Typical Work Week,CTP,Context (Categories 1-3),1,0.00,23,,,,,,08/2021,Occupational Expert
13-1161.01,Search Marketing Strategists,4.C.3.d.8,Duration of Typical Work Week,CTP,Context (Categories 1-3),2,60.87,23,,,,,,08/2021,Occupational Expert
13-1161.01,Search Marketing Strategists,4.C.3.d.8,Duration of Typical Work Week,CTP,Context (Categories 1-3),3,39.13,23,,,,,,08/2021,Occupational Expert
13-1199.04,Business Continuity Planners,4.C.3.d.8,Duration of Typical Work Week,CT,Context,,2.39,23,,,,,,08/2025,Occupational Expert
13-1199.04,Business Continuity Planners,4.C.3.d.8,Duration of Typical Work Week,CTP,Context (Categories 1-3),1,4.35,23,,,,,,08/2025,Occupational Expert
13-1199.04,Business Continuity Planners,4.C.3.d.8,Duration of Typical Work Week,CTP,Context (Categories 1-3),2,52.17,23,,,,,,08/2025,Occupational Expert
13-1199.04,Business Continuity Planners,4.C.3.d.8,Duration of Typical Work Week,CTP,Context (Categories 1-3),3,43.48,23,,,,,,08/2025,Occupational Expert
13-1199.05,Sustainability Specialists,4.C.3.d.8,Duration of Typical Work Week,CT,Context,,2.48,23,,,,,,08/2020,Occupational Expert
13-1199.05,Sustainability Specialists,4.C.3.d.8,Duration of Typical Work Week,CTP,Context (Categories 1-3),1,0.00,23,,,,,,08/2020,Occupational Expert
13-1199.05,Sustainability Specialists,4.C.3.d.8,Duration of Typical Work Week,CTP,Context (Categories 1-3),2,52.17,23,,,,,,08/2020,Occupational Expert
13-1199.05,Sustainability Specialists,4.C.3.d.8,Duration of Typical Work Week,CTP,Context (Categories 1-3),3,47.83,23,,,,,,08/2020,Occupational Expert
13-1199.06,Online Merchants,4.C.3.d.8,Duration of Typical Work Week,CT,Context,,2.30,26,0.1654,1.9563,2.6378,N,,07/2014,Incumbent
13-1199.06,Online Merchants,4.C.3.d.8,Duration of Typical Work Week,CTP,Context (Categories 1-3),1,13.90,26,6.6129,4.9188,33.5007,N,,07/2014,Incumbent
13-1199.06,Online Merchants,4.C.3.d.8,Duration of Typical Work Week,CTP,Context (Categories 1-3),2,42.49,26,12.7017,20.2130,68.3085,N,,07/2014,Incumbent
13-1199.06,Online Merchants,4.C.3.d.8,Duration of Typical Work Week,CTP,Context (Categories 1-3),3,43.61,26,13.1835,20.4032,69.9932,N,,07/2014,Incumbent
13-1199.07,Security Management Specialists,4.C.3.d.8,Duration of Typical Work Week,CT,Context,,2.80,20,,,,,,08/2025,Occupational Expert
13-1199.07,Security Management Specialists,4.C.3.d.8,Duration of Typical Work Week,CTP,Context (Categories 1-3),1,0.00,20,,,,,,08/2025,Occupational Expert
13-1199.07,Security Management Specialists,4.C.3.d.8,Duration of Typical Work Week,CTP,Context (Categories 1-3),2,20.00,20,,,,,,08/2025,Occupational Expert
13-1199.07,Security Management Specialists,4.C.3.d.8,Duration of Typical Work Week,CTP,Context (Categories 1-3),3,80.00,20,,,,,,08/2025,Occupational Expert
13-2011.00,Accountants and Auditors,4.C.3.d.8,Duration of Typical Work Week,CT,Context,,2.44,,,,,N,,11/2020,Analyst - Transition
13-2022.00,Appraisers of Personal and Business Property,4.C.3.d.8,Duration of Typical Work Week,CT,Context,,2.17,23,,,,,,08/2025,Occupational Expert
13-2022.00,Appraisers of Personal and Business Property,4.C.3.d.8,Duration of Typical Work Week,CTP,Context (Categories 1-3),1,26.09,23,,,,,,08/2025,Occupational Expert
13-2022.00,Appraisers of Personal and Business Property,4.C.3.d.8,Duration of Typical Work Week,CTP,Context (Categories 1-3),2,30.43,23,,,,,,08/2025,Occupational Expert
13-2022.00,Appraisers of Personal and Business Property,4.C.3.d.8,Duration of Typical Work Week,CTP,Context (Categories 1-3),3,43.48,23,,,,,,08/2025,Occupational Expert
13-2023.00,Appraisers and Assessors of Real Estate,4.C.3.d.8,Duration of Typical Work Week,CT,Context,,2.61,23,,,,,,08/2025,Occupational Expert
13-2023.00,Appraisers and Assessors of Real Estate,4.C.3.d.8,Duration of Typical Work Week,CTP,Context (Categories 1-3),1,8.70,23,,,,,,08/2025,Occupational Expert
13-2023.00,Appraisers and Assessors of Real Estate,4.C.3.d.8,Duration of Typical Work Week,CTP,Context (Categories 1-3),2,21.74,23,,,,,,08/2025,Occupational Expert
13-2023.00,Appraisers and Assessors of Real Estate,4.C.3.d.8,Duration of Typical Work Week,CTP,Context (Categories 1-3),3,69.57,23,,,,,,08/2025,Occupational Expert
13-2031.00,Budget Analysts,4.C.3.d.8,Duration of Typical Work Week,CT,Context,,2.39,17,0.1850,2.0006,2.7851,N,,08/2024,Incumbent
13-2031.00,Budget Analysts,4.C.3.d.8,Duration of Typical Work Week,CTP,Context (Categories 1-3),1,0.57,17,0.6078,0.0604,5.2297,N,,08/2024,Incumbent
13-2031.00,Budget Analysts,4.C.3.d.8,Duration of Typical Work Week,CTP,Context (Categories 1-3),2,59.57,17,18.5852,22.2978,88.3220,Y,,08/2024,Incumbent
13-2031.00,Budget Analysts,4.C.3.d.8,Duration of Typical Work Week,CTP,Context (Categories 1-3),3,39.86,17,18.5348,11.4008,77.3427,Y,,08/2024,Incumbent
13-2041.00,Credit Analysts,4.C.3.d.8,Duration of Typical Work Week,CT,Context,,2.50,20,,,,,,08/2020,Occupational Expert
13-2041.00,Credit Analysts,4.C.3.d.8,Duration of Typical Work Week,CTP,Context (Categories 1-3),1,0.00,20,,,,,,08/2020,Occupational Expert
13-2041.00,Credit Analysts,4.C.3.d.8,Duration of Typical Work Week,CTP,Context (Categories 1-3),2,50.00,20,,,,,,08/2020,Occupational Expert
13-2041.00,Credit Analysts,4.C.3.d.8,Duration of Typical Work Week,CTP,Context (Categories 1-3),3,50.00,20,,,,,,08/2020,Occupational Expert
13-2052.00,Personal Financial Advisors,4.C.3.d.8,Duration of Typical Work Week,CT,Context,,2.50,26,,,,,,08/2024,Occupational Expert
13-2052.00,Personal Financial Advisors,4.C.3.d.8,Duration of Typical Work Week,CTP,Context (Categories 1-3),1,3.85,26,,,,,,08/2024,Occupational Expert
13-2052.00,Personal Financial Advisors,4.C.3.d.8,Duration of Typical Work Week,CTP,Context (Categories 1-3),2,42.31,26,,,,,,08/2024,Occupational Expert
13-2052.00,Personal Financial Advisors,4.C.3.d.8,Duration of Typical Work Week,CTP,Context (Categories 1-3),3,53.85,26,,,,,,08/2024,Occupational Expert
13-2053.00,Insurance Underwriters,4.C.3.d.8,Duration of Typical Work Week,CT,Context,,2.27,30,,,,,,08/2018,Occupational Expert
13-2053.00,Insurance Underwriters,4.C.3.d.8,Duration of Typical Work Week,CTP,Context (Categories 1-3),1,6.67,30,,,,,,08/2018,Occupational Expert
13-2053.00,Insurance Underwriters,4.C.3.d.8,Duration of Typical Work Week,CTP,Context (Categories 1-3),2,60.00,30,,,,,,08/2018,Occupational Expert
13-2053.00,Insurance Underwriters,4.C.3.d.8,Duration of Typical Work Week,CTP,Context (Categories 1-3),3,33.33,30,,,,,,08/2018,Occupational Expert
13-2061.00,Financial Examiners,4.C.3.d.8,Duration of Typical Work Week,CT,Context,,2.17,23,,,,,,08/2020,Occupational Expert
13-2061.00,Financial Examiners,4.C.3.d.8,Duration of Typical Work Week,CTP,Context (Categories 1-3),1,8.70,23,,,,,,08/2020,Occupational Expert
13-2061.00,Financial Examiners,4.C.3.d.8,Duration of Typical Work Week,CTP,Context (Categories 1-3),2,65.22,23,,,,,,08/2020,Occupational Expert
13-2061.00,Financial Examiners,4.C.3.d.8,Duration of Typical Work Week,CTP,Context (Categories 1-3),3,26.09,23,,,,,,08/2020,Occupational Expert
13-2071.00,Credit Counselors,4.C.3.d.8,Duration of Typical Work Week,CT,Context,,2.08,25,,,,,,08/2020,Occupational Expert
13-2071.00,Credit Counselors,4.C.3.d.8,Duration of Typical Work Week,CTP,Context (Categories 1-3),1,4.00,25,,,,,,08/2020,Occupational Expert
13-2071.00,Credit Counselors,4.C.3.d.8,Duration of Typical Work Week,CTP,Context (Categories 1-3),2,84.00,25,,,,,,08/2020,Occupational Expert
13-2071.00,Credit Counselors,4.C.3.d.8,Duration of Typical Work Week,CTP,Context (Categories 1-3),3,12.00,25,,,,,,08/2020,Occupational Expert
13-2072.00,Loan Officers,4.C.3.d.8,Duration of Typical Work Week,CT,Context,,2.42,22,0.2003,1.9997,2.8329,N,,08/2020,Incumbent
13-2072.00,Loan Officers,4.C.3.d.8,Duration of Typical Work Week,CTP,Context (Categories 1-3),1,9.57,22,9.2025,1.1473,49.1280,N,,08/2020,Incumbent
13-2072.00,Loan Officers,4.C.3.d.8,Duration of Typical Work Week,CTP,Context (Categories 1-3),2,39.22,22,13.9730,16.0155,68.5881,N,,08/2020,Incumbent
13-2072.00,Loan Officers,4.C.3.d.8,Duration of Typical Work Week,CTP,Context (Categories 1-3),3,51.21,22,14.6153,23.7179,77.9841,N,,08/2020,Incumbent
13-2081.00,"Tax Examiners and Collectors, and Revenue Agents",4.C.3.d.8,Duration of Typical Work Week,CT,Context,,2.15,23,0.3098,1.5057,2.7905,N,,08/2022,Incumbent
13-2081.00,"Tax Examiners and Collectors, and Revenue Agents",4.C.3.d.8,Duration of Typical Work Week,CTP,Context (Categories 1-3),1,15.84,23,12.2840,2.7084,55.9920,N,,08/2022,Incumbent
13-2081.00,"Tax Examiners and Collectors, and Revenue Agents",4.C.3.d.8,Duration of Typical Work Week,CTP,Context (Categories 1-3),2,53.51,23,22.0932,15.4308,87.8940,Y,,08/2022,Incumbent
13-2081.00,"Tax Examiners and Collectors, and Revenue Agents",4.C.3.d.8,Duration of Typical Work Week,CTP,Context (Categories 1-3),3,30.65,23,23.9354,4.1024,82.0360,Y,,08/2022,Incumbent
13-2082.00,Tax Preparers,4.C.3.d.8,Duration of Typical Work Week,CT,Context,,2.33,21,,,,,,08/2025,Occupational Expert
13-2082.00,Tax Preparers,4.C.3.d.8,Duration of Typical Work Week,CTP,Context (Categories 1-3),1,9.52,21,,,,,,08/2025,Occupational Expert
13-2082.00,Tax Preparers,4.C.3.d.8,Duration of Typical Work Week,CTP,Context (Categories 1-3),2,47.62,21,,,,,,08/2025,Occupational Expert
13-2082.00,Tax Preparers,4.C.3.d.8,Duration of Typical Work Week,CTP,Context (Categories 1-3),3,42.86,21,,,,,,08/2025,Occupational Expert
13-2099.01,Financial Quantitative Analysts,4.C.3.d.8,Duration of Typical Work Week,CT,Context,,2.75,20,,,,,,08/2023,Occupational Expert
13-2099.01,Financial Quantitative Analysts,4.C.3.d.8,Duration of Typical Work Week,CTP,Context (Categories 1-3),1,0.00,20,,,,,,08/2023,Occupational Expert
13-2099.01,Financial Quantitative Analysts,4.C.3.d.8,Duration of Typical Work Week,CTP,Context (Categories 1-3),2,25.00,20,,,,,,08/2023,Occupational Expert
13-2099.01,Financial Quantitative Analysts,4.C.3.d.8,Duration of Typical Work Week,CTP,Context (Categories 1-3),3,75.00,20,,,,,,08/2023,Occupational Expert
13-2099.04,"Fraud Examiners, Investigators and Analysts",4.C.3.d.8,Duration of Typical Work Week,CT,Context,,2.68,25,,,,,,08/2023,Occupational Expert
13-2099.04,"Fraud Examiners, Investigators and Analysts",4.C.3.d.8,Duration of Typical Work Week,CTP,Context (Categories 1-3),1,4.00,25,,,,,,08/2023,Occupational Expert
13-2099.04,"Fraud Examiners, Investigators and Analysts",4.C.3.d.8,Duration of Typical Work Week,CTP,Context (Categories 1-3),2,24.00,25,,,,,,08/2023,Occupational Expert
13-2099.04,"Fraud Examiners, Investigators and Analysts",4.C.3.d.8,Duration of Typical Work Week,CTP,Context (Categories 1-3),3,72.00,25,,,,,,08/2023,Occupational Expert
15-1211.00,Computer Systems Analysts,4.C.3.d.8,Duration of Typical Work Week,CT,Context,,2.56,24,0.1606,2.2289,2.8931,N,,08/2023,Incumbent
15-1211.00,Computer Systems Analysts,4.C.3.d.8,Duration of Typical Work Week,CTP,Context (Categories 1-3),1,0.00,24,0.0000,,,N,,08/2023,Incumbent
15-1211.00,Computer Systems Analysts,4.C.3.d.8,Duration of Typical Work Week,CTP,Context (Categories 1-3),2,43.90,24,16.0561,16.8836,75.0901,N,,08/2023,Incumbent
15-1211.00,Computer Systems Analysts,4.C.3.d.8,Duration of Typical Work Week,CTP,Context (Categories 1-3),3,56.10,24,16.0561,24.9099,83.1164,N,,08/2023,Incumbent
15-1211.01,Health Informatics Specialists,4.C.3.d.8,Duration of Typical Work Week,CT,Context,,2.52,21,,,,,,08/2024,Occupational Expert
15-1211.01,Health Informatics Specialists,4.C.3.d.8,Duration of Typical Work Week,CTP,Context (Categories 1-3),1,0.00,21,,,,,,08/2024,Occupational Expert
15-1211.01,Health Informatics Specialists,4.C.3.d.8,Duration of Typical Work Week,CTP,Context (Categories 1-3),2,47.62,21,,,,,,08/2024,Occupational Expert
15-1211.01,Health Informatics Specialists,4.C.3.d.8,Duration of Typical Work Week,CTP,Context (Categories 1-3),3,52.38,21,,,,,,08/2024,Occupational Expert
15-1212.00,Information Security Analysts,4.C.3.d.8,Duration of Typical Work Week,CT,Context,,2.56,25,0.1200,2.3116,2.8070,N,,08/2018,Incumbent
15-1212.00,Information Security Analysts,4.C.3.d.8,Duration of Typical Work Week,CTP,Context (Categories 1-3),1,6.37,25,5.1330,1.1386,28.6690,N,,08/2018,Incumbent
15-1212.00,Information Security Analysts,4.C.3.d.8,Duration of Typical Work Week,CTP,Context (Categories 1-3),2,31.33,25,8.9132,16.2473,51.7554,N,,08/2018,Incumbent
15-1212.00,Information Security Analysts,4.C.3.d.8,Duration of Typical Work Week,CTP,Context (Categories 1-3),3,62.30,25,9.2405,42.3207,78.8252,N,,08/2018,Incumbent
15-1221.00,Computer and Information Research Scientists,4.C.3.d.8,Duration of Typical Work Week,CT,Context,,2.42,17,0.1661,2.0713,2.7757,N,,08/2019,Incumbent
15-1221.00,Computer and Information Research Scientists,4.C.3.d.8,Duration of Typical Work Week,CTP,Context (Categories 1-3),1,0.00,17,0.0000,,,N,,08/2019,Incumbent
15-1221.00,Computer and Information Research Scientists,4.C.3.d.8,Duration of Typical Work Week,CTP,Context (Categories 1-3),2,57.65,17,16.6135,24.3418,85.2088,N,,08/2019,Incumbent
15-1221.00,Computer and Information Research Scientists,4.C.3.d.8,Duration of Typical Work Week,CTP,Context (Categories 1-3),3,42.35,17,16.6135,14.7912,75.6582,N,,08/2019,Incumbent
15-1231.00,Computer Network Support Specialists,4.C.3.d.8,Duration of Typical Work Week,CT,Context,,2.39,42,0.1308,2.1292,2.6575,N,,07/2014,Incumbent
15-1231.00,Computer Network Support Specialists,4.C.3.d.8,Duration of Typical Work Week,CTP,Context (Categories 1-3),1,6.82,42,5.9442,1.0925,32.6259,N,,07/2014,Incumbent
15-1231.00,Computer Network Support Specialists,4.C.3.d.8,Duration of Typical Work Week,CTP,Context (Categories 1-3),2,47.03,42,9.2672,29.5252,65.3060,N,,07/2014,Incumbent
15-1231.00,Computer Network Support Specialists,4.C.3.d.8,Duration of Typical Work Week,CTP,Context (Categories 1-3),3,46.15,42,9.6516,28.1178,65.2494,N,,07/2014,Incumbent
15-1232.00,Computer User Support Specialists,4.C.3.d.8,Duration of Typical Work Week,CT,Context,,2.57,26,0.2147,2.1318,3.0000,N,,08/2023,Incumbent
15-1232.00,Computer User Support Specialists,4.C.3.d.8,Duration of Typical Work Week,CTP,Context (Categories 1-3),1,0.71,26,0.5858,0.1266,3.8258,N,,08/2023,Incumbent
15-1232.00,Computer User Support Specialists,4.C.3.d.8,Duration of Typical Work Week,CTP,Context (Categories 1-3),2,41.18,26,21.3979,10.1939,81.1978,Y,,08/2023,Incumbent
15-1232.00,Computer User Support Specialists,4.C.3.d.8,Duration of Typical Work Week,CTP,Context (Categories 1-3),3,58.11,26,21.4276,18.4592,89.4769,Y,,08/2023,Incumbent
15-1241.00,Computer Network Architects,4.C.3.d.8,Duration of Typical Work Week,CT,Context,,2.60,20,,,,,,08/2024,Occupational Expert
15-1241.00,Computer Network Architects,4.C.3.d.8,Duration of Typical Work Week,CTP,Context (Categories 1-3),1,0.00,20,,,,,,08/2024,Occupational Expert
15-1241.00,Computer Network Architects,4.C.3.d.8,Duration of Typical Work Week,CTP,Context (Categories 1-3),2,40.00,20,,,,,,08/2024,Occupational Expert
15-1241.00,Computer Network Architects,4.C.3.d.8,Duration of Typical Work Week,CTP,Context (Categories 1-3),3,60.00,20,,,,,,08/2024,Occupational Expert
15-1241.01,Telecommunications Engineering Specialists,4.C.3.d.8,Duration of Typical Work Week,CT,Context,,2.52,21,,,,,,08/2020,Occupational Expert
15-1241.01,Telecommunications Engineering Specialists,4.C.3.d.8,Duration of Typical Work Week,CTP,Context (Categories 1-3),1,0.00,21,,,,,,08/2020,Occupational Expert
15-1241.01,Telecommunications Engineering Specialists,4.C.3.d.8,Duration of Typical Work Week,CTP,Context (Categories 1-3),2,47.62,21,,,,,,08/2020,Occupational Expert
15-1241.01,Telecommunications Engineering Specialists,4.C.3.d.8,Duration of Typical Work Week,CTP,Context (Categories 1-3),3,52.38,21,,,,,,08/2020,Occupational Expert
15-1242.00,Database Administrators,4.C.3.d.8,Duration of Typical Work Week,CT,Context,,2.01,22,0.1506,1.6950,2.3215,N,,08/2023,Incumbent
15-1242.00,Database Administrators,4.C.3.d.8,Duration of Typical Work Week,CTP,Context (Categories 1-3),1,15.34,22,9.1069,4.0468,43.7853,N,,08/2023,Incumbent
15-1242.00,Database Administrators,4.C.3.d.8,Duration of Typical Work Week,CTP,Context (Categories 1-3),2,68.49,22,13.1610,37.9437,88.5375,N,,08/2023,Incumbent
15-1242.00,Database Administrators,4.C.3.d.8,Duration of Typical Work Week,CTP,Context (Categories 1-3),3,16.17,22,10.8223,3.5369,50.3671,N,,08/2023,Incumbent
15-1243.00,Database Architects,4.C.3.d.8,Duration of Typical Work Week,CT,Context,,2.43,21,,,,,,08/2023,Occupational Expert
15-1243.00,Database Architects,4.C.3.d.8,Duration of Typical Work Week,CTP,Context (Categories 1-3),1,0.00,21,,,,,,08/2023,Occupational Expert
15-1243.00,Database Architects,4.C.3.d.8,Duration of Typical Work Week,CTP,Context (Categories 1-3),2,57.14,21,,,,,,08/2023,Occupational Expert
15-1243.00,Database Architects,4.C.3.d.8,Duration of Typical Work Week,CTP,Context (Categories 1-3),3,42.86,21,,,,,,08/2023,Occupational Expert
15-1243.01,Data Warehousing Specialists,4.C.3.d.8,Duration of Typical Work Week,CT,Context,,2.48,23,,,,,,08/2018,Occupational Expert
15-1243.01,Data Warehousing Specialists,4.C.3.d.8,Duration of Typical Work Week,CTP,Context (Categories 1-3),1,0.00,23,,,,,,08/2018,Occupational Expert
15-1243.01,Data Warehousing Specialists,4.C.3.d.8,Duration of Typical Work Week,CTP,Context (Categories 1-3),2,52.17,23,,,,,,08/2018,Occupational Expert
15-1243.01,Data Warehousing Specialists,4.C.3.d.8,Duration of Typical Work Week,CTP,Context (Categories 1-3),3,47.83,23,,,,,,08/2018,Occupational Expert
15-1244.00,Network and Computer Systems Administrators,4.C.3.d.8,Duration of Typical Work Week,CT,Context,,2.32,41,0.1852,1.9450,2.6936,N,,07/2017,Incumbent
15-1244.00,Network and Computer Systems Administrators,4.C.3.d.8,Duration of Typical Work Week,CTP,Context (Categories 1-3),1,9.75,41,8.5261,1.4995,43.3714,N,,07/2017,Incumbent
15-1244.00,Network and Computer Systems Administrators,4.C.3.d.8,Duration of Typical Work Week,CTP,Context (Categories 1-3),2,48.58,41,14.9850,21.9381,76.0523,N,,07/2017,Incumbent
15-1244.00,Network and Computer Systems Administrators,4.C.3.d.8,Duration of Typical Work Week,CTP,Context (Categories 1-3),3,41.68,41,14.5292,17.5930,70.5154,N,,07/2017,Incumbent
15-1251.00,Computer Programmers,4.C.3.d.8,Duration of Typical Work Week,CT,Context,,2.31,23,0.3286,1.6280,2.9910,N,,08/2018,Incumbent
15-1251.00,Computer Programmers,4.C.3.d.8,Duration of Typical Work Week,CTP,Context (Categories 1-3),1,22.35,23,16.8696,3.6935,68.3628,Y,,08/2018,Incumbent
15-1251.00,Computer Programmers,4.C.3.d.8,Duration of Typical Work Week,CTP,Context (Categories 1-3),2,24.34,23,14.4760,5.9305,62.1547,N,,08/2018,Incumbent
15-1251.00,Computer Programmers,4.C.3.d.8,Duration of Typical Work Week,CTP,Context (Categories 1-3),3,53.30,23,18.9767,19.0187,84.7281,Y,,08/2018,Incumbent
15-1252.00,Software Developers,4.C.3.d.8,Duration of Typical Work Week,CT,Context,,2.06,28,0.0507,1.9583,2.1663,N,,08/2025,Incumbent
15-1252.00,Software Developers,4.C.3.d.8,Duration of Typical Work Week,CTP,Context (Categories 1-3),1,1.71,28,1.5423,0.2649,10.2516,N,,08/2025,Incumbent
15-1252.00,Software Developers,4.C.3.d.8,Duration of Typical Work Week,CTP,Context (Categories 1-3),2,90.35,28,5.6945,71.0255,97.2801,N,,08/2025,Incumbent
15-1252.00,Software Developers,4.C.3.d.8,Duration of Typical Work Week,CTP,Context (Categories 1-3),3,7.94,28,5.1653,1.9816,26.8840,N,,08/2025,Incumbent
15-1253.00,Software Quality Assurance Analysts and Testers,4.C.3.d.8,Duration of Typical Work Week,CT,Context,,2.41,34,,,,,,08/2022,Occupational Expert
15-1253.00,Software Quality Assurance Analysts and Testers,4.C.3.d.8,Duration of Typical Work Week,CTP,Context (Categories 1-3),1,0.00,34,,,,,,08/2022,Occupational Expert
15-1253.00,Software Quality Assurance Analysts and Testers,4.C.3.d.8,Duration of Typical Work Week,CTP,Context (Categories 1-3),2,58.82,34,,,,,,08/2022,Occupational Expert
15-1253.00,Software Quality Assurance Analysts and Testers,4.C.3.d.8,Duration of Typical Work Week,CTP,Context (Categories 1-3),3,41.18,34,,,,,,08/2022,Occupational Expert
15-1254.00,Web Developers,4.C.3.d.8,Duration of Typical Work Week,CT,Context,,2.58,24,,,,,,07/2017,Occupational Expert
15-1254.00,Web Developers,4.C.3.d.8,Duration of Typical Work Week,CTP,Context (Categories 1-3),1,4.17,24,,,,,,07/2017,Occupational Expert
15-1254.00,Web Developers,4.C.3.d.8,Duration of Typical Work Week,CTP,Context (Categories 1-3),2,33.33,24,,,,,,07/2017,Occupational Expert
15-1254.00,Web Developers,4.C.3.d.8,Duration of Typical Work Week,CTP,Context (Categories 1-3),3,62.50,24,,,,,,07/2017,Occupational Expert
15-1255.01,Video Game Designers,4.C.3.d.8,Duration of Typical Work Week,CT,Context,,3.00,20,,,,,,08/2022,Occupational Expert
15-1255.01,Video Game Designers,4.C.3.d.8,Duration of Typical Work Week,CTP,Context (Categories 1-3),1,0.00,20,,,,,,08/2022,Occupational Expert
15-1255.01,Video Game Designers,4.C.3.d.8,Duration of Typical Work Week,CTP,Context (Categories 1-3),2,0.00,20,,,,,,08/2022,Occupational Expert
15-1255.01,Video Game Designers,4.C.3.d.8,Duration of Typical Work Week,CTP,Context (Categories 1-3),3,100.00,20,,,,,,08/2022,Occupational Expert
15-1299.01,Web Administrators,4.C.3.d.8,Duration of Typical Work Week,CT,Context,,2.30,20,,,,,,08/2018,Occupational Expert
15-1299.01,Web Administrators,4.C.3.d.8,Duration of Typical Work Week,CTP,Context (Categories 1-3),1,5.00,20,,,,,,08/2018,Occupational Expert
15-1299.01,Web Administrators,4.C.3.d.8,Duration of Typical Work Week,CTP,Context (Categories 1-3),2,60.00,20,,,,,,08/2018,Occupational Expert
15-1299.01,Web Administrators,4.C.3.d.8,Duration of Typical Work Week,CTP,Context (Categories 1-3),3,35.00,20,,,,,,08/2018,Occupational Expert
15-1299.02,Geographic Information Systems Technologists and Technicians,4.C.3.d.8,Duration of Typical Work Week,CT,Context,,2.08,,,,,N,,11/2020,Analyst - Transition
15-1299.03,Document Management Specialists,4.C.3.d.8,Duration of Typical Work Week,CT,Context,,2.21,19,,,,,,08/2021,Occupational Expert
15-1299.03,Document Management Specialists,4.C.3.d.8,Duration of Typical Work Week,CTP,Context (Categories 1-3),1,0.00,19,,,,,,08/2021,Occupational Expert
15-1299.03,Document Management Specialists,4.C.3.d.8,Duration of Typical Work Week,CTP,Context (Categories 1-3),2,78.95,19,,,,,,08/2021,Occupational Expert
15-1299.03,Document Management Specialists,4.C.3.d.8,Duration of Typical Work Week,CTP,Context (Categories 1-3),3,21.05,19,,,,,,08/2021,Occupational Expert
15-1299.05,Information Security Engineers,4.C.3.d.8,Duration of Typical Work Week,CT,Context,,2.42,19,,,,,,08/2025,Occupational Expert
15-1299.05,Information Security Engineers,4.C.3.d.8,Duration of Typical Work Week,CTP,Context (Categories 1-3),1,10.53,19,,,,,,08/2025,Occupational Expert
15-1299.05,Information Security Engineers,4.C.3.d.8,Duration of Typical Work Week,CTP,Context (Categories 1-3),2,36.84,19,,,,,,08/2025,Occupational Expert
15-1299.05,Information Security Engineers,4.C.3.d.8,Duration of Typical Work Week,CTP,Context (Categories 1-3),3,52.63,19,,,,,,08/2025,Occupational Expert
15-1299.08,Computer Systems Engineers/Architects,4.C.3.d.8,Duration of Typical Work Week,CT,Context,,2.41,22,,,,,,08/2024,Occupational Expert
15-1299.08,Computer Systems Engineers/Architects,4.C.3.d.8,Duration of Typical Work Week,CTP,Context (Categories 1-3),1,0.00,22,,,,,,08/2024,Occupational Expert
15-1299.08,Computer Systems Engineers/Architects,4.C.3.d.8,Duration of Typical Work Week,CTP,Context (Categories 1-3),2,59.09,22,,,,,,08/2024,Occupational Expert
15-1299.08,Computer Systems Engineers/Architects,4.C.3.d.8,Duration of Typical Work Week,CTP,Context (Categories 1-3),3,40.91,22,,,,,,08/2024,Occupational Expert
15-1299.09,Information Technology Project Managers,4.C.3.d.8,Duration of Typical Work Week,CT,Context,,2.60,20,,,,,,08/2019,Occupational Expert
15-1299.09,Information Technology Project Managers,4.C.3.d.8,Duration of Typical Work Week,CTP,Context (Categories 1-3),1,0.00,20,,,,,,08/2019,Occupational Expert
15-1299.09,Information Technology Project Managers,4.C.3.d.8,Duration of Typical Work Week,CTP,Context (Categories 1-3),2,40.00,20,,,,,,08/2019,Occupational Expert
15-1299.09,Information Technology Project Managers,4.C.3.d.8,Duration of Typical Work Week,CTP,Context (Categories 1-3),3,60.00,20,,,,,,08/2019,Occupational Expert
15-2011.00,Actuaries,4.C.3.d.8,Duration of Typical Work Week,CT,Context,,2.57,28,,,,,,08/2023,Occupational Expert
15-2011.00,Actuaries,4.C.3.d.8,Duration of Typical Work Week,CTP,Context (Categories 1-3),1,0.00,28,,,,,,08/2023,Occupational Expert
15-2011.00,Actuaries,4.C.3.d.8,Duration of Typical Work Week,CTP,Context (Categories 1-3),2,42.86,28,,,,,,08/2023,Occupational Expert
15-2011.00,Actuaries,4.C.3.d.8,Duration of Typical Work Week,CTP,Context (Categories 1-3),3,57.14,28,,,,,,08/2023,Occupational Expert
15-2021.00,Mathematicians,4.C.3.d.8,Duration of Typical Work Week,CT,Context,,2.55,20,,,,,,08/2025,Occupational Expert
15-2021.00,Mathematicians,4.C.3.d.8,Duration of Typical Work Week,CTP,Context (Categories 1-3),1,5.00,20,,,,,,08/2025,Occupational Expert
15-2021.00,Mathematicians,4.C.3.d.8,Duration of Typical Work Week,CTP,Context (Categories 1-3),2,35.00,20,,,,,,08/2025,Occupational Expert
15-2021.00,Mathematicians,4.C.3.d.8,Duration of Typical Work Week,CTP,Context (Categories 1-3),3,60.00,20,,,,,,08/2025,Occupational Expert
15-2031.00,Operations Research Analysts,4.C.3.d.8,Duration of Typical Work Week,CT,Context,,2.57,21,,,,,,08/2024,Occupational Expert
15-2031.00,Operations Research Analysts,4.C.3.d.8,Duration of Typical Work Week,CTP,Context (Categories 1-3),1,0.00,21,,,,,,08/2024,Occupational Expert
15-2031.00,Operations Research Analysts,4.C.3.d.8,Duration of Typical Work Week,CTP,Context (Categories 1-3),2,42.86,21,,,,,,08/2024,Occupational Expert
15-2031.00,Operations Research Analysts,4.C.3.d.8,Duration of Typical Work Week,CTP,Context (Categories 1-3),3,57.14,21,,,,,,08/2024,Occupational Expert
15-2041.00,Statisticians,4.C.3.d.8,Duration of Typical Work Week,CT,Context,,2.48,21,,,,,,08/2024,Occupational Expert
15-2041.00,Statisticians,4.C.3.d.8,Duration of Typical Work Week,CTP,Context (Categories 1-3),1,0.00,21,,,,,,08/2024,Occupational Expert
15-2041.00,Statisticians,4.C.3.d.8,Duration of Typical Work Week,CTP,Context (Categories 1-3),2,52.38,21,,,,,,08/2024,Occupational Expert
15-2041.00,Statisticians,4.C.3.d.8,Duration of Typical Work Week,CTP,Context (Categories 1-3),3,47.62,21,,,,,,08/2024,Occupational Expert
15-2041.01,Biostatisticians,4.C.3.d.8,Duration of Typical Work Week,CT,Context,,2.33,24,,,,,,08/2021,Occupational Expert
15-2041.01,Biostatisticians,4.C.3.d.8,Duration of Typical Work Week,CTP,Context (Categories 1-3),1,0.00,24,,,,,,08/2021,Occupational Expert
15-2041.01,Biostatisticians,4.C.3.d.8,Duration of Typical Work Week,CTP,Context (Categories 1-3),2,66.67,24,,,,,,08/2021,Occupational Expert
15-2041.01,Biostatisticians,4.C.3.d.8,Duration of Typical Work Week,CTP,Context (Categories 1-3),3,33.33,24,,,,,,08/2021,Occupational Expert
15-2051.01,Business Intelligence Analysts,4.C.3.d.8,Duration of Typical Work Week,CT,Context,,2.33,21,,,,,,08/2024,Occupational Expert
15-2051.01,Business Intelligence Analysts,4.C.3.d.8,Duration of Typical Work Week,CTP,Context (Categories 1-3),1,0.00,21,,,,,,08/2024,Occupational Expert
15-2051.01,Business Intelligence Analysts,4.C.3.d.8,Duration of Typical Work Week,CTP,Context (Categories 1-3),2,66.67,21,,,,,,08/2024,Occupational Expert
15-2051.01,Business Intelligence Analysts,4.C.3.d.8,Duration of Typical Work Week,CTP,Context (Categories 1-3),3,33.33,21,,,,,,08/2024,Occupational Expert
15-2051.02,Clinical Data Managers,4.C.3.d.8,Duration of Typical Work Week,CT,Context,,2.30,20,,,,,,07/2016,Occupational Expert
15-2051.02,Clinical Data Managers,4.C.3.d.8,Duration of Typical Work Week,CTP,Context (Categories 1-3),1,0.00,20,,,,,,07/2016,Occupational Expert
15-2051.02,Clinical Data Managers,4.C.3.d.8,Duration of Typical Work Week,CTP,Context (Categories 1-3),2,70.00,20,,,,,,07/2016,Occupational Expert
15-2051.02,Clinical Data Managers,4.C.3.d.8,Duration of Typical Work Week,CTP,Context (Categories 1-3),3,30.00,20,,,,,,07/2016,Occupational Expert
15-2099.01,Bioinformatics Technicians,4.C.3.d.8,Duration of Typical Work Week,CT,Context,,2.19,22,0.3180,1.5242,2.8468,N,,07/2014,Incumbent
15-2099.01,Bioinformatics Technicians,4.C.3.d.8,Duration of Typical Work Week,CTP,Context (Categories 1-3),1,25.69,22,15.6806,5.8975,65.6127,N,,07/2014,Incumbent
15-2099.01,Bioinformatics Technicians,4.C.3.d.8,Duration of Typical Work Week,CTP,Context (Categories 1-3),2,30.06,22,11.6984,11.9017,57.7536,N,,07/2014,Incumbent
15-2099.01,Bioinformatics Technicians,4.C.3.d.8,Duration of Typical Work Week,CTP,Context (Categories 1-3),3,44.25,22,18.1153,14.7009,78.5161,Y,,07/2014,Incumbent
17-1011.00,"Architects, Except Landscape and Naval",4.C.3.d.8,Duration of Typical Work Week,CT,Context,,2.85,20,,,,,,08/2021,Occupational Expert
17-1011.00,"Architects, Except Landscape and Naval",4.C.3.d.8,Duration of Typical Work Week,CTP,Context (Categories 1-3),1,0.00,20,,,,,,08/2021,Occupational Expert
17-1011.00,"Architects, Except Landscape and Naval",4.C.3.d.8,Duration of Typical Work Week,CTP,Context (Categories 1-3),2,15.00,20,,,,,,08/2021,Occupational Expert
17-1011.00,"Architects, Except Landscape and Naval",4.C.3.d.8,Duration of Typical Work Week,CTP,Context (Categories 1-3),3,85.00,20,,,,,,08/2021,Occupational Expert
17-1012.00,Landscape Architects,4.C.3.d.8,Duration of Typical Work Week,CT,Context,,2.60,20,,,,,,08/2025,Occupational Expert
17-1012.00,Landscape Architects,4.C.3.d.8,Duration of Typical Work Week,CTP,Context (Categories 1-3),1,5.00,20,,,,,,08/2025,Occupational Expert
17-1012.00,Landscape Architects,4.C.3.d.8,Duration of Typical Work Week,CTP,Context (Categories 1-3),2,30.00,20,,,,,,08/2025,Occupational Expert
17-1012.00,Landscape Architects,4.C.3.d.8,Duration of Typical Work Week,CTP,Context (Categories 1-3),3,65.00,20,,,,,,08/2025,Occupational Expert
17-1021.00,Cartographers and Photogrammetrists,4.C.3.d.8,Duration of Typical Work Week,CT,Context,,2.32,16,0.2832,1.7135,2.9208,N,,08/2018,Incumbent
17-1021.00,Cartographers and Photogrammetrists,4.C.3.d.8,Duration of Typical Work Week,CTP,Context (Categories 1-3),1,11.32,16,10.7264,1.2910,55.4595,N,,08/2018,Incumbent
17-1021.00,Cartographers and Photogrammetrists,4.C.3.d.8,Duration of Typical Work Week,CTP,Context (Categories 1-3),2,45.65,16,24.8950,9.0042,87.6992,Y,,08/2018,Incumbent
17-1021.00,Cartographers and Photogrammetrists,4.C.3.d.8,Duration of Typical Work Week,CTP,Context (Categories 1-3),3,43.03,16,24.4114,8.2945,86.3181,Y,,08/2018,Incumbent
17-1022.00,Surveyors,4.C.3.d.8,Duration of Typical Work Week,CT,Context,,2.45,20,,,,,,08/2023,Occupational Expert
17-1022.00,Surveyors,4.C.3.d.8,Duration of Typical Work Week,CTP,Context (Categories 1-3),1,0.00,20,,,,,,08/2023,Occupational Expert
17-1022.00,Surveyors,4.C.3.d.8,Duration of Typical Work Week,CTP,Context (Categories 1-3),2,55.00,20,,,,,,08/2023,Occupational Expert
17-1022.00,Surveyors,4.C.3.d.8,Duration of Typical Work Week,CTP,Context (Categories 1-3),3,45.00,20,,,,,,08/2023,Occupational Expert
17-1022.01,Geodetic Surveyors,4.C.3.d.8,Duration of Typical Work Week,CT,Context,,2.52,27,,,,,,08/2022,Occupational Expert
17-1022.01,Geodetic Surveyors,4.C.3.d.8,Duration of Typical Work Week,CTP,Context (Categories 1-3),1,0.00,27,,,,,,08/2022,Occupational Expert
17-1022.01,Geodetic Surveyors,4.C.3.d.8,Duration of Typical Work Week,CTP,Context (Categories 1-3),2,48.15,27,,,,,,08/2022,Occupational Expert
17-1022.01,Geodetic Surveyors,4.C.3.d.8,Duration of Typical Work Week,CTP,Context (Categories 1-3),3,51.85,27,,,,,,08/2022,Occupational Expert
17-2011.00,Aerospace Engineers,4.C.3.d.8,Duration of Typical Work Week,CT,Context,,2.60,27,0.1427,2.3094,2.8961,N,,07/2015,Incumbent
17-2011.00,Aerospace Engineers,4.C.3.d.8,Duration of Typical Work Week,CTP,Context (Categories 1-3),1,0.00,27,0.0000,,,N,,07/2015,Incumbent
17-2011.00,Aerospace Engineers,4.C.3.d.8,Duration of Typical Work Week,CTP,Context (Categories 1-3),2,39.72,27,14.2710,16.2185,69.1722,N,,07/2015,Incumbent
17-2011.00,Aerospace Engineers,4.C.3.d.8,Duration of Typical Work Week,CTP,Context (Categories 1-3),3,60.28,27,14.2710,30.8278,83.7815,N,,07/2015,Incumbent
17-2021.00,Agricultural Engineers,4.C.3.d.8,Duration of Typical Work Week,CT,Context,,2.65,20,,,,,,08/2024,Occupational Expert
17-2021.00,Agricultural Engineers,4.C.3.d.8,Duration of Typical Work Week,CTP,Context (Categories 1-3),1,0.00,20,,,,,,08/2024,Occupational Expert
17-2021.00,Agricultural Engineers,4.C.3.d.8,Duration of Typical Work Week,CTP,Context (Categories 1-3),2,35.00,20,,,,,,08/2024,Occupational Expert
17-2021.00,Agricultural Engineers,4.C.3.d.8,Duration of Typical Work Week,CTP,Context (Categories 1-3),3,65.00,20,,,,,,08/2024,Occupational Expert
17-2031.00,Bioengineers and Biomedical Engineers,4.C.3.d.8,Duration of Typical Work Week,CT,Context,,2.43,23,,,,,,08/2024,Occupational Expert
17-2031.00,Bioengineers and Biomedical Engineers,4.C.3.d.8,Duration of Typical Work Week,CTP,Context (Categories 1-3),1,0.00,23,,,,,,08/2024,Occupational Expert
17-2031.00,Bioengineers and Biomedical Engineers,4.C.3.d.8,Duration of Typical Work Week,CTP,Context (Categories 1-3),2,56.52,23,,,,,,08/2024,Occupational Expert
17-2031.00,Bioengineers and Biomedical Engineers,4.C.3.d.8,Duration of Typical Work Week,CTP,Context (Categories 1-3),3,43.48,23,,,,,,08/2024,Occupational Expert
17-2041.00,Chemical Engineers,4.C.3.d.8,Duration of Typical Work Week,CT,Context,,2.70,23,,,,,,08/2025,Occupational Expert
17-2041.00,Chemical Engineers,4.C.3.d.8,Duration of Typical Work Week,CTP,Context (Categories 1-3),1,0.00,23,,,,,,08/2025,Occupational Expert
17-2041.00,Chemical Engineers,4.C.3.d.8,Duration of Typical Work Week,CTP,Context (Categories 1-3),2,30.43,23,,,,,,08/2025,Occupational Expert
17-2041.00,Chemical Engineers,4.C.3.d.8,Duration of Typical Work Week,CTP,Context (Categories 1-3),3,69.57,23,,,,,,08/2025,Occupational Expert
17-2051.00,Civil Engineers,4.C.3.d.8,Duration of Typical Work Week,CT,Context,,2.57,21,,,,,,08/2021,Occupational Expert
17-2051.00,Civil Engineers,4.C.3.d.8,Duration of Typical Work Week,CTP,Context (Categories 1-3),1,0.00,21,,,,,,08/2021,Occupational Expert
17-2051.00,Civil Engineers,4.C.3.d.8,Duration of Typical Work Week,CTP,Context (Categories 1-3),2,42.86,21,,,,,,08/2021,Occupational Expert
17-2051.00,Civil Engineers,4.C.3.d.8,Duration of Typical Work Week,CTP,Context (Categories 1-3),3,57.14,21,,,,,,08/2021,Occupational Expert
17-2051.01,Transportation Engineers,4.C.3.d.8,Duration of Typical Work Week,CT,Context,,2.41,22,,,,,,08/2023,Occupational Expert
17-2051.01,Transportation Engineers,4.C.3.d.8,Duration of Typical Work Week,CTP,Context (Categories 1-3),1,0.00,22,,,,,,08/2023,Occupational Expert
17-2051.01,Transportation Engineers,4.C.3.d.8,Duration of Typical Work Week,CTP,Context (Categories 1-3),2,59.09,22,,,,,,08/2023,Occupational Expert
17-2051.01,Transportation Engineers,4.C.3.d.8,Duration of Typical Work Week,CTP,Context (Categories 1-3),3,40.91,22,,,,,,08/2023,Occupational Expert
17-2051.02,Water/Wastewater Engineers,4.C.3.d.8,Duration of Typical Work Week,CT,Context,,2.65,23,,,,,,08/2020,Occupational Expert
17-2051.02,Water/Wastewater Engineers,4.C.3.d.8,Duration of Typical Work Week,CTP,Context (Categories 1-3),1,0.00,23,,,,,,08/2020,Occupational Expert
17-2051.02,Water/Wastewater Engineers,4.C.3.d.8,Duration of Typical Work Week,CTP,Context (Categories 1-3),2,34.78,23,,,,,,08/2020,Occupational Expert
17-2051.02,Water/Wastewater Engineers,4.C.3.d.8,Duration of Typical Work Week,CTP,Context (Categories 1-3),3,65.22,23,,,,,,08/2020,Occupational Expert
17-2061.00,Computer Hardware Engineers,4.C.3.d.8,Duration of Typical Work Week,CT,Context,,2.76,29,,,,,,08/2021,Occupational Expert
17-2061.00,Computer Hardware Engineers,4.C.3.d.8,Duration of Typical Work Week,CTP,Context (Categories 1-3),1,0.00,29,,,,,,08/2021,Occupational Expert
17-2061.00,Computer Hardware Engineers,4.C.3.d.8,Duration of Typical Work Week,CTP,Context (Categories 1-3),2,24.14,29,,,,,,08/2021,Occupational Expert
17-2061.00,Computer Hardware Engineers,4.C.3.d.8,Duration of Typical Work Week,CTP,Context (Categories 1-3),3,75.86,29,,,,,,08/2021,Occupational Expert
17-2071.00,Electrical Engineers,4.C.3.d.8,Duration of Typical Work Week,CT,Context,,2.58,19,0.1353,2.2956,2.8642,N,,08/2023,Incumbent
17-2071.00,Electrical Engineers,4.C.3.d.8,Duration of Typical Work Week,CTP,Context (Categories 1-3),1,0.00,19,0.0000,,,N,,08/2023,Incumbent
17-2071.00,Electrical Engineers,4.C.3.d.8,Duration of Typical Work Week,CTP,Context (Categories 1-3),2,42.01,19,13.5332,18.3994,69.9450,N,,08/2023,Incumbent
17-2071.00,Electrical Engineers,4.C.3.d.8,Duration of Typical Work Week,CTP,Context (Categories 1-3),3,57.99,19,13.5332,30.0550,81.6006,N,,08/2023,Incumbent
17-2072.00,"Electronics Engineers, Except Computer",4.C.3.d.8,Duration of Typical Work Week,CT,Context,,2.15,19,0.4413,1.2227,3.0000,N,,08/2022,Incumbent
17-2072.00,"Electronics Engineers, Except Computer",4.C.3.d.8,Duration of Typical Work Week,CTP,Context (Categories 1-3),1,27.01,19,23.9036,2.8156,82.5378,Y,,08/2022,Incumbent
17-2072.00,"Electronics Engineers, Except Computer",4.C.3.d.8,Duration of Typical Work Week,CTP,Context (Categories 1-3),2,31.00,19,11.1600,13.0509,57.3446,N,,08/2022,Incumbent
17-2072.00,"Electronics Engineers, Except Computer",4.C.3.d.8,Duration of Typical Work Week,CTP,Context (Categories 1-3),3,41.99,19,21.5560,10.1357,82.2900,Y,,08/2022,Incumbent
17-2072.01,Radio Frequency Identification Device Specialists,4.C.3.d.8,Duration of Typical Work Week,CT,Context,,2.85,30,0.0631,2.7222,2.9803,N,,07/2015,Incumbent
17-2072.01,Radio Frequency Identification Device Specialists,4.C.3.d.8,Duration of Typical Work Week,CTP,Context (Categories 1-3),1,0.00,30,0.0000,,,N,,07/2015,Incumbent
17-2072.01,Radio Frequency Identification Device Specialists,4.C.3.d.8,Duration of Typical Work Week,CTP,Context (Categories 1-3),2,14.87,30,6.3104,5.9293,32.6236,N,,07/2015,Incumbent
17-2072.01,Radio Frequency Identification Device Specialists,4.C.3.d.8,Duration of Typical Work Week,CTP,Context (Categories 1-3),3,85.13,30,6.3104,67.3764,94.0707,N,,07/2015,Incumbent
17-2081.00,Environmental Engineers,4.C.3.d.8,Duration of Typical Work Week,CT,Context,,2.62,21,,,,,,08/2024,Occupational Expert
17-2081.00,Environmental Engineers,4.C.3.d.8,Duration of Typical Work Week,CTP,Context (Categories 1-3),1,0.00,21,,,,,,08/2024,Occupational Expert
17-2081.00,Environmental Engineers,4.C.3.d.8,Duration of Typical Work Week,CTP,Context (Categories 1-3),2,38.10,21,,,,,,08/2024,Occupational Expert
17-2081.00,Environmental Engineers,4.C.3.d.8,Duration of Typical Work Week,CTP,Context (Categories 1-3),3,61.90,21,,,,,,08/2024,Occupational Expert
17-2111.00,"Health and Safety Engineers, Except Mining Safety Engineers and Inspectors",4.C.3.d.8,Duration of Typical Work Week,CT,Context,,2.67,,,,,,,11/2020,Analyst - Transition
17-2111.02,Fire-Prevention and Protection Engineers,4.C.3.d.8,Duration of Typical Work Week,CT,Context,,2.69,26,,,,,,08/2025,Occupational Expert
17-2111.02,Fire-Prevention and Protection Engineers,4.C.3.d.8,Duration of Typical Work Week,CTP,Context (Categories 1-3),1,0.00,26,,,,,,08/2025,Occupational Expert
17-2111.02,Fire-Prevention and Protection Engineers,4.C.3.d.8,Duration of Typical Work Week,CTP,Context (Categories 1-3),2,30.77,26,,,,,,08/2025,Occupational Expert
17-2111.02,Fire-Prevention and Protection Engineers,4.C.3.d.8,Duration of Typical Work Week,CTP,Context (Categories 1-3),3,69.23,26,,,,,,08/2025,Occupational Expert
17-2112.00,Industrial Engineers,4.C.3.d.8,Duration of Typical Work Week,CT,Context,,2.80,22,0.0912,2.6086,2.9878,N,,08/2020,Incumbent
17-2112.00,Industrial Engineers,4.C.3.d.8,Duration of Typical Work Week,CTP,Context (Categories 1-3),1,0.00,22,0.0000,,,N,,08/2020,Incumbent
17-2112.00,Industrial Engineers,4.C.3.d.8,Duration of Typical Work Week,CTP,Context (Categories 1-3),2,20.18,22,9.1171,7.2291,45.0666,N,,08/2020,Incumbent
17-2112.00,Industrial Engineers,4.C.3.d.8,Duration of Typical Work Week,CTP,Context (Categories 1-3),3,79.82,22,9.1171,54.9334,92.7709,N,,08/2020,Incumbent
17-2112.01,Human Factors Engineers and Ergonomists,4.C.3.d.8,Duration of Typical Work Week,CT,Context,,2.35,20,,,,,,08/2024,Occupational Expert
17-2112.01,Human Factors Engineers and Ergonomists,4.C.3.d.8,Duration of Typical Work Week,CTP,Context (Categories 1-3),1,5.00,20,,,,,,08/2024,Occupational Expert
17-2112.01,Human Factors Engineers and Ergonomists,4.C.3.d.8,Duration of Typical Work Week,CTP,Context (Categories 1-3),2,55.00,20,,,,,,08/2024,Occupational Expert
17-2112.01,Human Factors Engineers and Ergonomists,4.C.3.d.8,Duration of Typical Work Week,CTP,Context (Categories 1-3),3,40.00,20,,,,,,08/2024,Occupational Expert
17-2112.02,Validation Engineers,4.C.3.d.8,Duration of Typical Work Week,CT,Context,,2.45,20,,,,,,08/2018,Occupational Expert
17-2112.02,Validation Engineers,4.C.3.d.8,Duration of Typical Work Week,CTP,Context (Categories 1-3),1,10.00,20,,,,,,08/2018,Occupational Expert
17-2112.02,Validation Engineers,4.C.3.d.8,Duration of Typical Work Week,CTP,Context (Categories 1-3),2,35.00,20,,,,,,08/2018,Occupational Expert
17-2112.02,Validation Engineers,4.C.3.d.8,Duration of Typical Work Week,CTP,Context (Categories 1-3),3,55.00,20,,,,,,08/2018,Occupational Expert
17-2112.03,Manufacturing Engineers,4.C.3.d.8,Duration of Typical Work Week,CT,Context,,2.69,26,,,,,,07/2017,Occupational Expert
17-2112.03,Manufacturing Engineers,4.C.3.d.8,Duration of Typical Work Week,CTP,Context (Categories 1-3),1,0.00,26,,,,,,07/2017,Occupational Expert
17-2112.03,Manufacturing Engineers,4.C.3.d.8,Duration of Typical Work Week,CTP,Context (Categories 1-3),2,30.77,26,,,,,,07/2017,Occupational Expert
17-2112.03,Manufacturing Engineers,4.C.3.d.8,Duration of Typical Work Week,CTP,Context (Categories 1-3),3,69.23,26,,,,,,07/2017,Occupational Expert
17-2121.00,Marine Engineers and Naval Architects,4.C.3.d.8,Duration of Typical Work Week,CT,Context,,2.47,19,,,,,,08/2025,Occupational Expert
17-2121.00,Marine Engineers and Naval Architects,4.C.3.d.8,Duration of Typical Work Week,CTP,Context (Categories 1-3),1,5.26,19,,,,,,08/2025,Occupational Expert
17-2121.00,Marine Engineers and Naval Architects,4.C.3.d.8,Duration of Typical Work Week,CTP,Context (Categories 1-3),2,42.11,19,,,,,,08/2025,Occupational Expert
17-2121.00,Marine Engineers and Naval Architects,4.C.3.d.8,Duration of Typical Work Week,CTP,Context (Categories 1-3),3,52.63,19,,,,,,08/2025,Occupational Expert
17-2131.00,Materials Engineers,4.C.3.d.8,Duration of Typical Work Week,CT,Context,,2.57,21,,,,,,08/2020,Occupational Expert
17-2131.00,Materials Engineers,4.C.3.d.8,Duration of Typical Work Week,CTP,Context (Categories 1-3),1,0.00,21,,,,,,08/2020,Occupational Expert
17-2131.00,Materials Engineers,4.C.3.d.8,Duration of Typical Work Week,CTP,Context (Categories 1-3),2,42.86,21,,,,,,08/2020,Occupational Expert
17-2131.00,Materials Engineers,4.C.3.d.8,Duration of Typical Work Week,CTP,Context (Categories 1-3),3,57.14,21,,,,,,08/2020,Occupational Expert
17-2141.00,Mechanical Engineers,4.C.3.d.8,Duration of Typical Work Week,CT,Context,,2.45,28,0.0881,2.2716,2.6332,N,,08/2024,Incumbent
17-2141.00,Mechanical Engineers,4.C.3.d.8,Duration of Typical Work Week,CTP,Context (Categories 1-3),1,0.00,28,0.0000,,,N,,08/2024,Incumbent
17-2141.00,Mechanical Engineers,4.C.3.d.8,Duration of Typical Work Week,CTP,Context (Categories 1-3),2,54.76,28,8.8121,36.8431,71.5194,N,,08/2024,Incumbent
17-2141.00,Mechanical Engineers,4.C.3.d.8,Duration of Typical Work Week,CTP,Context (Categories 1-3),3,45.24,28,8.8121,28.4806,63.1569,N,,08/2024,Incumbent
17-2141.01,Fuel Cell Engineers,4.C.3.d.8,Duration of Typical Work Week,CT,Context,,2.55,22,,,,,,08/2022,Occupational Expert
17-2141.01,Fuel Cell Engineers,4.C.3.d.8,Duration of Typical Work Week,CTP,Context (Categories 1-3),1,0.00,22,,,,,,08/2022,Occupational Expert
17-2141.01,Fuel Cell Engineers,4.C.3.d.8,Duration of Typical Work Week,CTP,Context (Categories 1-3),2,45.45,22,,,,,,08/2022,Occupational Expert
17-2141.01,Fuel Cell Engineers,4.C.3.d.8,Duration of Typical Work Week,CTP,Context (Categories 1-3),3,54.55,22,,,,,,08/2022,Occupational Expert
17-2141.02,Automotive Engineers,4.C.3.d.8,Duration of Typical Work Week,CT,Context,,2.71,21,,,,,,08/2022,Occupational Expert
17-2141.02,Automotive Engineers,4.C.3.d.8,Duration of Typical Work Week,CTP,Context (Categories 1-3),1,0.00,21,,,,,,08/2022,Occupational Expert
17-2141.02,Automotive Engineers,4.C.3.d.8,Duration of Typical Work Week,CTP,Context (Categories 1-3),2,28.57,21,,,,,,08/2022,Occupational Expert
17-2141.02,Automotive Engineers,4.C.3.d.8,Duration of Typical Work Week,CTP,Context (Categories 1-3),3,71.43,21,,,,,,08/2022,Occupational Expert
17-2151.00,"Mining and Geological Engineers, Including Mining Safety Engineers",4.C.3.d.8,Duration of Typical Work Week,CT,Context,,2.93,19,0.0612,2.8004,3.0000,N,,08/2018,Incumbent
17-2151.00,"Mining and Geological Engineers, Including Mining Safety Engineers",4.C.3.d.8,Duration of Typical Work Week,CTP,Context (Categories 1-3),1,0.00,19,0.0000,,,N,,08/2018,Incumbent
17-2151.00,"Mining and Geological Engineers, Including Mining Safety Engineers",4.C.3.d.8,Duration of Typical Work Week,CTP,Context (Categories 1-3),2,7.11,19,6.1153,1.0823,34.8738,N,,08/2018,Incumbent
17-2151.00,"Mining and Geological Engineers, Including Mining Safety Engineers",4.C.3.d.8,Duration of Typical Work Week,CTP,Context (Categories 1-3),3,92.89,19,6.1153,65.1262,98.9177,N,,08/2018,Incumbent
17-2161.00,Nuclear Engineers,4.C.3.d.8,Duration of Typical Work Week,CT,Context,,2.57,21,,,,,,08/2024,Occupational Expert
17-2161.00,Nuclear Engineers,4.C.3.d.8,Duration of Typical Work Week,CTP,Context (Categories 1-3),1,4.76,21,,,,,,08/2024,Occupational Expert
17-2161.00,Nuclear Engineers,4.C.3.d.8,Duration of Typical Work Week,CTP,Context (Categories 1-3),2,33.33,21,,,,,,08/2024,Occupational Expert
17-2161.00,Nuclear Engineers,4.C.3.d.8,Duration of Typical Work Week,CTP,Context (Categories 1-3),3,61.90,21,,,,,,08/2024,Occupational Expert
17-2171.00,Petroleum Engineers,4.C.3.d.8,Duration of Typical Work Week,CT,Context,,2.58,19,0.1191,2.3301,2.8304,N,,08/2020,Incumbent
17-2171.00,Petroleum Engineers,4.C.3.d.8,Duration of Typical Work Week,CTP,Context (Categories 1-3),1,0.00,19,0.0000,,,N,,08/2020,Incumbent
17-2171.00,Petroleum Engineers,4.C.3.d.8,Duration of Typical Work Week,CTP,Context (Categories 1-3),2,41.97,19,11.9076,20.5703,66.8913,N,,08/2020,Incumbent
17-2171.00,Petroleum Engineers,4.C.3.d.8,Duration of Typical Work Week,CTP,Context (Categories 1-3),3,58.03,19,11.9076,33.1087,79.4297,N,,08/2020,Incumbent
17-2199.03,"Energy Engineers, Except Wind and Solar",4.C.3.d.8,Duration of Typical Work Week,CT,Context,,2.62,21,,,,,,07/2016,Occupational Expert
17-2199.03,"Energy Engineers, Except Wind and Solar",4.C.3.d.8,Duration of Typical Work Week,CTP,Context (Categories 1-3),1,0.00,21,,,,,,07/2016,Occupational Expert
17-2199.03,"Energy Engineers, Except Wind and Solar",4.C.3.d.8,Duration of Typical Work Week,CTP,Context (Categories 1-3),2,38.10,21,,,,,,07/2016,Occupational Expert
17-2199.03,"Energy Engineers, Except Wind and Solar",4.C.3.d.8,Duration of Typical Work Week,CTP,Context (Categories 1-3),3,61.90,21,,,,,,07/2016,Occupational Expert
17-2199.05,Mechatronics Engineers,4.C.3.d.8,Duration of Typical Work Week,CT,Context,,2.57,20,0.1735,2.2057,2.9317,N,,08/2022,Incumbent
17-2199.05,Mechatronics Engineers,4.C.3.d.8,Duration of Typical Work Week,CTP,Context (Categories 1-3),1,1.35,20,1.4298,0.1457,11.4288,N,,08/2022,Incumbent
17-2199.05,Mechatronics Engineers,4.C.3.d.8,Duration of Typical Work Week,CTP,Context (Categories 1-3),2,40.42,20,16.9640,13.4443,74.7711,N,,08/2022,Incumbent
17-2199.05,Mechatronics Engineers,4.C.3.d.8,Duration of Typical Work Week,CTP,Context (Categories 1-3),3,58.22,20,17.0962,24.2479,85.8523,N,,08/2022,Incumbent
17-2199.06,Microsystems Engineers,4.C.3.d.8,Duration of Typical Work Week,CT,Context,,2.68,18,0.1201,2.4235,2.9301,N,,07/2016,Incumbent
17-2199.06,Microsystems Engineers,4.C.3.d.8,Duration of Typical Work Week,CTP,Context (Categories 1-3),1,0.00,18,0.0000,,,N,,07/2016,Incumbent
17-2199.06,Microsystems Engineers,4.C.3.d.8,Duration of Typical Work Week,CTP,Context (Categories 1-3),2,32.32,18,12.0063,13.0432,60.3227,N,,07/2016,Incumbent
17-2199.06,Microsystems Engineers,4.C.3.d.8,Duration of Typical Work Week,CTP,Context (Categories 1-3),3,67.68,18,12.0063,39.6773,86.9568,N,,07/2016,Incumbent
17-2199.07,Photonics Engineers,4.C.3.d.8,Duration of Typical Work Week,CT,Context,,2.61,23,,,,,,08/2018,Occupational Expert
17-2199.07,Photonics Engineers,4.C.3.d.8,Duration of Typical Work Week,CTP,Context (Categories 1-3),1,0.00,23,,,,,,08/2018,Occupational Expert
17-2199.07,Photonics Engineers,4.C.3.d.8,Duration of Typical Work Week,CTP,Context (Categories 1-3),2,39.13,23,,,,,,08/2018,Occupational Expert
17-2199.07,Photonics Engineers,4.C.3.d.8,Duration of Typical Work Week,CTP,Context (Categories 1-3),3,60.87,23,,,,,,08/2018,Occupational Expert
17-2199.08,Robotics Engineers,4.C.3.d.8,Duration of Typical Work Week,CT,Context,,2.73,30,,,,,,08/2018,Occupational Expert
17-2199.08,Robotics Engineers,4.C.3.d.8,Duration of Typical Work Week,CTP,Context (Categories 1-3),1,3.33,30,,,,,,08/2018,Occupational Expert
17-2199.08,Robotics Engineers,4.C.3.d.8,Duration of Typical Work Week,CTP,Context (Categories 1-3),2,20.00,30,,,,,,08/2018,Occupational Expert
17-2199.08,Robotics Engineers,4.C.3.d.8,Duration of Typical Work Week,CTP,Context (Categories 1-3),3,76.67,30,,,,,,08/2018,Occupational Expert
17-2199.09,Nanosystems Engineers,4.C.3.d.8,Duration of Typical Work Week,CT,Context,,2.43,21,,,,,,08/2023,Occupational Expert
17-2199.09,Nanosystems Engineers,4.C.3.d.8,Duration of Typical Work Week,CTP,Context (Categories 1-3),1,0.00,21,,,,,,08/2023,Occupational Expert
17-2199.09,Nanosystems Engineers,4.C.3.d.8,Duration of Typical Work Week,CTP,Context (Categories 1-3),2,57.14,21,,,,,,08/2023,Occupational Expert
17-2199.09,Nanosystems Engineers,4.C.3.d.8,Duration of Typical Work Week,CTP,Context (Categories 1-3),3,42.86,21,,,,,,08/2023,Occupational Expert
17-2199.10,Wind Energy Engineers,4.C.3.d.8,Duration of Typical Work Week,CT,Context,,2.40,37,0.1273,2.1432,2.6595,N,,07/2012,Incumbent
17-2199.10,Wind Energy Engineers,4.C.3.d.8,Duration of Typical Work Week,CTP,Context (Categories 1-3),1,14.07,37,6.9650,4.8417,34.4981,N,,07/2012,Incumbent
17-2199.10,Wind Energy Engineers,4.C.3.d.8,Duration of Typical Work Week,CTP,Context (Categories 1-3),2,31.73,37,7.1888,19.1643,47.6708,N,,07/2012,Incumbent
17-2199.10,Wind Energy Engineers,4.C.3.d.8,Duration of Typical Work Week,CTP,Context (Categories 1-3),3,54.20,37,7.6385,38.8058,68.8405,N,,07/2012,Incumbent
17-2199.11,Solar Energy Systems Engineers,4.C.3.d.8,Duration of Typical Work Week,CT,Context,,2.46,28,,,,,,08/2023,Occupational Expert
17-2199.11,Solar Energy Systems Engineers,4.C.3.d.8,Duration of Typical Work Week,CTP,Context (Categories 1-3),1,3.57,28,,,,,,08/2023,Occupational Expert
17-2199.11,Solar Energy Systems Engineers,4.C.3.d.8,Duration of Typical Work Week,CTP,Context (Categories 1-3),2,46.43,28,,,,,,08/2023,Occupational Expert
17-2199.11,Solar Energy Systems Engineers,4.C.3.d.8,Duration of Typical Work Week,CTP,Context (Categories 1-3),3,50.00,28,,,,,,08/2023,Occupational Expert
17-3011.00,Architectural and Civil Drafters,4.C.3.d.8,Duration of Typical Work Week,CT,Context,,2.28,,,,,N,,11/2020,Analyst - Transition
17-3012.00,Electrical and Electronics Drafters,4.C.3.d.8,Duration of Typical Work Week,CT,Context,,2.23,70,0.1591,1.9133,2.5481,N,,08/2022,Incumbent
17-3012.00,Electrical and Electronics Drafters,4.C.3.d.8,Duration of Typical Work Week,CTP,Context (Categories 1-3),1,12.71,70,10.1395,2.2967,47.4129,N,,08/2022,Incumbent
17-3012.00,Electrical and Electronics Drafters,4.C.3.d.8,Duration of Typical Work Week,CTP,Context (Categories 1-3),2,51.51,70,10.4487,31.5624,70.9951,N,,08/2022,Incumbent
17-3012.00,Electrical and Electronics Drafters,4.C.3.d.8,Duration of Typical Work Week,CTP,Context (Categories 1-3),3,35.78,70,8.8513,20.5294,54.5736,N,,08/2022,Incumbent
17-3013.00,Mechanical Drafters,4.C.3.d.8,Duration of Typical Work Week,CT,Context,,2.56,24,0.1712,2.2065,2.9148,N,,07/2017,Incumbent
17-3013.00,Mechanical Drafters,4.C.3.d.8,Duration of Typical Work Week,CTP,Context (Categories 1-3),1,0.00,24,0.0000,,,N,,07/2017,Incumbent
17-3013.00,Mechanical Drafters,4.C.3.d.8,Duration of Typical Work Week,CTP,Context (Categories 1-3),2,43.94,24,17.1215,15.6874,76.7476,N,,07/2017,Incumbent
17-3013.00,Mechanical Drafters,4.C.3.d.8,Duration of Typical Work Week,CTP,Context (Categories 1-3),3,56.06,24,17.1215,23.2524,84.3126,N,,07/2017,Incumbent
17-3021.00,Aerospace Engineering and Operations Technologists and Technicians,4.C.3.d.8,Duration of Typical Work Week,CT,Context,,2.95,17,0.0484,2.8493,3.0000,N,,08/2019,Incumbent
17-3021.00,Aerospace Engineering and Operations Technologists and Technicians,4.C.3.d.8,Duration of Typical Work Week,CTP,Context (Categories 1-3),1,0.00,17,0.0000,,,N,,08/2019,Incumbent
17-3021.00,Aerospace Engineering and Operations Technologists and Technicians,4.C.3.d.8,Duration of Typical Work Week,CTP,Context (Categories 1-3),2,4.82,17,4.8368,0.5393,32.1210,N,,08/2019,Incumbent
17-3021.00,Aerospace Engineering and Operations Technologists and Technicians,4.C.3.d.8,Duration of Typical Work Week,CTP,Context (Categories 1-3),3,95.18,17,4.8368,67.8790,99.4607,N,,08/2019,Incumbent
17-3022.00,Civil Engineering Technologists and Technicians,4.C.3.d.8,Duration of Typical Work Week,CT,Context,,2.14,30,0.0839,1.9661,2.3091,N,,07/2017,Incumbent
17-3022.00,Civil Engineering Technologists and Technicians,4.C.3.d.8,Duration of Typical Work Week,CTP,Context (Categories 1-3),1,1.17,30,1.1994,0.1434,8.9553,N,,07/2017,Incumbent
17-3022.00,Civil Engineering Technologists and Technicians,4.C.3.d.8,Duration of Typical Work Week,CTP,Context (Categories 1-3),2,83.89,30,8.1575,60.2423,94.7083,N,,07/2017,Incumbent
17-3022.00,Civil Engineering Technologists and Technicians,4.C.3.d.8,Duration of Typical Work Week,CTP,Context (Categories 1-3),3,14.93,30,8.1854,4.4896,39.6041,N,,07/2017,Incumbent
17-3023.00,Electrical and Electronic Engineering Technologists and Technicians,4.C.3.d.8,Duration of Typical Work Week,CT,Context,,2.47,,,,,N,,11/2020,Analyst - Transition
17-3024.00,Electro-Mechanical and Mechatronics Technologists and Technicians,4.C.3.d.8,Duration of Typical Work Week,CT,Context,,2.69,42,0.1476,2.3879,2.9841,N,,08/2022,Incumbent
17-3024.00,Electro-Mechanical and Mechatronics Technologists and Technicians,4.C.3.d.8,Duration of Typical Work Week,CTP,Context (Categories 1-3),1,2.45,42,2.6085,0.2757,18.5537,N,,08/2022,Incumbent
17-3024.00,Electro-Mechanical and Mechatronics Technologists and Technicians,4.C.3.d.8,Duration of Typical Work Week,CTP,Context (Categories 1-3),2,26.50,42,12.4404,9.0321,56.7050,N,,08/2022,Incumbent
17-3024.00,Electro-Mechanical and Mechatronics Technologists and Technicians,4.C.3.d.8,Duration of Typical Work Week,CTP,Context (Categories 1-3),3,71.05,42,13.3975,39.7079,90.1418,N,,08/2022,Incumbent
17-3024.01,Robotics Technicians,4.C.3.d.8,Duration of Typical Work Week,CT,Context,,2.73,22,,,,,,08/2018,Occupational Expert
17-3024.01,Robotics Technicians,4.C.3.d.8,Duration of Typical Work Week,CTP,Context (Categories 1-3),1,0.00,22,,,,,,08/2018,Occupational Expert
17-3024.01,Robotics Technicians,4.C.3.d.8,Duration of Typical Work Week,CTP,Context (Categories 1-3),2,27.27,22,,,,,,08/2018,Occupational Expert
17-3024.01,Robotics Technicians,4.C.3.d.8,Duration of Typical Work Week,CTP,Context (Categories 1-3),3,72.73,22,,,,,,08/2018,Occupational Expert
17-3025.00,Environmental Engineering Technologists and Technicians,4.C.3.d.8,Duration of Typical Work Week,CT,Context,,2.43,34,0.1200,2.1822,2.6703,N,,07/2014,Incumbent
17-3025.00,Environmental Engineering Technologists and Technicians,4.C.3.d.8,Duration of Typical Work Week,CTP,Context (Categories 1-3),1,4.77,34,3.1933,1.1827,17.3138,N,,07/2014,Incumbent
17-3025.00,Environmental Engineering Technologists and Technicians,4.C.3.d.8,Duration of Typical Work Week,CTP,Context (Categories 1-3),2,47.84,34,11.5255,26.3825,70.1244,N,,07/2014,Incumbent
17-3025.00,Environmental Engineering Technologists and Technicians,4.C.3.d.8,Duration of Typical Work Week,CTP,Context (Categories 1-3),3,47.39,34,11.3213,26.3432,69.4125,N,,07/2014,Incumbent
17-3026.00,Industrial Engineering Technologists and Technicians,4.C.3.d.8,Duration of Typical Work Week,CT,Context,,2.82,25,0.0938,2.6286,3.0000,N,,07/2014,Incumbent
17-3026.00,Industrial Engineering Technologists and Technicians,4.C.3.d.8,Duration of Typical Work Week,CTP,Context (Categories 1-3),1,0.00,25,0.0000,,,N,,07/2014,Incumbent
17-3026.00,Industrial Engineering Technologists and Technicians,4.C.3.d.8,Duration of Typical Work Week,CTP,Context (Categories 1-3),2,17.78,25,9.3767,5.4447,44.8322,N,,07/2014,Incumbent
17-3026.00,Industrial Engineering Technologists and Technicians,4.C.3.d.8,Duration of Typical Work Week,CTP,Context (Categories 1-3),3,82.22,25,9.3767,55.1678,94.5553,N,,07/2014,Incumbent
17-3026.01,Nanotechnology Engineering Technologists and Technicians,4.C.3.d.8,Duration of Typical Work Week,CT,Context,,2.35,20,,,,,,08/2025,Occupational Expert
17-3026.01,Nanotechnology Engineering Technologists and Technicians,4.C.3.d.8,Duration of Typical Work Week,CTP,Context (Categories 1-3),1,0.00,20,,,,,,08/2025,Occupational Expert
17-3026.01,Nanotechnology Engineering Technologists and Technicians,4.C.3.d.8,Duration of Typical Work Week,CTP,Context (Categories 1-3),2,65.00,20,,,,,,08/2025,Occupational Expert
17-3026.01,Nanotechnology Engineering Technologists and Technicians,4.C.3.d.8,Duration of Typical Work Week,CTP,Context (Categories 1-3),3,35.00,20,,,,,,08/2025,Occupational Expert
17-3027.00,Mechanical Engineering Technologists and Technicians,4.C.3.d.8,Duration of Typical Work Week,CT,Context,,2.58,33,0.1067,2.3600,2.7947,N,,08/2022,Incumbent
17-3027.00,Mechanical Engineering Technologists and Technicians,4.C.3.d.8,Duration of Typical Work Week,CTP,Context (Categories 1-3),1,2.42,33,2.4571,0.2986,17.0890,N,,08/2022,Incumbent
17-3027.00,Mechanical Engineering Technologists and Technicians,4.C.3.d.8,Duration of Typical Work Week,CTP,Context (Categories 1-3),2,37.42,33,9.4691,20.7841,57.6729,N,,08/2022,Incumbent
17-3027.00,Mechanical Engineering Technologists and Technicians,4.C.3.d.8,Duration of Typical Work Week,CTP,Context (Categories 1-3),3,60.16,33,9.7836,39.6654,77.6171,N,,08/2022,Incumbent
17-3027.01,Automotive Engineering Technicians,4.C.3.d.8,Duration of Typical Work Week,CT,Context,,2.59,27,,,,,,07/2016,Occupational Expert
17-3027.01,Automotive Engineering Technicians,4.C.3.d.8,Duration of Typical Work Week,CTP,Context (Categories 1-3),1,3.70,27,,,,,,07/2016,Occupational Expert
17-3027.01,Automotive Engineering Technicians,4.C.3.d.8,Duration of Typical Work Week,CTP,Context (Categories 1-3),2,33.33,27,,,,,,07/2016,Occupational Expert
17-3027.01,Automotive Engineering Technicians,4.C.3.d.8,Duration of Typical Work Week,CTP,Context (Categories 1-3),3,62.96,27,,,,,,07/2016,Occupational Expert
17-3029.01,Non-Destructive Testing Specialists,4.C.3.d.8,Duration of Typical Work Week,CT,Context,,2.68,22,,,,,,08/2023,Occupational Expert
17-3029.01,Non-Destructive Testing Specialists,4.C.3.d.8,Duration of Typical Work Week,CTP,Context (Categories 1-3),1,4.55,22,,,,,,08/2023,Occupational Expert
17-3029.01,Non-Destructive Testing Specialists,4.C.3.d.8,Duration of Typical Work Week,CTP,Context (Categories 1-3),2,22.73,22,,,,,,08/2023,Occupational Expert
17-3029.01,Non-Destructive Testing Specialists,4.C.3.d.8,Duration of Typical Work Week,CTP,Context (Categories 1-3),3,72.73,22,,,,,,08/2023,Occupational Expert
17-3029.08,Photonics Technicians,4.C.3.d.8,Duration of Typical Work Week,CT,Context,,2.36,22,,,,,,08/2024,Occupational Expert
17-3029.08,Photonics Technicians,4.C.3.d.8,Duration of Typical Work Week,CTP,Context (Categories 1-3),1,0.00,22,,,,,,08/2024,Occupational Expert
17-3029.08,Photonics Technicians,4.C.3.d.8,Duration of Typical Work Week,CTP,Context (Categories 1-3),2,63.64,22,,,,,,08/2024,Occupational Expert
17-3029.08,Photonics Technicians,4.C.3.d.8,Duration of Typical Work Week,CTP,Context (Categories 1-3),3,36.36,22,,,,,,08/2024,Occupational Expert
17-3031.00,Surveying and Mapping Technicians,4.C.3.d.8,Duration of Typical Work Week,CT,Context,,2.08,,,,,N,,11/2020,Analyst - Transition
19-1011.00,Animal Scientists,4.C.3.d.8,Duration of Typical Work Week,CT,Context,,2.78,23,,,,,,08/2022,Occupational Expert
19-1011.00,Animal Scientists,4.C.3.d.8,Duration of Typical Work Week,CTP,Context (Categories 1-3),1,0.00,23,,,,,,08/2022,Occupational Expert
19-1011.00,Animal Scientists,4.C.3.d.8,Duration of Typical Work Week,CTP,Context (Categories 1-3),2,21.74,23,,,,,,08/2022,Occupational Expert
19-1011.00,Animal Scientists,4.C.3.d.8,Duration of Typical Work Week,CTP,Context (Categories 1-3),3,78.26,23,,,,,,08/2022,Occupational Expert
19-1012.00,Food Scientists and Technologists,4.C.3.d.8,Duration of Typical Work Week,CT,Context,,2.55,22,,,,,,08/2025,Occupational Expert
19-1012.00,Food Scientists and Technologists,4.C.3.d.8,Duration of Typical Work Week,CTP,Context (Categories 1-3),1,4.55,22,,,,,,08/2025,Occupational Expert
19-1012.00,Food Scientists and Technologists,4.C.3.d.8,Duration of Typical Work Week,CTP,Context (Categories 1-3),2,36.36,22,,,,,,08/2025,Occupational Expert
19-1012.00,Food Scientists and Technologists,4.C.3.d.8,Duration of Typical Work Week,CTP,Context (Categories 1-3),3,59.09,22,,,,,,08/2025,Occupational Expert
19-1013.00,Soil and Plant Scientists,4.C.3.d.8,Duration of Typical Work Week,CT,Context,,2.48,21,,,,,,08/2021,Occupational Expert
19-1013.00,Soil and Plant Scientists,4.C.3.d.8,Duration of Typical Work Week,CTP,Context (Categories 1-3),1,0.00,21,,,,,,08/2021,Occupational Expert
19-1013.00,Soil and Plant Scientists,4.C.3.d.8,Duration of Typical Work Week,CTP,Context (Categories 1-3),2,52.38,21,,,,,,08/2021,Occupational Expert
19-1013.00,Soil and Plant Scientists,4.C.3.d.8,Duration of Typical Work Week,CTP,Context (Categories 1-3),3,47.62,21,,,,,,08/2021,Occupational Expert
19-1021.00,Biochemists and Biophysicists,4.C.3.d.8,Duration of Typical Work Week,CT,Context,,2.85,20,,,,,,08/2020,Occupational Expert
19-1021.00,Biochemists and Biophysicists,4.C.3.d.8,Duration of Typical Work Week,CTP,Context (Categories 1-3),1,0.00,20,,,,,,08/2020,Occupational Expert
19-1021.00,Biochemists and Biophysicists,4.C.3.d.8,Duration of Typical Work Week,CTP,Context (Categories 1-3),2,15.00,20,,,,,,08/2020,Occupational Expert
19-1021.00,Biochemists and Biophysicists,4.C.3.d.8,Duration of Typical Work Week,CTP,Context (Categories 1-3),3,85.00,20,,,,,,08/2020,Occupational Expert
19-1022.00,Microbiologists,4.C.3.d.8,Duration of Typical Work Week,CT,Context,,2.41,22,,,,,,08/2024,Occupational Expert
19-1022.00,Microbiologists,4.C.3.d.8,Duration of Typical Work Week,CTP,Context (Categories 1-3),1,9.09,22,,,,,,08/2024,Occupational Expert
19-1022.00,Microbiologists,4.C.3.d.8,Duration of Typical Work Week,CTP,Context (Categories 1-3),2,40.91,22,,,,,,08/2024,Occupational Expert
19-1022.00,Microbiologists,4.C.3.d.8,Duration of Typical Work Week,CTP,Context (Categories 1-3),3,50.00,22,,,,,,08/2024,Occupational Expert
19-1023.00,Zoologists and Wildlife Biologists,4.C.3.d.8,Duration of Typical Work Week,CT,Context,,2.29,20,0.0680,2.1460,2.4307,N,,08/2023,Incumbent
19-1023.00,Zoologists and Wildlife Biologists,4.C.3.d.8,Duration of Typical Work Week,CTP,Context (Categories 1-3),1,0.00,20,0.0000,,,N,,08/2023,Incumbent
19-1023.00,Zoologists and Wildlife Biologists,4.C.3.d.8,Duration of Typical Work Week,CTP,Context (Categories 1-3),2,71.16,20,6.8011,55.2219,83.1593,N,,08/2023,Incumbent
19-1023.00,Zoologists and Wildlife Biologists,4.C.3.d.8,Duration of Typical Work Week,CTP,Context (Categories 1-3),3,28.84,20,6.8011,16.8407,44.7781,N,,08/2023,Incumbent
19-1029.01,Bioinformatics Scientists,4.C.3.d.8,Duration of Typical Work Week,CT,Context,,2.81,25,0.0961,2.6095,3.0000,N,,07/2012,Incumbent
19-1029.01,Bioinformatics Scientists,4.C.3.d.8,Duration of Typical Work Week,CTP,Context (Categories 1-3),1,0.00,25,0.0000,,,N,,07/2012,Incumbent
19-1029.01,Bioinformatics Scientists,4.C.3.d.8,Duration of Typical Work Week,CTP,Context (Categories 1-3),2,19.21,25,9.6107,6.2146,46.0509,N,,07/2012,Incumbent
19-1029.01,Bioinformatics Scientists,4.C.3.d.8,Duration of Typical Work Week,CTP,Context (Categories 1-3),3,80.79,25,9.6107,53.9491,93.7854,N,,07/2012,Incumbent
19-1029.02,Molecular and Cellular Biologists,4.C.3.d.8,Duration of Typical Work Week,CT,Context,,2.56,25,,,,,,08/2021,Occupational Expert
19-1029.02,Molecular and Cellular Biologists,4.C.3.d.8,Duration of Typical Work Week,CTP,Context (Categories 1-3),1,4.00,25,,,,,,08/2021,Occupational Expert
19-1029.02,Molecular and Cellular Biologists,4.C.3.d.8,Duration of Typical Work Week,CTP,Context (Categories 1-3),2,36.00,25,,,,,,08/2021,Occupational Expert
19-1029.02,Molecular and Cellular Biologists,4.C.3.d.8,Duration of Typical Work Week,CTP,Context (Categories 1-3),3,60.00,25,,,,,,08/2021,Occupational Expert
19-1029.03,Geneticists,4.C.3.d.8,Duration of Typical Work Week,CT,Context,,2.84,25,,,,,,08/2021,Occupational Expert
19-1029.03,Geneticists,4.C.3.d.8,Duration of Typical Work Week,CTP,Context (Categories 1-3),1,0.00,25,,,,,,08/2021,Occupational Expert
19-1029.03,Geneticists,4.C.3.d.8,Duration of Typical Work Week,CTP,Context (Categories 1-3),2,16.00,25,,,,,,08/2021,Occupational Expert
19-1029.03,Geneticists,4.C.3.d.8,Duration of Typical Work Week,CTP,Context (Categories 1-3),3,84.00,25,,,,,,08/2021,Occupational Expert
19-1029.04,Biologists,4.C.3.d.8,Duration of Typical Work Week,CT,Context,,2.35,16,0.1417,2.0441,2.6481,N,,08/2025,Incumbent
19-1029.04,Biologists,4.C.3.d.8,Duration of Typical Work Week,CTP,Context (Categories 1-3),1,0.00,16,0.0000,,,N,,08/2025,Incumbent
19-1029.04,Biologists,4.C.3.d.8,Duration of Typical Work Week,CTP,Context (Categories 1-3),2,65.39,16,14.1674,33.2248,87.7676,N,,08/2025,Incumbent
19-1029.04,Biologists,4.C.3.d.8,Duration of Typical Work Week,CTP,Context (Categories 1-3),3,34.61,16,14.1674,12.2324,66.7752,N,,08/2025,Incumbent
19-1031.00,Conservation Scientists,4.C.3.d.8,Duration of Typical Work Week,CT,Context,,2.43,23,,,,,,08/2022,Occupational Expert
19-1031.00,Conservation Scientists,4.C.3.d.8,Duration of Typical Work Week,CTP,Context (Categories 1-3),1,0.00,23,,,,,,08/2022,Occupational Expert
19-1031.00,Conservation Scientists,4.C.3.d.8,Duration of Typical Work Week,CTP,Context (Categories 1-3),2,56.52,23,,,,,,08/2022,Occupational Expert
19-1031.00,Conservation Scientists,4.C.3.d.8,Duration of Typical Work Week,CTP,Context (Categories 1-3),3,43.48,23,,,,,,08/2022,Occupational Expert
19-1031.02,Range Managers,4.C.3.d.8,Duration of Typical Work Week,CT,Context,,2.32,25,0.1555,1.9963,2.6384,N,,08/2020,Incumbent
19-1031.02,Range Managers,4.C.3.d.8,Duration of Typical Work Week,CTP,Context (Categories 1-3),1,6.36,25,5.0788,1.1563,28.3009,N,,08/2020,Incumbent
19-1031.02,Range Managers,4.C.3.d.8,Duration of Typical Work Week,CTP,Context (Categories 1-3),2,55.54,25,12.2152,31.0360,77.6173,N,,08/2020,Incumbent
19-1031.02,Range Managers,4.C.3.d.8,Duration of Typical Work Week,CTP,Context (Categories 1-3),3,38.10,25,13.0297,16.4414,65.8105,N,,08/2020,Incumbent
19-1031.03,Park Naturalists,4.C.3.d.8,Duration of Typical Work Week,CT,Context,,2.02,23,0.1609,1.6867,2.3540,N,,08/2023,Incumbent
19-1031.03,Park Naturalists,4.C.3.d.8,Duration of Typical Work Week,CTP,Context (Categories 1-3),1,14.48,23,10.2606,2.9466,48.5607,N,,08/2023,Incumbent
19-1031.03,Park Naturalists,4.C.3.d.8,Duration of Typical Work Week,CTP,Context (Categories 1-3),2,69.01,23,14.4318,35.4592,90.0251,N,,08/2023,Incumbent
19-1031.03,Park Naturalists,4.C.3.d.8,Duration of Typical Work Week,CTP,Context (Categories 1-3),3,16.51,23,11.3256,3.4743,52.0786,N,,08/2023,Incumbent
19-1032.00,Foresters,4.C.3.d.8,Duration of Typical Work Week,CT,Context,,2.30,28,0.0975,2.0953,2.4955,N,,08/2023,Incumbent
19-1032.00,Foresters,4.C.3.d.8,Duration of Typical Work Week,CTP,Context (Categories 1-3),1,0.00,28,0.0000,,,N,,08/2023,Incumbent
19-1032.00,Foresters,4.C.3.d.8,Duration of Typical Work Week,CTP,Context (Categories 1-3),2,70.46,28,9.7542,47.6945,86.1861,N,,08/2023,Incumbent
19-1032.00,Foresters,4.C.3.d.8,Duration of Typical Work Week,CTP,Context (Categories 1-3),3,29.54,28,9.7542,13.8139,52.3055,N,,08/2023,Incumbent
19-1041.00,Epidemiologists,4.C.3.d.8,Duration of Typical Work Week,CT,Context,,2.53,19,,,,,,08/2023,Occupational Expert
19-1041.00,Epidemiologists,4.C.3.d.8,Duration of Typical Work Week,CTP,Context (Categories 1-3),1,0.00,19,,,,,,08/2023,Occupational Expert
19-1041.00,Epidemiologists,4.C.3.d.8,Duration of Typical Work Week,CTP,Context (Categories 1-3),2,47.37,19,,,,,,08/2023,Occupational Expert
19-1041.00,Epidemiologists,4.C.3.d.8,Duration of Typical Work Week,CTP,Context (Categories 1-3),3,52.63,19,,,,,,08/2023,Occupational Expert
19-1042.00,"Medical Scientists, Except Epidemiologists",4.C.3.d.8,Duration of Typical Work Week,CT,Context,,2.42,26,0.1293,2.1515,2.6841,N,,08/2021,Incumbent
19-1042.00,"Medical Scientists, Except Epidemiologists",4.C.3.d.8,Duration of Typical Work Week,CTP,Context (Categories 1-3),1,6.18,26,5.2746,1.0004,30.0231,N,,08/2021,Incumbent
19-1042.00,"Medical Scientists, Except Epidemiologists",4.C.3.d.8,Duration of Typical Work Week,CTP,Context (Categories 1-3),2,45.86,26,14.9926,19.6314,74.6070,N,,08/2021,Incumbent
19-1042.00,"Medical Scientists, Except Epidemiologists",4.C.3.d.8,Duration of Typical Work Week,CTP,Context (Categories 1-3),3,47.96,26,12.9682,24.0162,72.8784,N,,08/2021,Incumbent
19-2011.00,Astronomers,4.C.3.d.8,Duration of Typical Work Week,CT,Context,,2.59,22,,,,,,08/2024,Occupational Expert
19-2011.00,Astronomers,4.C.3.d.8,Duration of Typical Work Week,CTP,Context (Categories 1-3),1,0.00,22,,,,,,08/2024,Occupational Expert
19-2011.00,Astronomers,4.C.3.d.8,Duration of Typical Work Week,CTP,Context (Categories 1-3),2,40.91,22,,,,,,08/2024,Occupational Expert
19-2011.00,Astronomers,4.C.3.d.8,Duration of Typical Work Week,CTP,Context (Categories 1-3),3,59.09,22,,,,,,08/2024,Occupational Expert
19-2012.00,Physicists,4.C.3.d.8,Duration of Typical Work Week,CT,Context,,2.41,18,0.2003,1.9831,2.8284,N,,08/2020,Incumbent
19-2012.00,Physicists,4.C.3.d.8,Duration of Typical Work Week,CTP,Context (Categories 1-3),1,18.32,18,10.1969,5.0562,48.5727,N,,08/2020,Incumbent
19-2012.00,Physicists,4.C.3.d.8,Duration of Typical Work Week,CTP,Context (Categories 1-3),2,22.79,18,7.8980,10.2705,43.2093,N,,08/2020,Incumbent
19-2012.00,Physicists,4.C.3.d.8,Duration of Typical Work Week,CTP,Context (Categories 1-3),3,58.89,18,11.3075,34.8455,79.3324,N,,08/2020,Incumbent
19-2021.00,Atmospheric and Space Scientists,4.C.3.d.8,Duration of Typical Work Week,CT,Context,,2.40,20,,,,,,08/2024,Occupational Expert
19-2021.00,Atmospheric and Space Scientists,4.C.3.d.8,Duration of Typical Work Week,CTP,Context (Categories 1-3),1,0.00,20,,,,,,08/2024,Occupational Expert
19-2021.00,Atmospheric and Space Scientists,4.C.3.d.8,Duration of Typical Work Week,CTP,Context (Categories 1-3),2,60.00,20,,,,,,08/2024,Occupational Expert
19-2021.00,Atmospheric and Space Scientists,4.C.3.d.8,Duration of Typical Work Week,CTP,Context (Categories 1-3),3,40.00,20,,,,,,08/2024,Occupational Expert
19-2031.00,Chemists,4.C.3.d.8,Duration of Typical Work Week,CT,Context,,2.21,19,0.1953,1.7961,2.6165,N,,08/2023,Incumbent
19-2031.00,Chemists,4.C.3.d.8,Duration of Typical Work Week,CTP,Context (Categories 1-3),1,10.43,19,9.6225,1.3217,50.3321,N,,08/2023,Incumbent
19-2031.00,Chemists,4.C.3.d.8,Duration of Typical Work Week,CTP,Context (Categories 1-3),2,58.50,19,14.2144,29.1775,82.8263,N,,08/2023,Incumbent
19-2031.00,Chemists,4.C.3.d.8,Duration of Typical Work Week,CTP,Context (Categories 1-3),3,31.07,19,14.1089,10.1455,64.2705,N,,08/2023,Incumbent
19-2032.00,Materials Scientists,4.C.3.d.8,Duration of Typical Work Week,CT,Context,,2.43,21,,,,,,08/2024,Occupational Expert
19-2032.00,Materials Scientists,4.C.3.d.8,Duration of Typical Work Week,CTP,Context (Categories 1-3),1,0.00,21,,,,,,08/2024,Occupational Expert
19-2032.00,Materials Scientists,4.C.3.d.8,Duration of Typical Work Week,CTP,Context (Categories 1-3),2,57.14,21,,,,,,08/2024,Occupational Expert
19-2032.00,Materials Scientists,4.C.3.d.8,Duration of Typical Work Week,CTP,Context (Categories 1-3),3,42.86,21,,,,,,08/2024,Occupational Expert
19-2041.00,"Environmental Scientists and Specialists, Including Health",4.C.3.d.8,Duration of Typical Work Week,CT,Context,,2.04,30,0.0783,1.8762,2.1966,N,,08/2023,Incumbent
19-2041.00,"Environmental Scientists and Specialists, Including Health",4.C.3.d.8,Duration of Typical Work Week,CTP,Context (Categories 1-3),1,7.08,30,5.5475,1.3388,29.9501,N,,08/2023,Incumbent
19-2041.00,"Environmental Scientists and Specialists, Including Health",4.C.3.d.8,Duration of Typical Work Week,CTP,Context (Categories 1-3),2,82.20,30,8.5607,58.2587,93.8608,N,,08/2023,Incumbent
19-2041.00,"Environmental Scientists and Specialists, Including Health",4.C.3.d.8,Duration of Typical Work Week,CTP,Context (Categories 1-3),3,10.72,30,6.0451,3.1925,30.4097,N,,08/2023,Incumbent
19-2041.01,Climate Change Policy Analysts,4.C.3.d.8,Duration of Typical Work Week,CT,Context,,2.43,23,,,,,,08/2021,Occupational Expert
19-2041.01,Climate Change Policy Analysts,4.C.3.d.8,Duration of Typical Work Week,CTP,Context (Categories 1-3),1,0.00,23,,,,,,08/2021,Occupational Expert
19-2041.01,Climate Change Policy Analysts,4.C.3.d.8,Duration of Typical Work Week,CTP,Context (Categories 1-3),2,56.52,23,,,,,,08/2021,Occupational Expert
19-2041.01,Climate Change Policy Analysts,4.C.3.d.8,Duration of Typical Work Week,CTP,Context (Categories 1-3),3,43.48,23,,,,,,08/2021,Occupational Expert
19-2041.02,Environmental Restoration Planners,4.C.3.d.8,Duration of Typical Work Week,CT,Context,,2.48,21,,,,,,08/2021,Occupational Expert
19-2041.02,Environmental Restoration Planners,4.C.3.d.8,Duration of Typical Work Week,CTP,Context (Categories 1-3),1,0.00,21,,,,,,08/2021,Occupational Expert
19-2041.02,Environmental Restoration Planners,4.C.3.d.8,Duration of Typical Work Week,CTP,Context (Categories 1-3),2,52.38,21,,,,,,08/2021,Occupational Expert
19-2041.02,Environmental Restoration Planners,4.C.3.d.8,Duration of Typical Work Week,CTP,Context (Categories 1-3),3,47.62,21,,,,,,08/2021,Occupational Expert
19-2041.03,Industrial Ecologists,4.C.3.d.8,Duration of Typical Work Week,CT,Context,,2.48,23,,,,,,08/2021,Occupational Expert
19-2041.03,Industrial Ecologists,4.C.3.d.8,Duration of Typical Work Week,CTP,Context (Categories 1-3),1,4.35,23,,,,,,08/2021,Occupational Expert
19-2041.03,Industrial Ecologists,4.C.3.d.8,Duration of Typical Work Week,CTP,Context (Categories 1-3),2,43.48,23,,,,,,08/2021,Occupational Expert
19-2041.03,Industrial Ecologists,4.C.3.d.8,Duration of Typical Work Week,CTP,Context (Categories 1-3),3,52.17,23,,,,,,08/2021,Occupational Expert
19-2042.00,"Geoscientists, Except Hydrologists and Geographers",4.C.3.d.8,Duration of Typical Work Week,CT,Context,,2.69,32,,,,,,08/2020,Occupational Expert
19-2042.00,"Geoscientists, Except Hydrologists and Geographers",4.C.3.d.8,Duration of Typical Work Week,CTP,Context (Categories 1-3),1,0.00,32,,,,,,08/2020,Occupational Expert
19-2042.00,"Geoscientists, Except Hydrologists and Geographers",4.C.3.d.8,Duration of Typical Work Week,CTP,Context (Categories 1-3),2,31.25,32,,,,,,08/2020,Occupational Expert
19-2042.00,"Geoscientists, Except Hydrologists and Geographers",4.C.3.d.8,Duration of Typical Work Week,CTP,Context (Categories 1-3),3,68.75,32,,,,,,08/2020,Occupational Expert
19-2043.00,Hydrologists,4.C.3.d.8,Duration of Typical Work Week,CT,Context,,2.35,23,,,,,,08/2018,Occupational Expert
19-2043.00,Hydrologists,4.C.3.d.8,Duration of Typical Work Week,CTP,Context (Categories 1-3),1,0.00,23,,,,,,08/2018,Occupational Expert
19-2043.00,Hydrologists,4.C.3.d.8,Duration of Typical Work Week,CTP,Context (Categories 1-3),2,65.22,23,,,,,,08/2018,Occupational Expert
19-2043.00,Hydrologists,4.C.3.d.8,Duration of Typical Work Week,CTP,Context (Categories 1-3),3,34.78,23,,,,,,08/2018,Occupational Expert
19-2099.01,Remote Sensing Scientists and Technologists,4.C.3.d.8,Duration of Typical Work Week,CT,Context,,2.16,25,,,,,,08/2023,Occupational Expert
19-2099.01,Remote Sensing Scientists and Technologists,4.C.3.d.8,Duration of Typical Work Week,CTP,Context (Categories 1-3),1,0.00,25,,,,,,08/2023,Occupational Expert
19-2099.01,Remote Sensing Scientists and Technologists,4.C.3.d.8,Duration of Typical Work Week,CTP,Context (Categories 1-3),2,84.00,25,,,,,,08/2023,Occupational Expert
19-2099.01,Remote Sensing Scientists and Technologists,4.C.3.d.8,Duration of Typical Work Week,CTP,Context (Categories 1-3),3,16.00,25,,,,,,08/2023,Occupational Expert
19-3011.00,Economists,4.C.3.d.8,Duration of Typical Work Week,CT,Context,,2.88,24,,,,,,08/2024,Occupational Expert
19-3011.00,Economists,4.C.3.d.8,Duration of Typical Work Week,CTP,Context (Categories 1-3),1,0.00,24,,,,,,08/2024,Occupational Expert
19-3011.00,Economists,4.C.3.d.8,Duration of Typical Work Week,CTP,Context (Categories 1-3),2,12.50,24,,,,,,08/2024,Occupational Expert
19-3011.00,Economists,4.C.3.d.8,Duration of Typical Work Week,CTP,Context (Categories 1-3),3,87.50,24,,,,,,08/2024,Occupational Expert
19-3011.01,Environmental Economists,4.C.3.d.8,Duration of Typical Work Week,CT,Context,,2.56,27,,,,,,08/2020,Occupational Expert
19-3011.01,Environmental Economists,4.C.3.d.8,Duration of Typical Work Week,CTP,Context (Categories 1-3),1,0.00,27,,,,,,08/2020,Occupational Expert
19-3011.01,Environmental Economists,4.C.3.d.8,Duration of Typical Work Week,CTP,Context (Categories 1-3),2,44.44,27,,,,,,08/2020,Occupational Expert
19-3011.01,Environmental Economists,4.C.3.d.8,Duration of Typical Work Week,CTP,Context (Categories 1-3),3,55.56,27,,,,,,08/2020,Occupational Expert
19-3022.00,Survey Researchers,4.C.3.d.8,Duration of Typical Work Week,CT,Context,,2.19,26,,,,,,08/2025,Occupational Expert
19-3022.00,Survey Researchers,4.C.3.d.8,Duration of Typical Work Week,CTP,Context (Categories 1-3),1,3.85,26,,,,,,08/2025,Occupational Expert
19-3022.00,Survey Researchers,4.C.3.d.8,Duration of Typical Work Week,CTP,Context (Categories 1-3),2,73.08,26,,,,,,08/2025,Occupational Expert
19-3022.00,Survey Researchers,4.C.3.d.8,Duration of Typical Work Week,CTP,Context (Categories 1-3),3,23.08,26,,,,,,08/2025,Occupational Expert
19-3032.00,Industrial-Organizational Psychologists,4.C.3.d.8,Duration of Typical Work Week,CT,Context,,2.65,26,,,,,,08/2023,Occupational Expert
19-3032.00,Industrial-Organizational Psychologists,4.C.3.d.8,Duration of Typical Work Week,CTP,Context (Categories 1-3),1,0.00,26,,,,,,08/2023,Occupational Expert
19-3032.00,Industrial-Organizational Psychologists,4.C.3.d.8,Duration of Typical Work Week,CTP,Context (Categories 1-3),2,34.62,26,,,,,,08/2023,Occupational Expert
19-3032.00,Industrial-Organizational Psychologists,4.C.3.d.8,Duration of Typical Work Week,CTP,Context (Categories 1-3),3,65.38,26,,,,,,08/2023,Occupational Expert
19-3033.00,Clinical and Counseling Psychologists,4.C.3.d.8,Duration of Typical Work Week,CT,Context,,2.36,25,,,,,,08/2024,Occupational Expert
19-3033.00,Clinical and Counseling Psychologists,4.C.3.d.8,Duration of Typical Work Week,CTP,Context (Categories 1-3),1,0.00,25,,,,,,08/2024,Occupational Expert
19-3033.00,Clinical and Counseling Psychologists,4.C.3.d.8,Duration of Typical Work Week,CTP,Context (Categories 1-3),2,64.00,25,,,,,,08/2024,Occupational Expert
19-3033.00,Clinical and Counseling Psychologists,4.C.3.d.8,Duration of Typical Work Week,CTP,Context (Categories 1-3),3,36.00,25,,,,,,08/2024,Occupational Expert
19-3034.00,School Psychologists,4.C.3.d.8,Duration of Typical Work Week,CT,Context,,2.68,25,0.0973,2.4816,2.8833,N,,08/2019,Incumbent
19-3034.00,School Psychologists,4.C.3.d.8,Duration of Typical Work Week,CTP,Context (Categories 1-3),1,4.56,25,5.0796,0.4274,34.7071,N,,08/2019,Incumbent
19-3034.00,School Psychologists,4.C.3.d.8,Duration of Typical Work Week,CTP,Context (Categories 1-3),2,22.63,25,6.2782,12.2488,38.0096,N,,08/2019,Incumbent
19-3034.00,School Psychologists,4.C.3.d.8,Duration of Typical Work Week,CTP,Context (Categories 1-3),3,72.81,25,6.4233,57.8170,83.9495,N,,08/2019,Incumbent
19-3039.02,Neuropsychologists,4.C.3.d.8,Duration of Typical Work Week,CT,Context,,2.80,25,,,,,,08/2024,Occupational Expert
19-3039.02,Neuropsychologists,4.C.3.d.8,Duration of Typical Work Week,CTP,Context (Categories 1-3),1,0.00,25,,,,,,08/2024,Occupational Expert
19-3039.02,Neuropsychologists,4.C.3.d.8,Duration of Typical Work Week,CTP,Context (Categories 1-3),2,20.00,25,,,,,,08/2024,Occupational Expert
19-3039.02,Neuropsychologists,4.C.3.d.8,Duration of Typical Work Week,CTP,Context (Categories 1-3),3,80.00,25,,,,,,08/2024,Occupational Expert
19-3039.03,Clinical Neuropsychologists,4.C.3.d.8,Duration of Typical Work Week,CT,Context,,2.88,24,,,,,,08/2024,Occupational Expert
19-3039.03,Clinical Neuropsychologists,4.C.3.d.8,Duration of Typical Work Week,CTP,Context (Categories 1-3),1,0.00,24,,,,,,08/2024,Occupational Expert
19-3039.03,Clinical Neuropsychologists,4.C.3.d.8,Duration of Typical Work Week,CTP,Context (Categories 1-3),2,12.50,24,,,,,,08/2024,Occupational Expert
19-3039.03,Clinical Neuropsychologists,4.C.3.d.8,Duration of Typical Work Week,CTP,Context (Categories 1-3),3,87.50,24,,,,,,08/2024,Occupational Expert
19-3041.00,Sociologists,4.C.3.d.8,Duration of Typical Work Week,CT,Context,,2.65,20,,,,,,08/2023,Occupational Expert
19-3041.00,Sociologists,4.C.3.d.8,Duration of Typical Work Week,CTP,Context (Categories 1-3),1,0.00,20,,,,,,08/2023,Occupational Expert
19-3041.00,Sociologists,4.C.3.d.8,Duration of Typical Work Week,CTP,Context (Categories 1-3),2,35.00,20,,,,,,08/2023,Occupational Expert
19-3041.00,Sociologists,4.C.3.d.8,Duration of Typical Work Week,CTP,Context (Categories 1-3),3,65.00,20,,,,,,08/2023,Occupational Expert
19-3051.00,Urban and Regional Planners,4.C.3.d.8,Duration of Typical Work Week,CT,Context,,2.46,24,,,,,,08/2021,Occupational Expert
19-3051.00,Urban and Regional Planners,4.C.3.d.8,Duration of Typical Work Week,CTP,Context (Categories 1-3),1,0.00,24,,,,,,08/2021,Occupational Expert
19-3051.00,Urban and Regional Planners,4.C.3.d.8,Duration of Typical Work Week,CTP,Context (Categories 1-3),2,54.17,24,,,,,,08/2021,Occupational Expert
19-3051.00,Urban and Regional Planners,4.C.3.d.8,Duration of Typical Work Week,CTP,Context (Categories 1-3),3,45.83,24,,,,,,08/2021,Occupational Expert
19-3091.00,Anthropologists and Archeologists,4.C.3.d.8,Duration of Typical Work Week,CT,Context,,2.65,20,,,,,,08/2024,Occupational Expert
19-3091.00,Anthropologists and Archeologists,4.C.3.d.8,Duration of Typical Work Week,CTP,Context (Categories 1-3),1,5.00,20,,,,,,08/2024,Occupational Expert
19-3091.00,Anthropologists and Archeologists,4.C.3.d.8,Duration of Typical Work Week,CTP,Context (Categories 1-3),2,25.00,20,,,,,,08/2024,Occupational Expert
19-3091.00,Anthropologists and Archeologists,4.C.3.d.8,Duration of Typical Work Week,CTP,Context (Categories 1-3),3,70.00,20,,,,,,08/2024,Occupational Expert
19-3092.00,Geographers,4.C.3.d.8,Duration of Typical Work Week,CT,Context,,2.55,20,,,,,,08/2023,Occupational Expert
19-3092.00,Geographers,4.C.3.d.8,Duration of Typical Work Week,CTP,Context (Categories 1-3),1,0.00,20,,,,,,08/2023,Occupational Expert
19-3092.00,Geographers,4.C.3.d.8,Duration of Typical Work Week,CTP,Context (Categories 1-3),2,45.00,20,,,,,,08/2023,Occupational Expert
19-3092.00,Geographers,4.C.3.d.8,Duration of Typical Work Week,CTP,Context (Categories 1-3),3,55.00,20,,,,,,08/2023,Occupational Expert
19-3093.00,Historians,4.C.3.d.8,Duration of Typical Work Week,CT,Context,,1.68,21,0.2208,1.2235,2.1447,N,,08/2025,Incumbent
19-3093.00,Historians,4.C.3.d.8,Duration of Typical Work Week,CTP,Context (Categories 1-3),1,44.07,21,18.3776,14.2646,78.8687,Y,,08/2025,Incumbent
19-3093.00,Historians,4.C.3.d.8,Duration of Typical Work Week,CTP,Context (Categories 1-3),2,43.44,21,16.9917,15.3632,76.4725,N,,08/2025,Incumbent
19-3093.00,Historians,4.C.3.d.8,Duration of Typical Work Week,CTP,Context (Categories 1-3),3,12.49,21,7.0997,3.5479,35.6211,N,,08/2025,Incumbent
19-3094.00,Political Scientists,4.C.3.d.8,Duration of Typical Work Week,CT,Context,,2.73,26,,,,,,08/2022,Occupational Expert
19-3094.00,Political Scientists,4.C.3.d.8,Duration of Typical Work Week,CTP,Context (Categories 1-3),1,3.85,26,,,,,,08/2022,Occupational Expert
19-3094.00,Political Scientists,4.C.3.d.8,Duration of Typical Work Week,CTP,Context (Categories 1-3),2,19.23,26,,,,,,08/2022,Occupational Expert
19-3094.00,Political Scientists,4.C.3.d.8,Duration of Typical Work Week,CTP,Context (Categories 1-3),3,76.92,26,,,,,,08/2022,Occupational Expert
19-3099.01,Transportation Planners,4.C.3.d.8,Duration of Typical Work Week,CT,Context,,2.25,20,,,,,,08/2023,Occupational Expert
19-3099.01,Transportation Planners,4.C.3.d.8,Duration of Typical Work Week,CTP,Context (Categories 1-3),1,10.00,20,,,,,,08/2023,Occupational Expert
19-3099.01,Transportation Planners,4.C.3.d.8,Duration of Typical Work Week,CTP,Context (Categories 1-3),2,55.00,20,,,,,,08/2023,Occupational Expert
19-3099.01,Transportation Planners,4.C.3.d.8,Duration of Typical Work Week,CTP,Context (Categories 1-3),3,35.00,20,,,,,,08/2023,Occupational Expert
19-4012.00,Agricultural Technicians,4.C.3.d.8,Duration of Typical Work Week,CT,Context,,2.13,19,0.1769,1.7579,2.5013,N,,08/2024,Incumbent
19-4012.00,Agricultural Technicians,4.C.3.d.8,Duration of Typical Work Week,CTP,Context (Categories 1-3),1,14.69,19,10.8277,2.7270,51.4013,N,,08/2024,Incumbent
19-4012.00,Agricultural Technicians,4.C.3.d.8,Duration of Typical Work Week,CTP,Context (Categories 1-3),2,57.66,19,8.1750,40.2596,73.3484,N,,08/2024,Incumbent
19-4012.00,Agricultural Technicians,4.C.3.d.8,Duration of Typical Work Week,CTP,Context (Categories 1-3),3,27.65,19,8.5268,13.5003,48.3403,N,,08/2024,Incumbent
19-4012.01,Precision Agriculture Technicians,4.C.3.d.8,Duration of Typical Work Week,CT,Context,,2.91,23,,,,,,08/2023,Occupational Expert
19-4012.01,Precision Agriculture Technicians,4.C.3.d.8,Duration of Typical Work Week,CTP,Context (Categories 1-3),1,0.00,23,,,,,,08/2023,Occupational Expert
19-4012.01,Precision Agriculture Technicians,4.C.3.d.8,Duration of Typical Work Week,CTP,Context (Categories 1-3),2,8.70,23,,,,,,08/2023,Occupational Expert
19-4012.01,Precision Agriculture Technicians,4.C.3.d.8,Duration of Typical Work Week,CTP,Context (Categories 1-3),3,91.30,23,,,,,,08/2023,Occupational Expert
19-4013.00,Food Science Technicians,4.C.3.d.8,Duration of Typical Work Week,CT,Context,,2.35,17,0.1200,2.0972,2.6060,N,,08/2023,Incumbent
19-4013.00,Food Science Technicians,4.C.3.d.8,Duration of Typical Work Week,CTP,Context (Categories 1-3),1,0.00,17,0.0000,,,N,,08/2023,Incumbent
19-4013.00,Food Science Technicians,4.C.3.d.8,Duration of Typical Work Week,CTP,Context (Categories 1-3),2,64.84,17,12.0017,37.6593,84.9151,N,,08/2023,Incumbent
19-4013.00,Food Science Technicians,4.C.3.d.8,Duration of Typical Work Week,CTP,Context (Categories 1-3),3,35.16,17,12.0017,15.0849,62.3407,N,,08/2023,Incumbent
19-4021.00,Biological Technicians,4.C.3.d.8,Duration of Typical Work Week,CT,Context,,1.93,25,0.2319,1.4477,2.4050,N,,07/2017,Incumbent
19-4021.00,Biological Technicians,4.C.3.d.8,Duration of Typical Work Week,CTP,Context (Categories 1-3),1,26.80,25,18.7973,4.8235,72.5679,Y,,07/2017,Incumbent
19-4021.00,Biological Technicians,4.C.3.d.8,Duration of Typical Work Week,CTP,Context (Categories 1-3),2,53.76,25,22.0952,15.6612,87.9246,Y,,07/2017,Incumbent
19-4021.00,Biological Technicians,4.C.3.d.8,Duration of Typical Work Week,CTP,Context (Categories 1-3),3,19.43,25,12.6356,4.3624,56.0586,N,,07/2017,Incumbent
19-4031.00,Chemical Technicians,4.C.3.d.8,Duration of Typical Work Week,CT,Context,,2.36,17,0.2010,1.9389,2.7910,N,,08/2021,Incumbent
19-4031.00,Chemical Technicians,4.C.3.d.8,Duration of Typical Work Week,CTP,Context (Categories 1-3),1,0.00,17,0.0000,,,N,,08/2021,Incumbent
19-4031.00,Chemical Technicians,4.C.3.d.8,Duration of Typical Work Week,CTP,Context (Categories 1-3),2,63.50,17,20.0980,21.6797,91.6231,Y,,08/2021,Incumbent
19-4031.00,Chemical Technicians,4.C.3.d.8,Duration of Typical Work Week,CTP,Context (Categories 1-3),3,36.50,17,20.0980,8.3769,78.3203,Y,,08/2021,Incumbent
19-4042.00,"Environmental Science and Protection Technicians, Including Health",4.C.3.d.8,Duration of Typical Work Week,CT,Context,,2.00,22,,,,,,08/2023,Occupational Expert
19-4042.00,"Environmental Science and Protection Technicians, Including Health",4.C.3.d.8,Duration of Typical Work Week,CTP,Context (Categories 1-3),1,4.55,22,,,,,,08/2023,Occupational Expert
19-4042.00,"Environmental Science and Protection Technicians, Including Health",4.C.3.d.8,Duration of Typical Work Week,CTP,Context (Categories 1-3),2,90.91,22,,,,,,08/2023,Occupational Expert
19-4042.00,"Environmental Science and Protection Technicians, Including Health",4.C.3.d.8,Duration of Typical Work Week,CTP,Context (Categories 1-3),3,4.55,22,,,,,,08/2023,Occupational Expert
19-4043.00,"Geological Technicians, Except Hydrologic Technicians",4.C.3.d.8,Duration of Typical Work Week,CT,Context,,2.30,,,,,N,,11/2020,Analyst - Transition
19-4051.00,Nuclear Technicians,4.C.3.d.8,Duration of Typical Work Week,CT,Context,,2.58,,,,,N,,11/2020,Analyst - Transition
19-4051.02,Nuclear Monitoring Technicians,4.C.3.d.8,Duration of Typical Work Week,CT,Context,,2.66,37,0.0784,2.5003,2.8181,N,,07/2014,Incumbent
19-4051.02,Nuclear Monitoring Technicians,4.C.3.d.8,Duration of Typical Work Week,CTP,Context (Categories 1-3),1,0.00,37,0.0000,,,N,,07/2014,Incumbent
19-4051.02,Nuclear Monitoring Technicians,4.C.3.d.8,Duration of Typical Work Week,CTP,Context (Categories 1-3),2,34.08,37,7.8352,20.3111,51.1911,N,,07/2014,Incumbent
19-4051.02,Nuclear Monitoring Technicians,4.C.3.d.8,Duration of Typical Work Week,CTP,Context (Categories 1-3),3,65.92,37,7.8352,48.8089,79.6889,N,,07/2014,Incumbent
19-4061.00,Social Science Research Assistants,4.C.3.d.8,Duration of Typical Work Week,CT,Context,,1.79,28,0.1256,1.5340,2.0495,N,,08/2019,Incumbent
19-4061.00,Social Science Research Assistants,4.C.3.d.8,Duration of Typical Work Week,CTP,Context (Categories 1-3),1,33.99,28,9.2774,18.0633,54.6048,N,,08/2019,Incumbent
19-4061.00,Social Science Research Assistants,4.C.3.d.8,Duration of Typical Work Week,CTP,Context (Categories 1-3),2,52.84,28,10.7034,31.7002,73.0081,N,,08/2019,Incumbent
19-4061.00,Social Science Research Assistants,4.C.3.d.8,Duration of Typical Work Week,CTP,Context (Categories 1-3),3,13.17,28,7.0796,4.0835,35.0747,N,,08/2019,Incumbent
19-4071.00,Forest and Conservation Technicians,4.C.3.d.8,Duration of Typical Work Week,CT,Context,,2.47,31,0.1259,2.2160,2.7303,N,,08/2018,Incumbent
19-4071.00,Forest and Conservation Technicians,4.C.3.d.8,Duration of Typical Work Week,CTP,Context (Categories 1-3),1,0.00,31,0.0000,,,N,,08/2018,Incumbent
19-4071.00,Forest and Conservation Technicians,4.C.3.d.8,Duration of Typical Work Week,CTP,Context (Categories 1-3),2,52.68,31,12.5909,28.4129,75.7496,N,,08/2018,Incumbent
19-4071.00,Forest and Conservation Technicians,4.C.3.d.8,Duration of Typical Work Week,CTP,Context (Categories 1-3),3,47.32,31,12.5909,24.2504,71.5871,N,,08/2018,Incumbent
19-4092.00,Forensic Science Technicians,4.C.3.d.8,Duration of Typical Work Week,CT,Context,,2.42,28,0.1471,2.1192,2.7228,N,,08/2023,Incumbent
19-4092.00,Forensic Science Technicians,4.C.3.d.8,Duration of Typical Work Week,CTP,Context (Categories 1-3),1,5.85,28,4.8705,1.0041,27.5988,N,,08/2023,Incumbent
19-4092.00,Forensic Science Technicians,4.C.3.d.8,Duration of Typical Work Week,CTP,Context (Categories 1-3),2,46.20,28,16.1500,18.4571,76.5077,N,,08/2023,Incumbent
19-4092.00,Forensic Science Technicians,4.C.3.d.8,Duration of Typical Work Week,CTP,Context (Categories 1-3),3,47.95,28,14.6580,21.6349,75.4553,N,,08/2023,Incumbent
19-4099.01,Quality Control Analysts,4.C.3.d.8,Duration of Typical Work Week,CT,Context,,2.64,17,0.1300,2.3621,2.9132,N,,08/2020,Incumbent
19-4099.01,Quality Control Analysts,4.C.3.d.8,Duration of Typical Work Week,CTP,Context (Categories 1-3),1,0.00,17,0.0000,,,N,,08/2020,Incumbent
19-4099.01,Quality Control Analysts,4.C.3.d.8,Duration of Typical Work Week,CTP,Context (Categories 1-3),2,36.24,17,12.9996,14.7068,65.1942,N,,08/2020,Incumbent
19-4099.01,Quality Control Analysts,4.C.3.d.8,Duration of Typical Work Week,CTP,Context (Categories 1-3),3,63.76,17,12.9996,34.8058,85.2932,N,,08/2020,Incumbent
19-4099.03,Remote Sensing Technicians,4.C.3.d.8,Duration of Typical Work Week,CT,Context,,2.30,19,0.1897,1.9044,2.7015,N,,07/2012,Incumbent
19-4099.03,Remote Sensing Technicians,4.C.3.d.8,Duration of Typical Work Week,CTP,Context (Categories 1-3),1,10.12,19,6.5556,2.4168,33.8548,N,,07/2012,Incumbent
19-4099.03,Remote Sensing Technicians,4.C.3.d.8,Duration of Typical Work Week,CTP,Context (Categories 1-3),2,49.47,19,18.0439,17.6839,81.6848,Y,,07/2012,Incumbent
19-4099.03,Remote Sensing Technicians,4.C.3.d.8,Duration of Typical Work Week,CTP,Context (Categories 1-3),3,40.42,19,17.3142,13.0252,75.4423,N,,07/2012,Incumbent
19-5011.00,Occupational Health and Safety Specialists,4.C.3.d.8,Duration of Typical Work Week,CT,Context,,2.48,23,,,,,,08/2024,Occupational Expert
19-5011.00,Occupational Health and Safety Specialists,4.C.3.d.8,Duration of Typical Work Week,CTP,Context (Categories 1-3),1,0.00,23,,,,,,08/2024,Occupational Expert
19-5011.00,Occupational Health and Safety Specialists,4.C.3.d.8,Duration of Typical Work Week,CTP,Context (Categories 1-3),2,52.17,23,,,,,,08/2024,Occupational Expert
19-5011.00,Occupational Health and Safety Specialists,4.C.3.d.8,Duration of Typical Work Week,CTP,Context (Categories 1-3),3,47.83,23,,,,,,08/2024,Occupational Expert
19-5012.00,Occupational Health and Safety Technicians,4.C.3.d.8,Duration of Typical Work Week,CT,Context,,2.71,21,,,,,,08/2024,Occupational Expert
19-5012.00,Occupational Health and Safety Technicians,4.C.3.d.8,Duration of Typical Work Week,CTP,Context (Categories 1-3),1,0.00,21,,,,,,08/2024,Occupational Expert
19-5012.00,Occupational Health and Safety Technicians,4.C.3.d.8,Duration of Typical Work Week,CTP,Context (Categories 1-3),2,28.57,21,,,,,,08/2024,Occupational Expert
19-5012.00,Occupational Health and Safety Technicians,4.C.3.d.8,Duration of Typical Work Week,CTP,Context (Categories 1-3),3,71.43,21,,,,,,08/2024,Occupational Expert
21-1011.00,Substance Abuse and Behavioral Disorder Counselors,4.C.3.d.8,Duration of Typical Work Week,CT,Context,,1.59,19,0.1337,1.3138,1.8755,N,,08/2021,Incumbent
21-1011.00,Substance Abuse and Behavioral Disorder Counselors,4.C.3.d.8,Duration of Typical Work Week,CTP,Context (Categories 1-3),1,44.43,19,13.3815,20.3829,71.3991,N,,08/2021,Incumbent
21-1011.00,Substance Abuse and Behavioral Disorder Counselors,4.C.3.d.8,Duration of Typical Work Week,CTP,Context (Categories 1-3),2,51.68,19,14.0928,24.6288,77.7784,N,,08/2021,Incumbent
21-1011.00,Substance Abuse and Behavioral Disorder Counselors,4.C.3.d.8,Duration of Typical Work Week,CTP,Context (Categories 1-3),3,3.89,19,3.0950,0.7083,18.7149,N,,08/2021,Incumbent
21-1012.00,"Educational, Guidance, and Career Counselors and Advisors",4.C.3.d.8,Duration of Typical Work Week,CT,Context,,2.36,30,0.1173,2.1210,2.6006,N,,08/2024,Incumbent
21-1012.00,"Educational, Guidance, and Career Counselors and Advisors",4.C.3.d.8,Duration of Typical Work Week,CTP,Context (Categories 1-3),1,3.73,30,2.5828,0.8822,14.4336,N,,08/2024,Incumbent
21-1012.00,"Educational, Guidance, and Career Counselors and Advisors",4.C.3.d.8,Duration of Typical Work Week,CTP,Context (Categories 1-3),2,56.46,30,11.8781,32.5538,77.6957,N,,08/2024,Incumbent
21-1012.00,"Educational, Guidance, and Career Counselors and Advisors",4.C.3.d.8,Duration of Typical Work Week,CTP,Context (Categories 1-3),3,39.81,30,11.5164,19.8404,63.8676,N,,08/2024,Incumbent
21-1013.00,Marriage and Family Therapists,4.C.3.d.8,Duration of Typical Work Week,CT,Context,,1.77,24,0.1620,1.4367,2.1070,N,,08/2020,Incumbent
21-1013.00,Marriage and Family Therapists,4.C.3.d.8,Duration of Typical Work Week,CTP,Context (Categories 1-3),1,32.75,24,14.3645,11.2187,65.2427,N,,08/2020,Incumbent
21-1013.00,Marriage and Family Therapists,4.C.3.d.8,Duration of Typical Work Week,CTP,Context (Categories 1-3),2,57.31,24,15.0499,27.3287,82.7362,N,,08/2020,Incumbent
21-1013.00,Marriage and Family Therapists,4.C.3.d.8,Duration of Typical Work Week,CTP,Context (Categories 1-3),3,9.94,24,6.1747,2.5800,31.4969,N,,08/2020,Incumbent
21-1014.00,Mental Health Counselors,4.C.3.d.8,Duration of Typical Work Week,CT,Context,,2.14,28,,,,,,08/2025,Occupational Expert
21-1014.00,Mental Health Counselors,4.C.3.d.8,Duration of Typical Work Week,CTP,Context (Categories 1-3),1,14.29,28,,,,,,08/2025,Occupational Expert
21-1014.00,Mental Health Counselors,4.C.3.d.8,Duration of Typical Work Week,CTP,Context (Categories 1-3),2,57.14,28,,,,,,08/2025,Occupational Expert
21-1014.00,Mental Health Counselors,4.C.3.d.8,Duration of Typical Work Week,CTP,Context (Categories 1-3),3,28.57,28,,,,,,08/2025,Occupational Expert
21-1015.00,Rehabilitation Counselors,4.C.3.d.8,Duration of Typical Work Week,CT,Context,,1.97,33,0.1140,1.7365,2.2009,N,,08/2020,Incumbent
21-1015.00,Rehabilitation Counselors,4.C.3.d.8,Duration of Typical Work Week,CTP,Context (Categories 1-3),1,21.83,33,9.0298,8.6767,45.0706,N,,08/2020,Incumbent
21-1015.00,Rehabilitation Counselors,4.C.3.d.8,Duration of Typical Work Week,CTP,Context (Categories 1-3),2,59.48,33,11.0352,36.6115,78.8569,N,,08/2020,Incumbent
21-1015.00,Rehabilitation Counselors,4.C.3.d.8,Duration of Typical Work Week,CTP,Context (Categories 1-3),3,18.70,33,6.6593,8.6102,35.9511,N,,08/2020,Incumbent
21-1021.00,"Child, Family, and School Social Workers",4.C.3.d.8,Duration of Typical Work Week,CT,Context,,2.42,20,0.1474,2.1142,2.7314,N,,08/2018,Incumbent
21-1021.00,"Child, Family, and School Social Workers",4.C.3.d.8,Duration of Typical Work Week,CTP,Context (Categories 1-3),1,0.25,20,0.2629,0.0267,2.2542,N,,08/2018,Incumbent
21-1021.00,"Child, Family, and School Social Workers",4.C.3.d.8,Duration of Typical Work Week,CTP,Context (Categories 1-3),2,57.22,20,14.7883,27.4189,82.5708,N,,08/2018,Incumbent
21-1021.00,"Child, Family, and School Social Workers",4.C.3.d.8,Duration of Typical Work Week,CTP,Context (Categories 1-3),3,42.53,20,14.7642,17.2867,72.3757,N,,08/2018,Incumbent
21-1022.00,Healthcare Social Workers,4.C.3.d.8,Duration of Typical Work Week,CT,Context,,2.42,26,,,,,,08/2021,Occupational Expert
21-1022.00,Healthcare Social Workers,4.C.3.d.8,Duration of Typical Work Week,CTP,Context (Categories 1-3),1,3.85,26,,,,,,08/2021,Occupational Expert
21-1022.00,Healthcare Social Workers,4.C.3.d.8,Duration of Typical Work Week,CTP,Context (Categories 1-3),2,50.00,26,,,,,,08/2021,Occupational Expert
21-1022.00,Healthcare Social Workers,4.C.3.d.8,Duration of Typical Work Week,CTP,Context (Categories 1-3),3,46.15,26,,,,,,08/2021,Occupational Expert
21-1023.00,Mental Health and Substance Abuse Social Workers,4.C.3.d.8,Duration of Typical Work Week,CT,Context,,2.26,23,0.1348,1.9764,2.5356,N,,08/2021,Incumbent
21-1023.00,Mental Health and Substance Abuse Social Workers,4.C.3.d.8,Duration of Typical Work Week,CTP,Context (Categories 1-3),1,1.27,23,1.2977,0.1492,9.9319,N,,08/2021,Incumbent
21-1023.00,Mental Health and Substance Abuse Social Workers,4.C.3.d.8,Duration of Typical Work Week,CTP,Context (Categories 1-3),2,71.86,23,13.5882,38.7936,91.1441,N,,08/2021,Incumbent
21-1023.00,Mental Health and Substance Abuse Social Workers,4.C.3.d.8,Duration of Typical Work Week,CTP,Context (Categories 1-3),3,26.87,23,13.4729,8.1419,60.3651,N,,08/2021,Incumbent
21-1091.00,Health Education Specialists,4.C.3.d.8,Duration of Typical Work Week,CT,Context,,2.32,19,0.2455,1.7994,2.8309,N,,08/2019,Incumbent
21-1091.00,Health Education Specialists,4.C.3.d.8,Duration of Typical Work Week,CTP,Context (Categories 1-3),1,10.39,19,7.1673,2.2497,36.8803,N,,08/2019,Incumbent
21-1091.00,Health Education Specialists,4.C.3.d.8,Duration of Typical Work Week,CTP,Context (Categories 1-3),2,47.70,19,19.8291,14.6551,82.8908,Y,,08/2019,Incumbent
21-1091.00,Health Education Specialists,4.C.3.d.8,Duration of Typical Work Week,CTP,Context (Categories 1-3),3,41.91,19,21.1319,10.4311,81.7133,Y,,08/2019,Incumbent
21-1092.00,Probation Officers and Correctional Treatment Specialists,4.C.3.d.8,Duration of Typical Work Week,CT,Context,,2.03,35,0.1232,1.7791,2.2798,N,,08/2020,Incumbent
21-1092.00,Probation Officers and Correctional Treatment Specialists,4.C.3.d.8,Duration of Typical Work Week,CTP,Context (Categories 1-3),1,14.02,35,6.5137,5.1576,32.8386,N,,08/2020,Incumbent
21-1092.00,Probation Officers and Correctional Treatment Specialists,4.C.3.d.8,Duration of Typical Work Week,CTP,Context (Categories 1-3),2,69.02,35,8.4429,49.9632,83.2483,N,,08/2020,Incumbent
21-1092.00,Probation Officers and Correctional Treatment Specialists,4.C.3.d.8,Duration of Typical Work Week,CTP,Context (Categories 1-3),3,16.96,35,8.3128,5.7994,40.3982,N,,08/2020,Incumbent
21-1093.00,Social and Human Service Assistants,4.C.3.d.8,Duration of Typical Work Week,CT,Context,,1.82,27,0.1599,1.4926,2.1501,N,,08/2020,Incumbent
21-1093.00,Social and Human Service Assistants,4.C.3.d.8,Duration of Typical Work Week,CTP,Context (Categories 1-3),1,34.00,27,9.2640,18.0676,54.6207,N,,08/2020,Incumbent
21-1093.00,Social and Human Service Assistants,4.C.3.d.8,Duration of Typical Work Week,CTP,Context (Categories 1-3),2,49.86,27,8.4639,33.1472,66.6034,N,,08/2020,Incumbent
21-1093.00,Social and Human Service Assistants,4.C.3.d.8,Duration of Typical Work Week,CTP,Context (Categories 1-3),3,16.14,27,8.8268,4.7946,42.3761,N,,08/2020,Incumbent
21-1094.00,Community Health Workers,4.C.3.d.8,Duration of Typical Work Week,CT,Context,,1.82,20,0.4582,1.0000,2.7789,N,,07/2013,Incumbent
21-1094.00,Community Health Workers,4.C.3.d.8,Duration of Typical Work Week,CTP,Context (Categories 1-3),1,42.90,20,28.0152,6.4174,89.1650,Y,,07/2013,Incumbent
21-1094.00,Community Health Workers,4.C.3.d.8,Duration of Typical Work Week,CTP,Context (Categories 1-3),2,32.23,20,14.7242,10.3931,66.0983,N,,07/2013,Incumbent
21-1094.00,Community Health Workers,4.C.3.d.8,Duration of Typical Work Week,CTP,Context (Categories 1-3),3,24.88,20,19.3244,3.6627,74.2516,Y,,07/2013,Incumbent
21-2011.00,Clergy,4.C.3.d.8,Duration of Typical Work Week,CT,Context,,2.48,23,0.2915,1.8728,3.0000,N,,08/2023,Incumbent
21-2011.00,Clergy,4.C.3.d.8,Duration of Typical Work Week,CTP,Context (Categories 1-3),1,18.94,23,15.2497,2.8938,64.7020,N,,08/2023,Incumbent
21-2011.00,Clergy,4.C.3.d.8,Duration of Typical Work Week,CTP,Context (Categories 1-3),2,14.38,23,6.9298,4.9674,35.0507,N,,08/2023,Incumbent
21-2011.00,Clergy,4.C.3.d.8,Duration of Typical Work Week,CTP,Context (Categories 1-3),3,66.68,23,14.7078,33.6432,88.7587,N,,08/2023,Incumbent
21-2021.00,"Directors, Religious Activities and Education",4.C.3.d.8,Duration of Typical Work Week,CT,Context,,1.52,17,0.2220,1.0513,1.9926,N,,08/2023,Incumbent
21-2021.00,"Directors, Religious Activities and Education",4.C.3.d.8,Duration of Typical Work Week,CTP,Context (Categories 1-3),1,61.01,17,13.4577,32.0502,83.8518,N,,08/2023,Incumbent
21-2021.00,"Directors, Religious Activities and Education",4.C.3.d.8,Duration of Typical Work Week,CTP,Context (Categories 1-3),2,25.78,17,11.5898,8.7711,55.6394,N,,08/2023,Incumbent
21-2021.00,"Directors, Religious Activities and Education",4.C.3.d.8,Duration of Typical Work Week,CTP,Context (Categories 1-3),3,13.21,17,11.5110,1.7798,56.1155,N,,08/2023,Incumbent
23-1011.00,Lawyers,4.C.3.d.8,Duration of Typical Work Week,CT,Context,,2.54,26,0.0965,2.3377,2.7353,N,,08/2024,Incumbent
23-1011.00,Lawyers,4.C.3.d.8,Duration of Typical Work Week,CTP,Context (Categories 1-3),1,12.51,26,2.4976,8.2016,18.6160,N,,08/2024,Incumbent
23-1011.00,Lawyers,4.C.3.d.8,Duration of Typical Work Week,CTP,Context (Categories 1-3),2,21.34,26,8.6100,8.6163,43.8249,N,,08/2024,Incumbent
23-1011.00,Lawyers,4.C.3.d.8,Duration of Typical Work Week,CTP,Context (Categories 1-3),3,66.16,26,8.7978,46.5312,81.4512,N,,08/2024,Incumbent
23-1012.00,Judicial Law Clerks,4.C.3.d.8,Duration of Typical Work Week,CT,Context,,2.28,17,0.1424,1.9775,2.5814,N,,08/2021,Incumbent
23-1012.00,Judicial Law Clerks,4.C.3.d.8,Duration of Typical Work Week,CTP,Context (Categories 1-3),1,3.62,17,3.6797,0.3985,26.0235,N,,08/2021,Incumbent
23-1012.00,Judicial Law Clerks,4.C.3.d.8,Duration of Typical Work Week,CTP,Context (Categories 1-3),2,64.82,17,13.1528,35.1718,86.2246,N,,08/2021,Incumbent
23-1012.00,Judicial Law Clerks,4.C.3.d.8,Duration of Typical Work Week,CTP,Context (Categories 1-3),3,31.56,17,13.2061,11.2034,62.7630,N,,08/2021,Incumbent
23-1021.00,"Administrative Law Judges, Adjudicators, and Hearing Officers",4.C.3.d.8,Duration of Typical Work Week,CT,Context,,1.81,26,0.1126,1.5742,2.0379,N,,08/2020,Incumbent
23-1021.00,"Administrative Law Judges, Adjudicators, and Hearing Officers",4.C.3.d.8,Duration of Typical Work Week,CTP,Context (Categories 1-3),1,19.91,26,11.2753,5.4767,51.6082,N,,08/2020,Incumbent
23-1021.00,"Administrative Law Judges, Adjudicators, and Hearing Officers",4.C.3.d.8,Duration of Typical Work Week,CTP,Context (Categories 1-3),2,79.58,26,11.3186,48.1441,94.2388,N,,08/2020,Incumbent
23-1021.00,"Administrative Law Judges, Adjudicators, and Hearing Officers",4.C.3.d.8,Duration of Typical Work Week,CTP,Context (Categories 1-3),3,0.51,26,0.5347,0.0591,4.2826,N,,08/2020,Incumbent
23-1022.00,"Arbitrators, Mediators, and Conciliators",4.C.3.d.8,Duration of Typical Work Week,CT,Context,,2.26,19,,,,,,08/2024,Occupational Expert
23-1022.00,"Arbitrators, Mediators, and Conciliators",4.C.3.d.8,Duration of Typical Work Week,CTP,Context (Categories 1-3),1,21.05,19,,,,,,08/2024,Occupational Expert
23-1022.00,"Arbitrators, Mediators, and Conciliators",4.C.3.d.8,Duration of Typical Work Week,CTP,Context (Categories 1-3),2,31.58,19,,,,,,08/2024,Occupational Expert
23-1022.00,"Arbitrators, Mediators, and Conciliators",4.C.3.d.8,Duration of Typical Work Week,CTP,Context (Categories 1-3),3,47.37,19,,,,,,08/2024,Occupational Expert
23-1023.00,"Judges, Magistrate Judges, and Magistrates",4.C.3.d.8,Duration of Typical Work Week,CT,Context,,2.58,20,0.2162,2.1306,3.0000,N,,08/2020,Incumbent
23-1023.00,"Judges, Magistrate Judges, and Magistrates",4.C.3.d.8,Duration of Typical Work Week,CTP,Context (Categories 1-3),1,10.37,20,9.9665,1.2109,52.1907,N,,08/2020,Incumbent
23-1023.00,"Judges, Magistrate Judges, and Magistrates",4.C.3.d.8,Duration of Typical Work Week,CTP,Context (Categories 1-3),2,20.95,20,10.9661,6.2161,51.4493,N,,08/2020,Incumbent
23-1023.00,"Judges, Magistrate Judges, and Magistrates",4.C.3.d.8,Duration of Typical Work Week,CTP,Context (Categories 1-3),3,68.68,20,13.9491,36.0766,89.4974,N,,08/2020,Incumbent
23-2011.00,Paralegals and Legal Assistants,4.C.3.d.8,Duration of Typical Work Week,CT,Context,,2.11,19,0.2492,1.5819,2.6288,N,,08/2024,Incumbent
23-2011.00,Paralegals and Legal Assistants,4.C.3.d.8,Duration of Typical Work Week,CTP,Context (Categories 1-3),1,26.01,19,11.1241,9.4477,54.2117,N,,08/2024,Incumbent
23-2011.00,Paralegals and Legal Assistants,4.C.3.d.8,Duration of Typical Work Week,CTP,Context (Categories 1-3),2,37.45,19,12.5436,16.2771,64.8433,N,,08/2024,Incumbent
23-2011.00,Paralegals and Legal Assistants,4.C.3.d.8,Duration of Typical Work Week,CTP,Context (Categories 1-3),3,36.54,19,16.2885,11.6316,71.5811,N,,08/2024,Incumbent
23-2093.00,"Title Examiners, Abstractors, and Searchers",4.C.3.d.8,Duration of Typical Work Week,CT,Context,,2.03,17,0.1637,1.6851,2.3790,N,,07/2017,Incumbent
23-2093.00,"Title Examiners, Abstractors, and Searchers",4.C.3.d.8,Duration of Typical Work Week,CTP,Context (Categories 1-3),1,16.18,17,8.9698,4.5370,43.9596,N,,07/2017,Incumbent
23-2093.00,"Title Examiners, Abstractors, and Searchers",4.C.3.d.8,Duration of Typical Work Week,CTP,Context (Categories 1-3),2,64.43,17,11.7611,37.8994,84.3172,N,,07/2017,Incumbent
23-2093.00,"Title Examiners, Abstractors, and Searchers",4.C.3.d.8,Duration of Typical Work Week,CTP,Context (Categories 1-3),3,19.39,17,11.0747,5.0815,51.9279,N,,07/2017,Incumbent
25-1011.00,"Business Teachers, Postsecondary",4.C.3.d.8,Duration of Typical Work Week,CT,Context,,2.28,35,0.1850,1.9077,2.6595,N,,08/2019,Incumbent
25-1011.00,"Business Teachers, Postsecondary",4.C.3.d.8,Duration of Typical Work Week,CTP,Context (Categories 1-3),1,22.66,35,10.1751,8.2565,48.8054,N,,08/2019,Incumbent
25-1011.00,"Business Teachers, Postsecondary",4.C.3.d.8,Duration of Typical Work Week,CTP,Context (Categories 1-3),2,26.33,35,12.7739,8.5695,57.6736,N,,08/2019,Incumbent
25-1011.00,"Business Teachers, Postsecondary",4.C.3.d.8,Duration of Typical Work Week,CTP,Context (Categories 1-3),3,51.02,35,12.2115,27.8403,73.7645,N,,08/2019,Incumbent
25-1021.00,"Computer Science Teachers, Postsecondary",4.C.3.d.8,Duration of Typical Work Week,CT,Context,,2.49,32,0.1517,2.1769,2.7955,N,,08/2019,Incumbent
25-1021.00,"Computer Science Teachers, Postsecondary",4.C.3.d.8,Duration of Typical Work Week,CTP,Context (Categories 1-3),1,8.26,32,5.0527,2.2614,25.9668,N,,08/2019,Incumbent
25-1021.00,"Computer Science Teachers, Postsecondary",4.C.3.d.8,Duration of Typical Work Week,CTP,Context (Categories 1-3),2,34.85,32,12.6967,14.6045,62.5972,N,,08/2019,Incumbent
25-1021.00,"Computer Science Teachers, Postsecondary",4.C.3.d.8,Duration of Typical Work Week,CTP,Context (Categories 1-3),3,56.88,32,13.0421,30.8431,79.6019,N,,08/2019,Incumbent
25-1022.00,"Mathematical Science Teachers, Postsecondary",4.C.3.d.8,Duration of Typical Work Week,CT,Context,,2.28,40,0.2032,1.8711,2.6931,N,,08/2019,Incumbent
25-1022.00,"Mathematical Science Teachers, Postsecondary",4.C.3.d.8,Duration of Typical Work Week,CTP,Context (Categories 1-3),1,32.65,40,10.0100,16.1809,54.9014,N,,08/2019,Incumbent
25-1022.00,"Mathematical Science Teachers, Postsecondary",4.C.3.d.8,Duration of Typical Work Week,CTP,Context (Categories 1-3),2,6.49,40,3.3630,2.2114,17.5526,N,,08/2019,Incumbent
25-1022.00,"Mathematical Science Teachers, Postsecondary",4.C.3.d.8,Duration of Typical Work Week,CTP,Context (Categories 1-3),3,60.86,40,10.5792,38.7740,79.2465,N,,08/2019,Incumbent
25-1031.00,"Architecture Teachers, Postsecondary",4.C.3.d.8,Duration of Typical Work Week,CT,Context,,2.22,27,0.2120,1.7858,2.6574,N,,08/2019,Incumbent
25-1031.00,"Architecture Teachers, Postsecondary",4.C.3.d.8,Duration of Typical Work Week,CTP,Context (Categories 1-3),1,32.16,27,9.7341,15.9277,54.2555,N,,08/2019,Incumbent
25-1031.00,"Architecture Teachers, Postsecondary",4.C.3.d.8,Duration of Typical Work Week,CTP,Context (Categories 1-3),2,13.53,27,6.9447,4.4123,34.6431,N,,08/2019,Incumbent
25-1031.00,"Architecture Teachers, Postsecondary",4.C.3.d.8,Duration of Typical Work Week,CTP,Context (Categories 1-3),3,54.32,27,12.4143,29.8312,76.8776,N,,08/2019,Incumbent
25-1032.00,"Engineering Teachers, Postsecondary",4.C.3.d.8,Duration of Typical Work Week,CT,Context,,2.93,21,0.0469,2.8319,3.0000,N,,08/2019,Incumbent
25-1032.00,"Engineering Teachers, Postsecondary",4.C.3.d.8,Duration of Typical Work Week,CTP,Context (Categories 1-3),1,0.00,21,0.0000,,,N,,08/2019,Incumbent
25-1032.00,"Engineering Teachers, Postsecondary",4.C.3.d.8,Duration of Typical Work Week,CTP,Context (Categories 1-3),2,7.02,21,4.6890,1.6618,25.2501,N,,08/2019,Incumbent
25-1032.00,"Engineering Teachers, Postsecondary",4.C.3.d.8,Duration of Typical Work Week,CTP,Context (Categories 1-3),3,92.98,21,4.6890,74.7499,98.3382,N,,08/2019,Incumbent
25-1041.00,"Agricultural Sciences Teachers, Postsecondary",4.C.3.d.8,Duration of Typical Work Week,CT,Context,,2.74,22,0.1299,2.4734,3.0000,N,,08/2019,Incumbent
25-1041.00,"Agricultural Sciences Teachers, Postsecondary",4.C.3.d.8,Duration of Typical Work Week,CTP,Context (Categories 1-3),1,0.61,22,0.6570,0.0659,5.4766,N,,08/2019,Incumbent
25-1041.00,"Agricultural Sciences Teachers, Postsecondary",4.C.3.d.8,Duration of Typical Work Week,CTP,Context (Categories 1-3),2,24.42,22,12.8824,7.0322,57.9733,N,,08/2019,Incumbent
25-1041.00,"Agricultural Sciences Teachers, Postsecondary",4.C.3.d.8,Duration of Typical Work Week,CTP,Context (Categories 1-3),3,74.97,22,12.9194,41.7083,92.6137,N,,08/2019,Incumbent
25-1042.00,"Biological Science Teachers, Postsecondary",4.C.3.d.8,Duration of Typical Work Week,CT,Context,,2.92,43,0.0356,2.8450,2.9886,N,,08/2019,Incumbent
25-1042.00,"Biological Science Teachers, Postsecondary",4.C.3.d.8,Duration of Typical Work Week,CTP,Context (Categories 1-3),1,2.23,43,1.2182,0.7312,6.5806,N,,08/2019,Incumbent
25-1042.00,"Biological Science Teachers, Postsecondary",4.C.3.d.8,Duration of Typical Work Week,CTP,Context (Categories 1-3),2,3.87,43,2.4160,1.0718,12.9922,N,,08/2019,Incumbent
25-1042.00,"Biological Science Teachers, Postsecondary",4.C.3.d.8,Duration of Typical Work Week,CTP,Context (Categories 1-3),3,93.91,43,2.7853,85.2298,97.6277,N,,08/2019,Incumbent
25-1043.00,"Forestry and Conservation Science Teachers, Postsecondary",4.C.3.d.8,Duration of Typical Work Week,CT,Context,,2.64,19,0.1842,2.2534,3.0000,N,,08/2020,Incumbent
25-1043.00,"Forestry and Conservation Science Teachers, Postsecondary",4.C.3.d.8,Duration of Typical Work Week,CTP,Context (Categories 1-3),1,0.32,19,0.3372,0.0352,2.8624,N,,08/2020,Incumbent
25-1043.00,"Forestry and Conservation Science Teachers, Postsecondary",4.C.3.d.8,Duration of Typical Work Week,CTP,Context (Categories 1-3),2,35.32,19,18.3690,9.1608,74.7314,N,,08/2020,Incumbent
25-1043.00,"Forestry and Conservation Science Teachers, Postsecondary",4.C.3.d.8,Duration of Typical Work Week,CTP,Context (Categories 1-3),3,64.36,19,18.3903,25.0971,90.6804,Y,,08/2020,Incumbent
25-1051.00,"Atmospheric, Earth, Marine, and Space Sciences Teachers, Postsecondary",4.C.3.d.8,Duration of Typical Work Week,CT,Context,,2.64,36,0.1312,2.3708,2.9033,N,,08/2019,Incumbent
25-1051.00,"Atmospheric, Earth, Marine, and Space Sciences Teachers, Postsecondary",4.C.3.d.8,Duration of Typical Work Week,CTP,Context (Categories 1-3),1,11.90,36,5.5092,4.4434,28.1897,N,,08/2019,Incumbent
25-1051.00,"Atmospheric, Earth, Marine, and Space Sciences Teachers, Postsecondary",4.C.3.d.8,Duration of Typical Work Week,CTP,Context (Categories 1-3),2,12.49,36,7.3896,3.4899,36.0246,N,,08/2019,Incumbent
25-1051.00,"Atmospheric, Earth, Marine, and Space Sciences Teachers, Postsecondary",4.C.3.d.8,Duration of Typical Work Week,CTP,Context (Categories 1-3),3,75.61,36,9.1082,53.2137,89.4170,N,,08/2019,Incumbent
25-1052.00,"Chemistry Teachers, Postsecondary",4.C.3.d.8,Duration of Typical Work Week,CT,Context,,2.74,32,0.1614,2.4088,3.0000,N,,08/2019,Incumbent
25-1052.00,"Chemistry Teachers, Postsecondary",4.C.3.d.8,Duration of Typical Work Week,CTP,Context (Categories 1-3),1,9.62,32,7.7901,1.6847,39.8192,N,,08/2019,Incumbent
25-1052.00,"Chemistry Teachers, Postsecondary",4.C.3.d.8,Duration of Typical Work Week,CTP,Context (Categories 1-3),2,6.96,32,4.8931,1.5767,25.8890,N,,08/2019,Incumbent
25-1052.00,"Chemistry Teachers, Postsecondary",4.C.3.d.8,Duration of Typical Work Week,CTP,Context (Categories 1-3),3,83.42,32,9.0261,57.0693,95.0084,N,,08/2019,Incumbent
25-1053.00,"Environmental Science Teachers, Postsecondary",4.C.3.d.8,Duration of Typical Work Week,CT,Context,,2.50,52,0.1352,2.2290,2.7719,N,,08/2019,Incumbent
25-1053.00,"Environmental Science Teachers, Postsecondary",4.C.3.d.8,Duration of Typical Work Week,CTP,Context (Categories 1-3),1,9.33,52,5.6443,2.6234,28.2016,N,,08/2019,Incumbent
25-1053.00,"Environmental Science Teachers, Postsecondary",4.C.3.d.8,Duration of Typical Work Week,CTP,Context (Categories 1-3),2,31.30,52,10.1519,15.0075,54.0321,N,,08/2019,Incumbent
25-1053.00,"Environmental Science Teachers, Postsecondary",4.C.3.d.8,Duration of Typical Work Week,CTP,Context (Categories 1-3),3,59.37,52,10.5388,37.8084,77.8436,N,,08/2019,Incumbent
25-1054.00,"Physics Teachers, Postsecondary",4.C.3.d.8,Duration of Typical Work Week,CT,Context,,2.43,42,0.1985,2.0257,2.8275,N,,08/2019,Incumbent
25-1054.00,"Physics Teachers, Postsecondary",4.C.3.d.8,Duration of Typical Work Week,CTP,Context (Categories 1-3),1,20.08,42,9.9323,6.7127,46.7187,N,,08/2019,Incumbent
25-1054.00,"Physics Teachers, Postsecondary",4.C.3.d.8,Duration of Typical Work Week,CTP,Context (Categories 1-3),2,17.19,42,7.4304,6.7428,37.3284,N,,08/2019,Incumbent
25-1054.00,"Physics Teachers, Postsecondary",4.C.3.d.8,Duration of Typical Work Week,CTP,Context (Categories 1-3),3,62.74,42,11.2235,38.9701,81.6167,N,,08/2019,Incumbent
25-1061.00,"Anthropology and Archeology Teachers, Postsecondary",4.C.3.d.8,Duration of Typical Work Week,CT,Context,,3.00,22,,,,,,08/2025,Occupational Expert
25-1061.00,"Anthropology and Archeology Teachers, Postsecondary",4.C.3.d.8,Duration of Typical Work Week,CTP,Context (Categories 1-3),1,0.00,22,,,,,,08/2025,Occupational Expert
25-1061.00,"Anthropology and Archeology Teachers, Postsecondary",4.C.3.d.8,Duration of Typical Work Week,CTP,Context (Categories 1-3),2,0.00,22,,,,,,08/2025,Occupational Expert
25-1061.00,"Anthropology and Archeology Teachers, Postsecondary",4.C.3.d.8,Duration of Typical Work Week,CTP,Context (Categories 1-3),3,100.00,22,,,,,,08/2025,Occupational Expert
25-1062.00,"Area, Ethnic, and Cultural Studies Teachers, Postsecondary",4.C.3.d.8,Duration of Typical Work Week,CT,Context,,2.71,41,0.1477,2.4148,3.0000,N,,08/2019,Incumbent
25-1062.00,"Area, Ethnic, and Cultural Studies Teachers, Postsecondary",4.C.3.d.8,Duration of Typical Work Week,CTP,Context (Categories 1-3),1,10.29,41,7.2320,2.3009,35.8460,N,,08/2019,Incumbent
25-1062.00,"Area, Ethnic, and Cultural Studies Teachers, Postsecondary",4.C.3.d.8,Duration of Typical Work Week,CTP,Context (Categories 1-3),2,8.08,41,4.3343,2.6344,22.2340,N,,08/2019,Incumbent
25-1062.00,"Area, Ethnic, and Cultural Studies Teachers, Postsecondary",4.C.3.d.8,Duration of Typical Work Week,CTP,Context (Categories 1-3),3,81.62,41,8.1377,59.7383,93.0066,N,,08/2019,Incumbent
25-1063.00,"Economics Teachers, Postsecondary",4.C.3.d.8,Duration of Typical Work Week,CT,Context,,2.52,24,0.1896,2.1274,2.9120,N,,08/2019,Incumbent
25-1063.00,"Economics Teachers, Postsecondary",4.C.3.d.8,Duration of Typical Work Week,CTP,Context (Categories 1-3),1,7.75,24,5.7669,1.5600,30.8254,N,,08/2019,Incumbent
25-1063.00,"Economics Teachers, Postsecondary",4.C.3.d.8,Duration of Typical Work Week,CTP,Context (Categories 1-3),2,32.53,24,16.5204,9.2213,69.5822,N,,08/2019,Incumbent
25-1063.00,"Economics Teachers, Postsecondary",4.C.3.d.8,Duration of Typical Work Week,CTP,Context (Categories 1-3),3,59.72,24,16.8236,25.8670,86.3031,N,,08/2019,Incumbent
25-1064.00,"Geography Teachers, Postsecondary",4.C.3.d.8,Duration of Typical Work Week,CT,Context,,2.45,38,0.1949,2.0589,2.8489,N,,08/2019,Incumbent
25-1064.00,"Geography Teachers, Postsecondary",4.C.3.d.8,Duration of Typical Work Week,CTP,Context (Categories 1-3),1,14.03,38,7.8294,4.1984,37.8117,N,,08/2019,Incumbent
25-1064.00,"Geography Teachers, Postsecondary",4.C.3.d.8,Duration of Typical Work Week,CTP,Context (Categories 1-3),2,26.54,38,11.6522,9.7181,54.8081,N,,08/2019,Incumbent
25-1064.00,"Geography Teachers, Postsecondary",4.C.3.d.8,Duration of Typical Work Week,CTP,Context (Categories 1-3),3,59.43,38,14.0216,31.0732,82.6337,N,,08/2019,Incumbent
25-1065.00,"Political Science Teachers, Postsecondary",4.C.3.d.8,Duration of Typical Work Week,CT,Context,,2.73,37,0.1141,2.4948,2.9578,N,,08/2019,Incumbent
25-1065.00,"Political Science Teachers, Postsecondary",4.C.3.d.8,Duration of Typical Work Week,CTP,Context (Categories 1-3),1,9.19,37,6.2778,2.1513,31.7582,N,,08/2019,Incumbent
25-1065.00,"Political Science Teachers, Postsecondary",4.C.3.d.8,Duration of Typical Work Week,CTP,Context (Categories 1-3),2,9.00,37,7.2919,1.6002,37.5659,N,,08/2019,Incumbent
25-1065.00,"Political Science Teachers, Postsecondary",4.C.3.d.8,Duration of Typical Work Week,CTP,Context (Categories 1-3),3,81.81,37,7.2332,62.6636,92.3408,N,,08/2019,Incumbent
25-1066.00,"Psychology Teachers, Postsecondary",4.C.3.d.8,Duration of Typical Work Week,CT,Context,,2.61,29,0.1616,2.2824,2.9446,N,,08/2019,Incumbent
25-1066.00,"Psychology Teachers, Postsecondary",4.C.3.d.8,Duration of Typical Work Week,CTP,Context (Categories 1-3),1,8.29,29,5.4994,2.0134,28.4571,N,,08/2019,Incumbent
25-1066.00,"Psychology Teachers, Postsecondary",4.C.3.d.8,Duration of Typical Work Week,CTP,Context (Categories 1-3),2,22.07,29,11.0918,7.0268,51.4856,N,,08/2019,Incumbent
25-1066.00,"Psychology Teachers, Postsecondary",4.C.3.d.8,Duration of Typical Work Week,CTP,Context (Categories 1-3),3,69.64,29,12.7234,40.0707,88.7238,N,,08/2019,Incumbent
25-1067.00,"Sociology Teachers, Postsecondary",4.C.3.d.8,Duration of Typical Work Week,CT,Context,,2.44,33,0.1831,2.0639,2.8099,N,,08/2019,Incumbent
25-1067.00,"Sociology Teachers, Postsecondary",4.C.3.d.8,Duration of Typical Work Week,CTP,Context (Categories 1-3),1,21.72,33,8.8878,8.7321,44.5897,N,,08/2019,Incumbent
25-1067.00,"Sociology Teachers, Postsecondary",4.C.3.d.8,Duration of Typical Work Week,CTP,Context (Categories 1-3),2,12.87,33,7.5243,3.6288,36.6856,N,,08/2019,Incumbent
25-1067.00,"Sociology Teachers, Postsecondary",4.C.3.d.8,Duration of Typical Work Week,CTP,Context (Categories 1-3),3,65.41,33,10.8155,41.6632,83.3522,N,,08/2019,Incumbent
25-1071.00,"Health Specialties Teachers, Postsecondary",4.C.3.d.8,Duration of Typical Work Week,CT,Context,,2.35,17,0.1657,2.0023,2.7047,N,,08/2019,Incumbent
25-1071.00,"Health Specialties Teachers, Postsecondary",4.C.3.d.8,Duration of Typical Work Week,CTP,Context (Categories 1-3),1,10.91,17,7.2171,2.4773,37.1448,N,,08/2019,Incumbent
25-1071.00,"Health Specialties Teachers, Postsecondary",4.C.3.d.8,Duration of Typical Work Week,CTP,Context (Categories 1-3),2,42.82,17,17.6686,13.9546,77.5653,N,,08/2019,Incumbent
25-1071.00,"Health Specialties Teachers, Postsecondary",4.C.3.d.8,Duration of Typical Work Week,CTP,Context (Categories 1-3),3,46.27,17,15.5314,18.6338,76.4010,N,,08/2019,Incumbent
25-1072.00,"Nursing Instructors and Teachers, Postsecondary",4.C.3.d.8,Duration of Typical Work Week,CT,Context,,2.71,35,0.1273,2.4503,2.9678,N,,08/2019,Incumbent
25-1072.00,"Nursing Instructors and Teachers, Postsecondary",4.C.3.d.8,Duration of Typical Work Week,CTP,Context (Categories 1-3),1,6.69,35,6.0862,0.9769,34.2225,N,,08/2019,Incumbent
25-1072.00,"Nursing Instructors and Teachers, Postsecondary",4.C.3.d.8,Duration of Typical Work Week,CTP,Context (Categories 1-3),2,15.72,35,6.3758,6.5564,33.1554,N,,08/2019,Incumbent
25-1072.00,"Nursing Instructors and Teachers, Postsecondary",4.C.3.d.8,Duration of Typical Work Week,CTP,Context (Categories 1-3),3,77.59,35,8.0217,57.5530,89.8412,N,,08/2019,Incumbent
25-1081.00,"Education Teachers, Postsecondary",4.C.3.d.8,Duration of Typical Work Week,CT,Context,,2.59,19,0.1487,2.2802,2.9050,N,,08/2019,Incumbent
25-1081.00,"Education Teachers, Postsecondary",4.C.3.d.8,Duration of Typical Work Week,CTP,Context (Categories 1-3),1,5.51,19,4.5443,0.9243,26.7282,N,,08/2019,Incumbent
25-1081.00,"Education Teachers, Postsecondary",4.C.3.d.8,Duration of Typical Work Week,CTP,Context (Categories 1-3),2,29.72,19,13.8757,9.4772,63.0626,N,,08/2019,Incumbent
25-1081.00,"Education Teachers, Postsecondary",4.C.3.d.8,Duration of Typical Work Week,CTP,Context (Categories 1-3),3,64.77,19,13.6445,34.3612,86.5922,N,,08/2019,Incumbent
25-1082.00,"Library Science Teachers, Postsecondary",4.C.3.d.8,Duration of Typical Work Week,CT,Context,,2.38,19,0.0996,2.1725,2.5909,N,,08/2019,Incumbent
25-1082.00,"Library Science Teachers, Postsecondary",4.C.3.d.8,Duration of Typical Work Week,CTP,Context (Categories 1-3),1,4.21,19,3.9975,0.5454,26.0664,N,,08/2019,Incumbent
25-1082.00,"Library Science Teachers, Postsecondary",4.C.3.d.8,Duration of Typical Work Week,CTP,Context (Categories 1-3),2,53.41,19,12.6354,28.2854,76.9098,N,,08/2019,Incumbent
25-1082.00,"Library Science Teachers, Postsecondary",4.C.3.d.8,Duration of Typical Work Week,CTP,Context (Categories 1-3),3,42.38,19,10.6505,22.7342,64.7762,N,,08/2019,Incumbent
25-1111.00,"Criminal Justice and Law Enforcement Teachers, Postsecondary",4.C.3.d.8,Duration of Typical Work Week,CT,Context,,2.52,22,0.1956,2.1110,2.9245,N,,08/2019,Incumbent
25-1111.00,"Criminal Justice and Law Enforcement Teachers, Postsecondary",4.C.3.d.8,Duration of Typical Work Week,CTP,Context (Categories 1-3),1,12.99,22,9.5580,2.5096,46.4230,N,,08/2019,Incumbent
25-1111.00,"Criminal Justice and Law Enforcement Teachers, Postsecondary",4.C.3.d.8,Duration of Typical Work Week,CTP,Context (Categories 1-3),2,22.23,22,10.8658,7.1830,51.3701,N,,08/2019,Incumbent
25-1111.00,"Criminal Justice and Law Enforcement Teachers, Postsecondary",4.C.3.d.8,Duration of Typical Work Week,CTP,Context (Categories 1-3),3,64.77,22,12.6069,36.8194,85.2957,N,,08/2019,Incumbent
25-1112.00,"Law Teachers, Postsecondary",4.C.3.d.8,Duration of Typical Work Week,CT,Context,,2.16,36,0.1750,1.8025,2.5133,N,,08/2019,Incumbent
25-1112.00,"Law Teachers, Postsecondary",4.C.3.d.8,Duration of Typical Work Week,CTP,Context (Categories 1-3),1,22.77,36,9.6183,8.8560,47.2308,N,,08/2019,Incumbent
25-1112.00,"Law Teachers, Postsecondary",4.C.3.d.8,Duration of Typical Work Week,CTP,Context (Categories 1-3),2,38.66,36,11.3165,19.3057,62.4161,N,,08/2019,Incumbent
25-1112.00,"Law Teachers, Postsecondary",4.C.3.d.8,Duration of Typical Work Week,CTP,Context (Categories 1-3),3,38.56,36,11.1680,19.4245,62.0400,N,,08/2019,Incumbent
25-1113.00,"Social Work Teachers, Postsecondary",4.C.3.d.8,Duration of Typical Work Week,CT,Context,,2.47,17,0.2390,1.9606,2.9740,N,,08/2021,Incumbent
25-1113.00,"Social Work Teachers, Postsecondary",4.C.3.d.8,Duration of Typical Work Week,CTP,Context (Categories 1-3),1,13.74,17,13.3932,1.4293,63.6163,N,,08/2021,Incumbent
25-1113.00,"Social Work Teachers, Postsecondary",4.C.3.d.8,Duration of Typical Work Week,CTP,Context (Categories 1-3),2,25.80,17,9.7310,10.5828,50.5291,N,,08/2021,Incumbent
25-1113.00,"Social Work Teachers, Postsecondary",4.C.3.d.8,Duration of Typical Work Week,CTP,Context (Categories 1-3),3,60.47,17,12.3955,33.7523,82.1150,N,,08/2021,Incumbent
25-1121.00,"Art, Drama, and Music Teachers, Postsecondary",4.C.3.d.8,Duration of Typical Work Week,CT,Context,,2.23,56,0.1476,1.9376,2.5292,N,,08/2019,Incumbent
25-1121.00,"Art, Drama, and Music Teachers, Postsecondary",4.C.3.d.8,Duration of Typical Work Week,CTP,Context (Categories 1-3),1,24.51,56,7.7253,12.3269,42.8434,N,,08/2019,Incumbent
25-1121.00,"Art, Drama, and Music Teachers, Postsecondary",4.C.3.d.8,Duration of Typical Work Week,CTP,Context (Categories 1-3),2,27.64,56,6.3489,16.8207,41.9181,N,,08/2019,Incumbent
25-1121.00,"Art, Drama, and Music Teachers, Postsecondary",4.C.3.d.8,Duration of Typical Work Week,CTP,Context (Categories 1-3),3,47.85,56,8.3313,31.9699,64.1761,N,,08/2019,Incumbent
25-1122.00,"Communications Teachers, Postsecondary",4.C.3.d.8,Duration of Typical Work Week,CT,Context,,2.09,22,0.2797,1.5109,2.6744,N,,08/2019,Incumbent
25-1122.00,"Communications Teachers, Postsecondary",4.C.3.d.8,Duration of Typical Work Week,CTP,Context (Categories 1-3),1,44.98,22,13.9998,20.1344,72.6104,N,,08/2019,Incumbent
25-1122.00,"Communications Teachers, Postsecondary",4.C.3.d.8,Duration of Typical Work Week,CTP,Context (Categories 1-3),2,0.77,22,0.5924,0.1563,3.7360,N,,08/2019,Incumbent
25-1122.00,"Communications Teachers, Postsecondary",4.C.3.d.8,Duration of Typical Work Week,CTP,Context (Categories 1-3),3,54.25,22,13.9805,26.8717,79.2768,N,,08/2019,Incumbent
25-1123.00,"English Language and Literature Teachers, Postsecondary",4.C.3.d.8,Duration of Typical Work Week,CT,Context,,2.06,35,0.2664,1.5208,2.6034,N,,08/2019,Incumbent
25-1123.00,"English Language and Literature Teachers, Postsecondary",4.C.3.d.8,Duration of Typical Work Week,CTP,Context (Categories 1-3),1,33.23,35,15.3120,10.9065,66.9221,N,,08/2019,Incumbent
25-1123.00,"English Language and Literature Teachers, Postsecondary",4.C.3.d.8,Duration of Typical Work Week,CTP,Context (Categories 1-3),2,27.33,35,11.1657,10.7143,54.1070,N,,08/2019,Incumbent
25-1123.00,"English Language and Literature Teachers, Postsecondary",4.C.3.d.8,Duration of Typical Work Week,CTP,Context (Categories 1-3),3,39.44,35,13.5147,17.0956,67.2823,N,,08/2019,Incumbent
25-1124.00,"Foreign Language and Literature Teachers, Postsecondary",4.C.3.d.8,Duration of Typical Work Week,CT,Context,,2.72,25,0.1261,2.4639,2.9844,N,,08/2019,Incumbent
25-1124.00,"Foreign Language and Literature Teachers, Postsecondary",4.C.3.d.8,Duration of Typical Work Week,CTP,Context (Categories 1-3),1,1.67,25,1.5554,0.2397,10.7140,N,,08/2019,Incumbent
25-1124.00,"Foreign Language and Literature Teachers, Postsecondary",4.C.3.d.8,Duration of Typical Work Week,CTP,Context (Categories 1-3),2,24.24,25,12.2578,7.4693,55.9252,N,,08/2019,Incumbent
25-1124.00,"Foreign Language and Literature Teachers, Postsecondary",4.C.3.d.8,Duration of Typical Work Week,CTP,Context (Categories 1-3),3,74.09,25,12.3370,43.1479,91.5032,N,,08/2019,Incumbent
25-1125.00,"History Teachers, Postsecondary",4.C.3.d.8,Duration of Typical Work Week,CT,Context,,2.68,22,0.1240,2.4213,2.9370,N,,08/2019,Incumbent
25-1125.00,"History Teachers, Postsecondary",4.C.3.d.8,Duration of Typical Work Week,CTP,Context (Categories 1-3),1,4.35,22,3.1780,0.9216,18.2076,N,,08/2019,Incumbent
25-1125.00,"History Teachers, Postsecondary",4.C.3.d.8,Duration of Typical Work Week,CTP,Context (Categories 1-3),2,23.38,22,11.7053,7.2715,54.2874,N,,08/2019,Incumbent
25-1125.00,"History Teachers, Postsecondary",4.C.3.d.8,Duration of Typical Work Week,CTP,Context (Categories 1-3),3,72.27,22,11.6306,43.8042,89.7019,N,,08/2019,Incumbent
25-1126.00,"Philosophy and Religion Teachers, Postsecondary",4.C.3.d.8,Duration of Typical Work Week,CT,Context,,2.47,33,0.2261,2.0134,2.9347,N,,08/2019,Incumbent
25-1126.00,"Philosophy and Religion Teachers, Postsecondary",4.C.3.d.8,Duration of Typical Work Week,CTP,Context (Categories 1-3),1,21.84,33,11.3307,6.7403,51.9246,N,,08/2019,Incumbent
25-1126.00,"Philosophy and Religion Teachers, Postsecondary",4.C.3.d.8,Duration of Typical Work Week,CTP,Context (Categories 1-3),2,8.92,33,4.9564,2.7483,25.3362,N,,08/2019,Incumbent
25-1126.00,"Philosophy and Religion Teachers, Postsecondary",4.C.3.d.8,Duration of Typical Work Week,CTP,Context (Categories 1-3),3,69.24,33,11.8156,42.1018,87.4526,N,,08/2019,Incumbent
25-1192.00,"Family and Consumer Sciences Teachers, Postsecondary",4.C.3.d.8,Duration of Typical Work Week,CT,Context,,2.59,30,0.2010,2.1811,3.0000,N,,08/2019,Incumbent
25-1192.00,"Family and Consumer Sciences Teachers, Postsecondary",4.C.3.d.8,Duration of Typical Work Week,CTP,Context (Categories 1-3),1,11.94,30,9.1510,2.2345,44.5706,N,,08/2019,Incumbent
25-1192.00,"Family and Consumer Sciences Teachers, Postsecondary",4.C.3.d.8,Duration of Typical Work Week,CTP,Context (Categories 1-3),2,16.90,30,10.2452,4.3722,47.4843,N,,08/2019,Incumbent
25-1192.00,"Family and Consumer Sciences Teachers, Postsecondary",4.C.3.d.8,Duration of Typical Work Week,CTP,Context (Categories 1-3),3,71.16,30,13.0705,40.1480,90.0797,N,,08/2019,Incumbent
25-1193.00,"Recreation and Fitness Studies Teachers, Postsecondary",4.C.3.d.8,Duration of Typical Work Week,CT,Context,,2.40,35,0.1568,2.0839,2.7214,N,,08/2019,Incumbent
25-1193.00,"Recreation and Fitness Studies Teachers, Postsecondary",4.C.3.d.8,Duration of Typical Work Week,CTP,Context (Categories 1-3),1,13.34,35,6.4405,4.7297,32.3227,N,,08/2019,Incumbent
25-1193.00,"Recreation and Fitness Studies Teachers, Postsecondary",4.C.3.d.8,Duration of Typical Work Week,CTP,Context (Categories 1-3),2,33.05,35,10.4631,15.8820,56.3402,N,,08/2019,Incumbent
25-1193.00,"Recreation and Fitness Studies Teachers, Postsecondary",4.C.3.d.8,Duration of Typical Work Week,CTP,Context (Categories 1-3),3,53.61,35,11.6732,30.8044,74.9975,N,,08/2019,Incumbent
25-1194.00,"Career/Technical Education Teachers, Postsecondary",4.C.3.d.8,Duration of Typical Work Week,CT,Context,,1.83,42,0.1687,1.4897,2.1712,N,,08/2019,Incumbent
25-1194.00,"Career/Technical Education Teachers, Postsecondary",4.C.3.d.8,Duration of Typical Work Week,CTP,Context (Categories 1-3),1,45.69,42,10.6146,26.1750,66.6165,N,,08/2019,Incumbent
25-1194.00,"Career/Technical Education Teachers, Postsecondary",4.C.3.d.8,Duration of Typical Work Week,CTP,Context (Categories 1-3),2,25.58,42,7.7558,13.1170,43.9031,N,,08/2019,Incumbent
25-1194.00,"Career/Technical Education Teachers, Postsecondary",4.C.3.d.8,Duration of Typical Work Week,CTP,Context (Categories 1-3),3,28.73,42,7.7308,15.8318,46.3583,N,,08/2019,Incumbent
25-2011.00,"Preschool Teachers, Except Special Education",4.C.3.d.8,Duration of Typical Work Week,CT,Context,,1.63,30,0.1548,1.3108,1.9439,N,,08/2019,Incumbent
25-2011.00,"Preschool Teachers, Except Special Education",4.C.3.d.8,Duration of Typical Work Week,CTP,Context (Categories 1-3),1,52.16,30,8.9178,34.4226,69.3667,N,,08/2019,Incumbent
25-2011.00,"Preschool Teachers, Except Special Education",4.C.3.d.8,Duration of Typical Work Week,CTP,Context (Categories 1-3),2,32.94,30,8.8183,17.8413,52.6399,N,,08/2019,Incumbent
25-2011.00,"Preschool Teachers, Except Special Education",4.C.3.d.8,Duration of Typical Work Week,CTP,Context (Categories 1-3),3,14.90,30,8.8955,4.0014,42.3689,N,,08/2019,Incumbent
25-2012.00,"Kindergarten Teachers, Except Special Education",4.C.3.d.8,Duration of Typical Work Week,CT,Context,,2.64,40,0.1137,2.4076,2.8674,N,,08/2018,Incumbent
25-2012.00,"Kindergarten Teachers, Except Special Education",4.C.3.d.8,Duration of Typical Work Week,CTP,Context (Categories 1-3),1,5.61,40,4.3316,1.1244,23.7133,N,,08/2018,Incumbent
25-2012.00,"Kindergarten Teachers, Except Special Education",4.C.3.d.8,Duration of Typical Work Week,CTP,Context (Categories 1-3),2,25.03,40,7.7602,12.6335,43.5206,N,,08/2018,Incumbent
25-2012.00,"Kindergarten Teachers, Except Special Education",4.C.3.d.8,Duration of Typical Work Week,CTP,Context (Categories 1-3),3,69.36,40,8.7156,49.6885,83.8437,N,,08/2018,Incumbent
25-2021.00,"Elementary School Teachers, Except Special Education",4.C.3.d.8,Duration of Typical Work Week,CT,Context,,2.94,21,0.0386,2.8642,3.0000,N,,08/2024,Incumbent
25-2021.00,"Elementary School Teachers, Except Special Education",4.C.3.d.8,Duration of Typical Work Week,CTP,Context (Categories 1-3),1,2.77,21,1.9288,0.6339,11.2654,N,,08/2024,Incumbent
25-2021.00,"Elementary School Teachers, Except Special Education",4.C.3.d.8,Duration of Typical Work Week,CTP,Context (Categories 1-3),2,0.00,21,0.0000,,,N,,08/2024,Incumbent
25-2021.00,"Elementary School Teachers, Except Special Education",4.C.3.d.8,Duration of Typical Work Week,CTP,Context (Categories 1-3),3,97.23,21,1.9288,88.7346,99.3661,N,,08/2024,Incumbent
25-2022.00,"Middle School Teachers, Except Special and Career/Technical Education",4.C.3.d.8,Duration of Typical Work Week,CT,Context,,2.73,23,0.1300,2.4566,2.9959,N,,08/2024,Incumbent
25-2022.00,"Middle School Teachers, Except Special and Career/Technical Education",4.C.3.d.8,Duration of Typical Work Week,CTP,Context (Categories 1-3),1,5.04,23,4.3154,0.8121,25.6104,N,,08/2024,Incumbent
25-2022.00,"Middle School Teachers, Except Special and Career/Technical Education",4.C.3.d.8,Duration of Typical Work Week,CTP,Context (Categories 1-3),2,17.29,23,9.8659,4.7629,46.6442,N,,08/2024,Incumbent
25-2022.00,"Middle School Teachers, Except Special and Career/Technical Education",4.C.3.d.8,Duration of Typical Work Week,CTP,Context (Categories 1-3),3,77.67,23,10.7043,49.1623,92.5946,N,,08/2024,Incumbent
25-2023.00,"Career/Technical Education Teachers, Middle School",4.C.3.d.8,Duration of Typical Work Week,CT,Context,,2.65,23,0.1257,2.3934,2.9147,N,,08/2018,Incumbent
25-2023.00,"Career/Technical Education Teachers, Middle School",4.C.3.d.8,Duration of Typical Work Week,CTP,Context (Categories 1-3),1,0.00,23,0.0000,,,N,,08/2018,Incumbent
25-2023.00,"Career/Technical Education Teachers, Middle School",4.C.3.d.8,Duration of Typical Work Week,CTP,Context (Categories 1-3),2,34.60,23,12.5679,14.3237,62.6001,N,,08/2018,Incumbent
25-2023.00,"Career/Technical Education Teachers, Middle School",4.C.3.d.8,Duration of Typical Work Week,CTP,Context (Categories 1-3),3,65.40,23,12.5679,37.3999,85.6763,N,,08/2018,Incumbent
25-2031.00,"Secondary School Teachers, Except Special and Career/Technical Education",4.C.3.d.8,Duration of Typical Work Week,CT,Context,,2.50,36,0.1793,2.1363,2.8644,N,,08/2025,Incumbent
25-2031.00,"Secondary School Teachers, Except Special and Career/Technical Education",4.C.3.d.8,Duration of Typical Work Week,CTP,Context (Categories 1-3),1,5.98,36,5.9722,0.7311,35.4608,N,,08/2025,Incumbent
25-2031.00,"Secondary School Teachers, Except Special and Career/Technical Education",4.C.3.d.8,Duration of Typical Work Week,CTP,Context (Categories 1-3),2,38.01,36,16.2354,13.1452,71.2913,N,,08/2025,Incumbent
25-2031.00,"Secondary School Teachers, Except Special and Career/Technical Education",4.C.3.d.8,Duration of Typical Work Week,CTP,Context (Categories 1-3),3,56.01,36,16.0283,25.3701,82.6693,N,,08/2025,Incumbent
25-2032.00,"Career/Technical Education Teachers, Secondary School",4.C.3.d.8,Duration of Typical Work Week,CT,Context,,2.78,38,0.0845,2.6128,2.9553,N,,08/2025,Incumbent
25-2032.00,"Career/Technical Education Teachers, Secondary School",4.C.3.d.8,Duration of Typical Work Week,CTP,Context (Categories 1-3),1,1.93,38,1.9522,0.2427,13.7282,N,,08/2025,Incumbent
25-2032.00,"Career/Technical Education Teachers, Secondary School",4.C.3.d.8,Duration of Typical Work Week,CTP,Context (Categories 1-3),2,17.73,38,7.0619,7.4793,36.5007,N,,08/2025,Incumbent
25-2032.00,"Career/Technical Education Teachers, Secondary School",4.C.3.d.8,Duration of Typical Work Week,CTP,Context (Categories 1-3),3,80.34,38,7.5390,60.8372,91.4860,N,,08/2025,Incumbent
25-2051.00,"Special Education Teachers, Preschool",4.C.3.d.8,Duration of Typical Work Week,CT,Context,,2.03,20,0.2286,1.5469,2.5037,N,,08/2019,Incumbent
25-2051.00,"Special Education Teachers, Preschool",4.C.3.d.8,Duration of Typical Work Week,CTP,Context (Categories 1-3),1,21.49,20,13.9688,4.6163,60.7605,N,,08/2019,Incumbent
25-2051.00,"Special Education Teachers, Preschool",4.C.3.d.8,Duration of Typical Work Week,CTP,Context (Categories 1-3),2,54.49,20,12.8918,28.7397,78.0419,N,,08/2019,Incumbent
25-2051.00,"Special Education Teachers, Preschool",4.C.3.d.8,Duration of Typical Work Week,CTP,Context (Categories 1-3),3,24.02,20,12.2137,7.2270,56.1961,N,,08/2019,Incumbent
25-2056.00,"Special Education Teachers, Elementary School",4.C.3.d.8,Duration of Typical Work Week,CT,Context,,2.52,26,0.1998,2.1102,2.9333,N,,08/2025,Incumbent
25-2056.00,"Special Education Teachers, Elementary School",4.C.3.d.8,Duration of Typical Work Week,CTP,Context (Categories 1-3),1,12.57,26,10.1942,2.0845,49.2705,N,,08/2025,Incumbent
25-2056.00,"Special Education Teachers, Elementary School",4.C.3.d.8,Duration of Typical Work Week,CTP,Context (Categories 1-3),2,22.68,26,10.1699,8.1619,49.2003,N,,08/2025,Incumbent
25-2056.00,"Special Education Teachers, Elementary School",4.C.3.d.8,Duration of Typical Work Week,CTP,Context (Categories 1-3),3,64.74,26,12.1421,38.0431,84.5978,N,,08/2025,Incumbent
25-2057.00,"Special Education Teachers, Middle School",4.C.3.d.8,Duration of Typical Work Week,CT,Context,,2.63,18,0.1633,2.2842,2.9734,N,,08/2025,Incumbent
25-2057.00,"Special Education Teachers, Middle School",4.C.3.d.8,Duration of Typical Work Week,CTP,Context (Categories 1-3),1,1.30,18,0.9848,0.2607,6.2333,N,,08/2025,Incumbent
25-2057.00,"Special Education Teachers, Middle School",4.C.3.d.8,Duration of Typical Work Week,CTP,Context (Categories 1-3),2,34.52,18,16.2784,10.3411,70.6639,N,,08/2025,Incumbent
25-2057.00,"Special Education Teachers, Middle School",4.C.3.d.8,Duration of Typical Work Week,CTP,Context (Categories 1-3),3,64.18,18,16.2756,28.6916,88.8652,N,,08/2025,Incumbent
25-2058.00,"Special Education Teachers, Secondary School",4.C.3.d.8,Duration of Typical Work Week,CT,Context,,2.59,32,0.1309,2.3237,2.8578,N,,08/2025,Incumbent
25-2058.00,"Special Education Teachers, Secondary School",4.C.3.d.8,Duration of Typical Work Week,CTP,Context (Categories 1-3),1,0.29,32,0.2965,0.0354,2.3119,N,,08/2025,Incumbent
25-2058.00,"Special Education Teachers, Secondary School",4.C.3.d.8,Duration of Typical Work Week,CTP,Context (Categories 1-3),2,40.35,32,13.0953,18.2314,67.2306,N,,08/2025,Incumbent
25-2058.00,"Special Education Teachers, Secondary School",4.C.3.d.8,Duration of Typical Work Week,CTP,Context (Categories 1-3),3,59.37,32,13.0915,32.5686,81.5466,N,,08/2025,Incumbent
25-2059.01,Adapted Physical Education Specialists,4.C.3.d.8,Duration of Typical Work Week,CT,Context,,2.24,21,,,,,,08/2020,Occupational Expert
25-2059.01,Adapted Physical Education Specialists,4.C.3.d.8,Duration of Typical Work Week,CTP,Context (Categories 1-3),1,14.29,21,,,,,,08/2020,Occupational Expert
25-2059.01,Adapted Physical Education Specialists,4.C.3.d.8,Duration of Typical Work Week,CTP,Context (Categories 1-3),2,47.62,21,,,,,,08/2020,Occupational Expert
25-2059.01,Adapted Physical Education Specialists,4.C.3.d.8,Duration of Typical Work Week,CTP,Context (Categories 1-3),3,38.10,21,,,,,,08/2020,Occupational Expert
25-3011.00,"Adult Basic Education, Adult Secondary Education, and English as a Second Language Instructors",4.C.3.d.8,Duration of Typical Work Week,CT,Context,,1.41,21,0.1871,1.0193,1.7997,N,,08/2018,Incumbent
25-3011.00,"Adult Basic Education, Adult Secondary Education, and English as a Second Language Instructors",4.C.3.d.8,Duration of Typical Work Week,CTP,Context (Categories 1-3),1,73.25,21,11.2756,45.1911,90.0963,N,,08/2018,Incumbent
25-3011.00,"Adult Basic Education, Adult Secondary Education, and English as a Second Language Instructors",4.C.3.d.8,Duration of Typical Work Week,CTP,Context (Categories 1-3),2,12.54,21,8.0449,3.0125,39.8386,N,,08/2018,Incumbent
25-3011.00,"Adult Basic Education, Adult Secondary Education, and English as a Second Language Instructors",4.C.3.d.8,Duration of Typical Work Week,CTP,Context (Categories 1-3),3,14.20,21,8.9543,3.4518,43.3954,N,,08/2018,Incumbent
25-3021.00,Self-Enrichment Teachers,4.C.3.d.8,Duration of Typical Work Week,CT,Context,,1.13,31,0.0826,1.0000,1.2975,N,,08/2019,Incumbent
25-3021.00,Self-Enrichment Teachers,4.C.3.d.8,Duration of Typical Work Week,CTP,Context (Categories 1-3),1,88.05,31,8.2726,59.6639,97.3482,N,,08/2019,Incumbent
25-3021.00,Self-Enrichment Teachers,4.C.3.d.8,Duration of Typical Work Week,CTP,Context (Categories 1-3),2,11.01,31,8.3473,2.1254,41.3434,N,,08/2019,Incumbent
25-3021.00,Self-Enrichment Teachers,4.C.3.d.8,Duration of Typical Work Week,CTP,Context (Categories 1-3),3,0.94,31,0.6901,0.2080,4.1338,N,,08/2019,Incumbent
25-3031.00,"Substitute Teachers, Short-Term",4.C.3.d.8,Duration of Typical Work Week,CT,Context,,1.31,34,0.3013,1.0000,1.9224,N,,08/2025,Incumbent
25-3031.00,"Substitute Teachers, Short-Term",4.C.3.d.8,Duration of Typical Work Week,CTP,Context (Categories 1-3),1,83.86,34,15.1157,34.8815,98.0543,Y,,08/2025,Incumbent
25-3031.00,"Substitute Teachers, Short-Term",4.C.3.d.8,Duration of Typical Work Week,CTP,Context (Categories 1-3),2,1.34,34,0.7865,0.4001,4.3607,N,,08/2025,Incumbent
25-3031.00,"Substitute Teachers, Short-Term",4.C.3.d.8,Duration of Typical Work Week,CTP,Context (Categories 1-3),3,14.81,34,15.0221,1.5172,66.2197,Y,,08/2025,Incumbent
25-3041.00,Tutors,4.C.3.d.8,Duration of Typical Work Week,CT,Context,,1.09,22,,,,,,08/2022,Occupational Expert
25-3041.00,Tutors,4.C.3.d.8,Duration of Typical Work Week,CTP,Context (Categories 1-3),1,90.91,22,,,,,,08/2022,Occupational Expert
25-3041.00,Tutors,4.C.3.d.8,Duration of Typical Work Week,CTP,Context (Categories 1-3),2,9.09,22,,,,,,08/2022,Occupational Expert
25-3041.00,Tutors,4.C.3.d.8,Duration of Typical Work Week,CTP,Context (Categories 1-3),3,0.00,22,,,,,,08/2022,Occupational Expert
25-4011.00,Archivists,4.C.3.d.8,Duration of Typical Work Week,CT,Context,,2.03,31,,,,,,08/2024,Occupational Expert
25-4011.00,Archivists,4.C.3.d.8,Duration of Typical Work Week,CTP,Context (Categories 1-3),1,0.00,31,,,,,,08/2024,Occupational Expert
25-4011.00,Archivists,4.C.3.d.8,Duration of Typical Work Week,CTP,Context (Categories 1-3),2,96.77,31,,,,,,08/2024,Occupational Expert
25-4011.00,Archivists,4.C.3.d.8,Duration of Typical Work Week,CTP,Context (Categories 1-3),3,3.23,31,,,,,,08/2024,Occupational Expert
25-4012.00,Curators,4.C.3.d.8,Duration of Typical Work Week,CT,Context,,2.36,35,0.1523,2.0531,2.6722,N,,08/2018,Incumbent
25-4012.00,Curators,4.C.3.d.8,Duration of Typical Work Week,CTP,Context (Categories 1-3),1,20.69,35,7.3421,9.5095,39.3079,N,,08/2018,Incumbent
25-4012.00,Curators,4.C.3.d.8,Duration of Typical Work Week,CTP,Context (Categories 1-3),2,22.35,35,9.5609,8.5905,46.8607,N,,08/2018,Incumbent
25-4012.00,Curators,4.C.3.d.8,Duration of Typical Work Week,CTP,Context (Categories 1-3),3,56.96,35,10.3814,35.8821,75.7796,N,,08/2018,Incumbent
25-4013.00,Museum Technicians and Conservators,4.C.3.d.8,Duration of Typical Work Week,CT,Context,,1.68,22,0.1804,1.3009,2.0511,N,,08/2018,Incumbent
25-4013.00,Museum Technicians and Conservators,4.C.3.d.8,Duration of Typical Work Week,CTP,Context (Categories 1-3),1,46.24,22,13.5221,21.7241,72.7232,N,,08/2018,Incumbent
25-4013.00,Museum Technicians and Conservators,4.C.3.d.8,Duration of Typical Work Week,CTP,Context (Categories 1-3),2,39.92,22,12.0766,18.9060,65.4353,N,,08/2018,Incumbent
25-4013.00,Museum Technicians and Conservators,4.C.3.d.8,Duration of Typical Work Week,CTP,Context (Categories 1-3),3,13.84,22,7.2630,4.3312,36.3089,N,,08/2018,Incumbent
25-4022.00,Librarians and Media Collections Specialists,4.C.3.d.8,Duration of Typical Work Week,CT,Context,,2.00,64,0.1078,1.7864,2.2174,N,,08/2022,Incumbent
25-4022.00,Librarians and Media Collections Specialists,4.C.3.d.8,Duration of Typical Work Week,CTP,Context (Categories 1-3),1,20.21,64,6.1053,10.6198,35.0516,N,,08/2022,Incumbent
25-4022.00,Librarians and Media Collections Specialists,4.C.3.d.8,Duration of Typical Work Week,CTP,Context (Categories 1-3),2,59.40,64,7.6454,43.7096,73.3817,N,,08/2022,Incumbent
25-4022.00,Librarians and Media Collections Specialists,4.C.3.d.8,Duration of Typical Work Week,CTP,Context (Categories 1-3),3,20.39,64,7.0777,9.6816,37.9735,N,,08/2022,Incumbent
25-4031.00,Library Technicians,4.C.3.d.8,Duration of Typical Work Week,CT,Context,,1.69,36,0.1784,1.3251,2.0496,N,,07/2017,Incumbent
25-4031.00,Library Technicians,4.C.3.d.8,Duration of Typical Work Week,CTP,Context (Categories 1-3),1,45.17,36,12.4252,22.9312,69.5246,N,,07/2017,Incumbent
25-4031.00,Library Technicians,4.C.3.d.8,Duration of Typical Work Week,CTP,Context (Categories 1-3),2,40.92,36,12.5043,19.5109,66.4378,N,,07/2017,Incumbent
25-4031.00,Library Technicians,4.C.3.d.8,Duration of Typical Work Week,CTP,Context (Categories 1-3),3,13.90,36,9.1090,3.3313,43.0817,N,,07/2017,Incumbent
25-9021.00,Farm and Home Management Educators,4.C.3.d.8,Duration of Typical Work Week,CT,Context,,2.48,27,,,,,,08/2022,Occupational Expert
25-9021.00,Farm and Home Management Educators,4.C.3.d.8,Duration of Typical Work Week,CTP,Context (Categories 1-3),1,7.41,27,,,,,,08/2022,Occupational Expert
25-9021.00,Farm and Home Management Educators,4.C.3.d.8,Duration of Typical Work Week,CTP,Context (Categories 1-3),2,37.04,27,,,,,,08/2022,Occupational Expert
25-9021.00,Farm and Home Management Educators,4.C.3.d.8,Duration of Typical Work Week,CTP,Context (Categories 1-3),3,55.56,27,,,,,,08/2022,Occupational Expert
25-9031.00,Instructional Coordinators,4.C.3.d.8,Duration of Typical Work Week,CT,Context,,2.94,23,0.0484,2.8420,3.0000,N,,08/2018,Incumbent
25-9031.00,Instructional Coordinators,4.C.3.d.8,Duration of Typical Work Week,CTP,Context (Categories 1-3),1,0.00,23,0.0000,,,N,,08/2018,Incumbent
25-9031.00,Instructional Coordinators,4.C.3.d.8,Duration of Typical Work Week,CTP,Context (Categories 1-3),2,5.76,23,4.8428,0.9515,27.9960,N,,08/2018,Incumbent
25-9031.00,Instructional Coordinators,4.C.3.d.8,Duration of Typical Work Week,CTP,Context (Categories 1-3),3,94.24,23,4.8428,72.0040,99.0485,N,,08/2018,Incumbent
25-9042.00,"Teaching Assistants, Preschool, Elementary, Middle, and Secondary School, Except Special Education",4.C.3.d.8,Duration of Typical Work Week,CT,Context,,1.68,22,0.1863,1.2877,2.0627,N,,08/2024,Incumbent
25-9042.00,"Teaching Assistants, Preschool, Elementary, Middle, and Secondary School, Except Special Education",4.C.3.d.8,Duration of Typical Work Week,CTP,Context (Categories 1-3),1,39.35,22,16.9829,12.8704,74.0244,N,,08/2024,Incumbent
25-9042.00,"Teaching Assistants, Preschool, Elementary, Middle, and Secondary School, Except Special Education",4.C.3.d.8,Duration of Typical Work Week,CTP,Context (Categories 1-3),2,53.78,22,17.4205,21.3170,83.3270,N,,08/2024,Incumbent
25-9042.00,"Teaching Assistants, Preschool, Elementary, Middle, and Secondary School, Except Special Education",4.C.3.d.8,Duration of Typical Work Week,CTP,Context (Categories 1-3),3,6.87,22,6.0758,1.0129,34.7094,N,,08/2024,Incumbent
25-9043.00,"Teaching Assistants, Special Education",4.C.3.d.8,Duration of Typical Work Week,CT,Context,,1.59,29,0.2126,1.1561,2.0272,N,,08/2025,Incumbent
25-9043.00,"Teaching Assistants, Special Education",4.C.3.d.8,Duration of Typical Work Week,CTP,Context (Categories 1-3),1,45.13,29,20.6201,12.9993,81.9118,Y,,08/2025,Incumbent
25-9043.00,"Teaching Assistants, Special Education",4.C.3.d.8,Duration of Typical Work Week,CTP,Context (Categories 1-3),2,50.57,29,20.8965,15.5812,85.0060,Y,,08/2025,Incumbent
25-9043.00,"Teaching Assistants, Special Education",4.C.3.d.8,Duration of Typical Work Week,CTP,Context (Categories 1-3),3,4.30,29,4.3818,0.5050,28.4633,N,,08/2025,Incumbent
25-9044.00,"Teaching Assistants, Postsecondary",4.C.3.d.8,Duration of Typical Work Week,CT,Context,,1.67,32,0.2710,1.1175,2.2229,N,,07/2016,Incumbent
25-9044.00,"Teaching Assistants, Postsecondary",4.C.3.d.8,Duration of Typical Work Week,CTP,Context (Categories 1-3),1,65.06,32,13.5021,35.6720,86.2157,N,,07/2016,Incumbent
25-9044.00,"Teaching Assistants, Postsecondary",4.C.3.d.8,Duration of Typical Work Week,CTP,Context (Categories 1-3),2,2.85,32,2.8727,0.3536,19.5579,N,,07/2016,Incumbent
25-9044.00,"Teaching Assistants, Postsecondary",4.C.3.d.8,Duration of Typical Work Week,CTP,Context (Categories 1-3),3,32.08,32,13.7489,11.5385,63.1095,N,,07/2016,Incumbent
27-1011.00,Art Directors,4.C.3.d.8,Duration of Typical Work Week,CT,Context,,2.55,17,0.2025,2.1225,2.9812,N,,08/2023,Incumbent
27-1011.00,Art Directors,4.C.3.d.8,Duration of Typical Work Week,CTP,Context (Categories 1-3),1,6.55,17,5.9036,0.8974,35.1413,N,,08/2023,Incumbent
27-1011.00,Art Directors,4.C.3.d.8,Duration of Typical Work Week,CTP,Context (Categories 1-3),2,31.72,17,17.1634,7.9711,71.3684,N,,08/2023,Incumbent
27-1011.00,Art Directors,4.C.3.d.8,Duration of Typical Work Week,CTP,Context (Categories 1-3),3,61.73,17,17.8186,24.5853,88.8652,N,,08/2023,Incumbent
27-1012.00,Craft Artists,4.C.3.d.8,Duration of Typical Work Week,CT,Context,,2.04,23,,,,,,08/2025,Occupational Expert
27-1012.00,Craft Artists,4.C.3.d.8,Duration of Typical Work Week,CTP,Context (Categories 1-3),1,39.13,23,,,,,,08/2025,Occupational Expert
27-1012.00,Craft Artists,4.C.3.d.8,Duration of Typical Work Week,CTP,Context (Categories 1-3),2,17.39,23,,,,,,08/2025,Occupational Expert
27-1012.00,Craft Artists,4.C.3.d.8,Duration of Typical Work Week,CTP,Context (Categories 1-3),3,43.48,23,,,,,,08/2025,Occupational Expert
27-1013.00,"Fine Artists, Including Painters, Sculptors, and Illustrators",4.C.3.d.8,Duration of Typical Work Week,CT,Context,,1.39,17,0.1558,1.0599,1.7204,N,,07/2017,Incumbent
27-1013.00,"Fine Artists, Including Painters, Sculptors, and Illustrators",4.C.3.d.8,Duration of Typical Work Week,CTP,Context (Categories 1-3),1,67.57,17,13.8710,35.2578,88.8576,N,,07/2017,Incumbent
27-1013.00,"Fine Artists, Including Painters, Sculptors, and Illustrators",4.C.3.d.8,Duration of Typical Work Week,CTP,Context (Categories 1-3),2,25.84,17,13.6581,7.1399,61.2209,N,,07/2017,Incumbent
27-1013.00,"Fine Artists, Including Painters, Sculptors, and Illustrators",4.C.3.d.8,Duration of Typical Work Week,CTP,Context (Categories 1-3),3,6.59,17,4.7140,1.3710,26.3496,N,,07/2017,Incumbent
27-1014.00,Special Effects Artists and Animators,4.C.3.d.8,Duration of Typical Work Week,CT,Context,,2.60,21,0.1477,2.2877,2.9038,N,,08/2019,Incumbent
27-1014.00,Special Effects Artists and Animators,4.C.3.d.8,Duration of Typical Work Week,CTP,Context (Categories 1-3),1,0.00,21,0.0000,,,N,,08/2019,Incumbent
27-1014.00,Special Effects Artists and Animators,4.C.3.d.8,Duration of Typical Work Week,CTP,Context (Categories 1-3),2,40.43,21,14.7669,15.8857,70.9155,N,,08/2019,Incumbent
27-1014.00,Special Effects Artists and Animators,4.C.3.d.8,Duration of Typical Work Week,CTP,Context (Categories 1-3),3,59.57,21,14.7669,29.0845,84.1143,N,,08/2019,Incumbent
27-1021.00,Commercial and Industrial Designers,4.C.3.d.8,Duration of Typical Work Week,CT,Context,,2.75,18,0.1498,2.4368,3.0000,N,,08/2019,Incumbent
27-1021.00,Commercial and Industrial Designers,4.C.3.d.8,Duration of Typical Work Week,CTP,Context (Categories 1-3),1,0.00,18,0.0000,,,N,,08/2019,Incumbent
27-1021.00,Commercial and Industrial Designers,4.C.3.d.8,Duration of Typical Work Week,CTP,Context (Categories 1-3),2,24.71,18,14.9800,5.6631,64.2144,N,,08/2019,Incumbent
27-1021.00,Commercial and Industrial Designers,4.C.3.d.8,Duration of Typical Work Week,CTP,Context (Categories 1-3),3,75.29,18,14.9800,35.7856,94.3369,N,,08/2019,Incumbent
27-1022.00,Fashion Designers,4.C.3.d.8,Duration of Typical Work Week,CT,Context,,2.34,21,0.2398,1.8376,2.8382,N,,08/2024,Incumbent
27-1022.00,Fashion Designers,4.C.3.d.8,Duration of Typical Work Week,CTP,Context (Categories 1-3),1,14.88,21,11.3835,2.6109,53.2643,N,,08/2024,Incumbent
27-1022.00,Fashion Designers,4.C.3.d.8,Duration of Typical Work Week,CTP,Context (Categories 1-3),2,36.45,21,10.6882,17.9722,60.0295,N,,08/2024,Incumbent
27-1022.00,Fashion Designers,4.C.3.d.8,Duration of Typical Work Week,CTP,Context (Categories 1-3),3,48.67,21,14.6669,21.7903,76.3393,N,,08/2024,Incumbent
27-1023.00,Floral Designers,4.C.3.d.8,Duration of Typical Work Week,CT,Context,,1.61,15,0.1743,1.2330,1.9805,N,,07/2015,Incumbent
27-1023.00,Floral Designers,4.C.3.d.8,Duration of Typical Work Week,CTP,Context (Categories 1-3),1,52.23,15,17.1281,20.0520,82.6598,N,,07/2015,Incumbent
27-1023.00,Floral Designers,4.C.3.d.8,Duration of Typical Work Week,CTP,Context (Categories 1-3),2,34.86,15,19.7667,7.6406,77.5876,Y,,07/2015,Incumbent
27-1023.00,Floral Designers,4.C.3.d.8,Duration of Typical Work Week,CTP,Context (Categories 1-3),3,12.91,15,7.3381,3.5262,37.5401,N,,07/2015,Incumbent
27-1024.00,Graphic Designers,4.C.3.d.8,Duration of Typical Work Week,CT,Context,,2.55,20,,,,,,08/2023,Occupational Expert
27-1024.00,Graphic Designers,4.C.3.d.8,Duration of Typical Work Week,CTP,Context (Categories 1-3),1,0.00,20,,,,,,08/2023,Occupational Expert
27-1024.00,Graphic Designers,4.C.3.d.8,Duration of Typical Work Week,CTP,Context (Categories 1-3),2,45.00,20,,,,,,08/2023,Occupational Expert
27-1024.00,Graphic Designers,4.C.3.d.8,Duration of Typical Work Week,CTP,Context (Categories 1-3),3,55.00,20,,,,,,08/2023,Occupational Expert
27-1025.00,Interior Designers,4.C.3.d.8,Duration of Typical Work Week,CT,Context,,2.52,25,,,,,,08/2024,Occupational Expert
27-1025.00,Interior Designers,4.C.3.d.8,Duration of Typical Work Week,CTP,Context (Categories 1-3),1,0.00,25,,,,,,08/2024,Occupational Expert
27-1025.00,Interior Designers,4.C.3.d.8,Duration of Typical Work Week,CTP,Context (Categories 1-3),2,48.00,25,,,,,,08/2024,Occupational Expert
27-1025.00,Interior Designers,4.C.3.d.8,Duration of Typical Work Week,CTP,Context (Categories 1-3),3,52.00,25,,,,,,08/2024,Occupational Expert
27-1026.00,Merchandise Displayers and Window Trimmers,4.C.3.d.8,Duration of Typical Work Week,CT,Context,,1.76,20,0.2926,1.1487,2.3736,N,,07/2015,Incumbent
27-1026.00,Merchandise Displayers and Window Trimmers,4.C.3.d.8,Duration of Typical Work Week,CTP,Context (Categories 1-3),1,43.25,20,17.1874,14.9642,76.7445,N,,07/2015,Incumbent
27-1026.00,Merchandise Displayers and Window Trimmers,4.C.3.d.8,Duration of Typical Work Week,CTP,Context (Categories 1-3),2,37.39,20,10.6407,18.7422,60.7273,N,,07/2015,Incumbent
27-1026.00,Merchandise Displayers and Window Trimmers,4.C.3.d.8,Duration of Typical Work Week,CTP,Context (Categories 1-3),3,19.36,20,13.7594,3.6570,60.2973,N,,07/2015,Incumbent
27-1027.00,Set and Exhibit Designers,4.C.3.d.8,Duration of Typical Work Week,CT,Context,,2.90,21,,,,,,08/2021,Occupational Expert
27-1027.00,Set and Exhibit Designers,4.C.3.d.8,Duration of Typical Work Week,CTP,Context (Categories 1-3),1,0.00,21,,,,,,08/2021,Occupational Expert
27-1027.00,Set and Exhibit Designers,4.C.3.d.8,Duration of Typical Work Week,CTP,Context (Categories 1-3),2,9.52,21,,,,,,08/2021,Occupational Expert
27-1027.00,Set and Exhibit Designers,4.C.3.d.8,Duration of Typical Work Week,CTP,Context (Categories 1-3),3,90.48,21,,,,,,08/2021,Occupational Expert
27-2011.00,Actors,4.C.3.d.8,Duration of Typical Work Week,CT,Context,,1.18,16,0.1209,1.0000,1.4417,N,,07/2017,Incumbent
27-2011.00,Actors,4.C.3.d.8,Duration of Typical Work Week,CTP,Context (Categories 1-3),1,84.42,16,9.9732,51.8400,96.4623,N,,07/2017,Incumbent
27-2011.00,Actors,4.C.3.d.8,Duration of Typical Work Week,CTP,Context (Categories 1-3),2,12.77,16,8.5200,2.7851,42.7735,N,,07/2017,Incumbent
27-2011.00,Actors,4.C.3.d.8,Duration of Typical Work Week,CTP,Context (Categories 1-3),3,2.82,16,3.1518,0.2485,25.2192,N,,07/2017,Incumbent
27-2012.00,Producers and Directors,4.C.3.d.8,Duration of Typical Work Week,CT,Context,,2.65,38,0.1439,2.3583,2.9414,N,,08/2022,Incumbent
27-2012.00,Producers and Directors,4.C.3.d.8,Duration of Typical Work Week,CTP,Context (Categories 1-3),1,11.24,38,7.1623,2.8717,35.1639,N,,08/2022,Incumbent
27-2012.00,Producers and Directors,4.C.3.d.8,Duration of Typical Work Week,CTP,Context (Categories 1-3),2,12.53,38,7.4751,3.4749,36.3260,N,,08/2022,Incumbent
27-2012.00,Producers and Directors,4.C.3.d.8,Duration of Typical Work Week,CTP,Context (Categories 1-3),3,76.23,38,8.9536,54.0910,89.7169,N,,08/2022,Incumbent
27-2012.03,Media Programming Directors,4.C.3.d.8,Duration of Typical Work Week,CT,Context,,2.57,19,0.1413,2.2702,2.8641,N,,08/2023,Incumbent
27-2012.03,Media Programming Directors,4.C.3.d.8,Duration of Typical Work Week,CTP,Context (Categories 1-3),1,0.00,19,0.0000,,,N,,08/2023,Incumbent
27-2012.03,Media Programming Directors,4.C.3.d.8,Duration of Typical Work Week,CTP,Context (Categories 1-3),2,43.29,19,14.1324,18.5475,71.8943,N,,08/2023,Incumbent
27-2012.03,Media Programming Directors,4.C.3.d.8,Duration of Typical Work Week,CTP,Context (Categories 1-3),3,56.71,19,14.1324,28.1057,81.4525,N,,08/2023,Incumbent
27-2012.04,Talent Directors,4.C.3.d.8,Duration of Typical Work Week,CT,Context,,2.09,20,0.1643,1.7455,2.4334,N,,08/2019,Incumbent
27-2012.04,Talent Directors,4.C.3.d.8,Duration of Typical Work Week,CTP,Context (Categories 1-3),1,15.81,20,10.6474,3.4025,50.0448,N,,08/2019,Incumbent
27-2012.04,Talent Directors,4.C.3.d.8,Duration of Typical Work Week,CTP,Context (Categories 1-3),2,59.43,20,14.5466,29.2942,83.8122,N,,08/2019,Incumbent
27-2012.04,Talent Directors,4.C.3.d.8,Duration of Typical Work Week,CTP,Context (Categories 1-3),3,24.76,20,11.2894,8.4725,53.9149,N,,08/2019,Incumbent
27-2012.05,Media Technical Directors/Managers,4.C.3.d.8,Duration of Typical Work Week,CT,Context,,2.71,17,0.1450,2.4069,3.0000,N,,08/2019,Incumbent
27-2012.05,Media Technical Directors/Managers,4.C.3.d.8,Duration of Typical Work Week,CTP,Context (Categories 1-3),1,5.42,17,5.6089,0.5609,36.8142,N,,08/2019,Incumbent
27-2012.05,Media Technical Directors/Managers,4.C.3.d.8,Duration of Typical Work Week,CTP,Context (Categories 1-3),2,17.73,17,11.9966,3.6315,55.2006,N,,08/2019,Incumbent
27-2012.05,Media Technical Directors/Managers,4.C.3.d.8,Duration of Typical Work Week,CTP,Context (Categories 1-3),3,76.85,17,12.0683,44.0737,93.3261,N,,08/2019,Incumbent
27-2021.00,Athletes and Sports Competitors,4.C.3.d.8,Duration of Typical Work Week,CT,Context,,2.44,24,0.2749,1.8681,3.0000,N,,07/2016,Incumbent
27-2021.00,Athletes and Sports Competitors,4.C.3.d.8,Duration of Typical Work Week,CTP,Context (Categories 1-3),1,21.70,24,14.4184,4.5698,61.5904,N,,07/2016,Incumbent
27-2021.00,Athletes and Sports Competitors,4.C.3.d.8,Duration of Typical Work Week,CTP,Context (Categories 1-3),2,12.92,24,9.8096,2.3837,47.3955,N,,07/2016,Incumbent
27-2021.00,Athletes and Sports Competitors,4.C.3.d.8,Duration of Typical Work Week,CTP,Context (Categories 1-3),3,65.39,24,14.7705,32.8713,87.9326,N,,07/2016,Incumbent
27-2022.00,Coaches and Scouts,4.C.3.d.8,Duration of Typical Work Week,CT,Context,,2.33,39,0.1731,1.9781,2.6791,N,,08/2019,Incumbent
27-2022.00,Coaches and Scouts,4.C.3.d.8,Duration of Typical Work Week,CTP,Context (Categories 1-3),1,17.30,39,8.9838,5.5439,42.7192,N,,08/2019,Incumbent
27-2022.00,Coaches and Scouts,4.C.3.d.8,Duration of Typical Work Week,CTP,Context (Categories 1-3),2,32.54,39,13.6356,12.0603,62.9099,N,,08/2019,Incumbent
27-2022.00,Coaches and Scouts,4.C.3.d.8,Duration of Typical Work Week,CTP,Context (Categories 1-3),3,50.16,39,12.7324,26.4133,73.8359,N,,08/2019,Incumbent
27-2023.00,"Umpires, Referees, and Other Sports Officials",4.C.3.d.8,Duration of Typical Work Week,CT,Context,,1.24,21,,,,,,08/2021,Occupational Expert
27-2023.00,"Umpires, Referees, and Other Sports Officials",4.C.3.d.8,Duration of Typical Work Week,CTP,Context (Categories 1-3),1,85.71,21,,,,,,08/2021,Occupational Expert
27-2023.00,"Umpires, Referees, and Other Sports Officials",4.C.3.d.8,Duration of Typical Work Week,CTP,Context (Categories 1-3),2,4.76,21,,,,,,08/2021,Occupational Expert
27-2023.00,"Umpires, Referees, and Other Sports Officials",4.C.3.d.8,Duration of Typical Work Week,CTP,Context (Categories 1-3),3,9.52,21,,,,,,08/2021,Occupational Expert
27-2031.00,Dancers,4.C.3.d.8,Duration of Typical Work Week,CT,Context,,1.54,18,0.1819,1.1546,1.9219,N,,08/2019,Incumbent
27-2031.00,Dancers,4.C.3.d.8,Duration of Typical Work Week,CTP,Context (Categories 1-3),1,63.40,18,10.7065,39.5538,82.0953,N,,08/2019,Incumbent
27-2031.00,Dancers,4.C.3.d.8,Duration of Typical Work Week,CTP,Context (Categories 1-3),2,19.38,18,9.4670,6.2718,46.3271,N,,08/2019,Incumbent
27-2031.00,Dancers,4.C.3.d.8,Duration of Typical Work Week,CTP,Context (Categories 1-3),3,17.23,18,9.7743,4.6705,46.9183,N,,08/2019,Incumbent
27-2032.00,Choreographers,4.C.3.d.8,Duration of Typical Work Week,CT,Context,,1.71,21,,,,,,08/2024,Occupational Expert
27-2032.00,Choreographers,4.C.3.d.8,Duration of Typical Work Week,CTP,Context (Categories 1-3),1,47.62,21,,,,,,08/2024,Occupational Expert
27-2032.00,Choreographers,4.C.3.d.8,Duration of Typical Work Week,CTP,Context (Categories 1-3),2,33.33,21,,,,,,08/2024,Occupational Expert
27-2032.00,Choreographers,4.C.3.d.8,Duration of Typical Work Week,CTP,Context (Categories 1-3),3,19.05,21,,,,,,08/2024,Occupational Expert
27-2041.00,Music Directors and Composers,4.C.3.d.8,Duration of Typical Work Week,CT,Context,,2.15,45,0.2116,1.7280,2.5809,N,,08/2022,Incumbent
27-2041.00,Music Directors and Composers,4.C.3.d.8,Duration of Typical Work Week,CTP,Context (Categories 1-3),1,36.57,45,10.3357,19.0238,58.5995,N,,08/2022,Incumbent
27-2041.00,Music Directors and Composers,4.C.3.d.8,Duration of Typical Work Week,CTP,Context (Categories 1-3),2,11.41,45,5.7955,3.8968,29.0277,N,,08/2022,Incumbent
27-2041.00,Music Directors and Composers,4.C.3.d.8,Duration of Typical Work Week,CTP,Context (Categories 1-3),3,52.02,45,11.5680,29.8729,73.3954,N,,08/2022,Incumbent
27-2042.00,Musicians and Singers,4.C.3.d.8,Duration of Typical Work Week,CT,Context,,1.28,49,0.1309,1.0199,1.5464,N,,08/2022,Incumbent
27-2042.00,Musicians and Singers,4.C.3.d.8,Duration of Typical Work Week,CTP,Context (Categories 1-3),1,82.69,49,7.7450,61.6796,93.4155,N,,08/2022,Incumbent
27-2042.00,Musicians and Singers,4.C.3.d.8,Duration of Typical Work Week,CTP,Context (Categories 1-3),2,6.30,49,3.7703,1.8250,19.5404,N,,08/2022,Incumbent
27-2042.00,Musicians and Singers,4.C.3.d.8,Duration of Typical Work Week,CTP,Context (Categories 1-3),3,11.01,49,5.7315,3.6754,28.6275,N,,08/2022,Incumbent
27-3011.00,Broadcast Announcers and Radio Disc Jockeys,4.C.3.d.8,Duration of Typical Work Week,CT,Context,,2.30,17,0.2375,1.7988,2.8056,N,,08/2025,Incumbent
27-3011.00,Broadcast Announcers and Radio Disc Jockeys,4.C.3.d.8,Duration of Typical Work Week,CTP,Context (Categories 1-3),1,11.42,17,8.5520,2.1032,43.6250,N,,08/2025,Incumbent
27-3011.00,Broadcast Announcers and Radio Disc Jockeys,4.C.3.d.8,Duration of Typical Work Week,CTP,Context (Categories 1-3),2,46.94,17,13.2633,22.2428,73.2286,N,,08/2025,Incumbent
27-3011.00,Broadcast Announcers and Radio Disc Jockeys,4.C.3.d.8,Duration of Typical Work Week,CTP,Context (Categories 1-3),3,41.64,17,17.2270,13.7017,76.2290,N,,08/2025,Incumbent
27-3023.00,"News Analysts, Reporters, and Journalists",4.C.3.d.8,Duration of Typical Work Week,CT,Context,,2.45,,,,,N,,11/2020,Analyst - Transition
27-3031.00,Public Relations Specialists,4.C.3.d.8,Duration of Typical Work Week,CT,Context,,2.64,22,,,,,,08/2022,Occupational Expert
27-3031.00,Public Relations Specialists,4.C.3.d.8,Duration of Typical Work Week,CTP,Context (Categories 1-3),1,0.00,22,,,,,,08/2022,Occupational Expert
27-3031.00,Public Relations Specialists,4.C.3.d.8,Duration of Typical Work Week,CTP,Context (Categories 1-3),2,36.36,22,,,,,,08/2022,Occupational Expert
27-3031.00,Public Relations Specialists,4.C.3.d.8,Duration of Typical Work Week,CTP,Context (Categories 1-3),3,63.64,22,,,,,,08/2022,Occupational Expert
27-3041.00,Editors,4.C.3.d.8,Duration of Typical Work Week,CT,Context,,2.20,18,0.1590,1.8605,2.5314,N,,07/2017,Incumbent
27-3041.00,Editors,4.C.3.d.8,Duration of Typical Work Week,CTP,Context (Categories 1-3),1,13.18,18,9.2116,2.7044,45.3437,N,,07/2017,Incumbent
27-3041.00,Editors,4.C.3.d.8,Duration of Typical Work Week,CTP,Context (Categories 1-3),2,54.04,18,11.2191,31.1920,75.3039,N,,07/2017,Incumbent
27-3041.00,Editors,4.C.3.d.8,Duration of Typical Work Week,CTP,Context (Categories 1-3),3,32.78,18,10.2209,15.4874,56.4747,N,,07/2017,Incumbent
27-3042.00,Technical Writers,4.C.3.d.8,Duration of Typical Work Week,CT,Context,,2.32,27,0.2433,1.8221,2.8225,N,,07/2012,Incumbent
27-3042.00,Technical Writers,4.C.3.d.8,Duration of Typical Work Week,CTP,Context (Categories 1-3),1,14.25,27,8.2340,3.9940,39.9015,N,,07/2012,Incumbent
27-3042.00,Technical Writers,4.C.3.d.8,Duration of Typical Work Week,CTP,Context (Categories 1-3),2,39.27,27,12.3990,18.1733,65.3101,N,,07/2012,Incumbent
27-3042.00,Technical Writers,4.C.3.d.8,Duration of Typical Work Week,CTP,Context (Categories 1-3),3,46.48,27,17.4687,17.0155,78.6235,N,,07/2012,Incumbent
27-3043.00,Writers and Authors,4.C.3.d.8,Duration of Typical Work Week,CT,Context,,2.59,17,0.2020,2.1647,3.0000,N,,08/2022,Incumbent
27-3043.00,Writers and Authors,4.C.3.d.8,Duration of Typical Work Week,CTP,Context (Categories 1-3),1,0.00,17,0.0000,,,N,,08/2022,Incumbent
27-3043.00,Writers and Authors,4.C.3.d.8,Duration of Typical Work Week,CTP,Context (Categories 1-3),2,40.71,17,20.1964,10.4374,80.1860,Y,,08/2022,Incumbent
27-3043.00,Writers and Authors,4.C.3.d.8,Duration of Typical Work Week,CTP,Context (Categories 1-3),3,59.29,17,20.1964,19.8140,89.5626,Y,,08/2022,Incumbent
27-3043.05,"Poets, Lyricists and Creative Writers",4.C.3.d.8,Duration of Typical Work Week,CT,Context,,1.86,22,,,,,,08/2024,Occupational Expert
27-3043.05,"Poets, Lyricists and Creative Writers",4.C.3.d.8,Duration of Typical Work Week,CTP,Context (Categories 1-3),1,45.45,22,,,,,,08/2024,Occupational Expert
27-3043.05,"Poets, Lyricists and Creative Writers",4.C.3.d.8,Duration of Typical Work Week,CTP,Context (Categories 1-3),2,22.73,22,,,,,,08/2024,Occupational Expert
27-3043.05,"Poets, Lyricists and Creative Writers",4.C.3.d.8,Duration of Typical Work Week,CTP,Context (Categories 1-3),3,31.82,22,,,,,,08/2024,Occupational Expert
27-3091.00,Interpreters and Translators,4.C.3.d.8,Duration of Typical Work Week,CT,Context,,1.82,20,0.2749,1.2406,2.3915,N,,08/2021,Incumbent
27-3091.00,Interpreters and Translators,4.C.3.d.8,Duration of Typical Work Week,CTP,Context (Categories 1-3),1,44.86,20,16.7821,16.4340,77.0960,N,,08/2021,Incumbent
27-3091.00,Interpreters and Translators,4.C.3.d.8,Duration of Typical Work Week,CTP,Context (Categories 1-3),2,28.67,20,13.3530,9.2955,61.1870,N,,08/2021,Incumbent
27-3091.00,Interpreters and Translators,4.C.3.d.8,Duration of Typical Work Week,CTP,Context (Categories 1-3),3,26.47,20,13.6182,7.6824,60.8913,N,,08/2021,Incumbent
27-3092.00,Court Reporters and Simultaneous Captioners,4.C.3.d.8,Duration of Typical Work Week,CT,Context,,1.86,22,0.3137,1.2086,2.5134,N,,08/2020,Incumbent
27-3092.00,Court Reporters and Simultaneous Captioners,4.C.3.d.8,Duration of Typical Work Week,CTP,Context (Categories 1-3),1,41.69,22,21.0965,10.5246,81.2943,Y,,08/2020,Incumbent
27-3092.00,Court Reporters and Simultaneous Captioners,4.C.3.d.8,Duration of Typical Work Week,CTP,Context (Categories 1-3),2,30.52,22,16.7346,7.8428,69.3918,N,,08/2020,Incumbent
27-3092.00,Court Reporters and Simultaneous Captioners,4.C.3.d.8,Duration of Typical Work Week,CTP,Context (Categories 1-3),3,27.79,22,13.6744,8.5335,61.3543,N,,08/2020,Incumbent
27-4011.00,Audio and Video Technicians,4.C.3.d.8,Duration of Typical Work Week,CT,Context,,1.98,22,0.2272,1.5025,2.4475,N,,08/2018,Incumbent
27-4011.00,Audio and Video Technicians,4.C.3.d.8,Duration of Typical Work Week,CTP,Context (Categories 1-3),1,23.89,22,17.2429,4.1848,69.2835,Y,,08/2018,Incumbent
27-4011.00,Audio and Video Technicians,4.C.3.d.8,Duration of Typical Work Week,CTP,Context (Categories 1-3),2,54.72,22,16.4469,23.3078,82.7765,N,,08/2018,Incumbent
27-4011.00,Audio and Video Technicians,4.C.3.d.8,Duration of Typical Work Week,CTP,Context (Categories 1-3),3,21.39,22,9.8025,7.4884,47.7709,N,,08/2018,Incumbent
27-4012.00,Broadcast Technicians,4.C.3.d.8,Duration of Typical Work Week,CT,Context,,2.01,21,0.1469,1.7054,2.3181,N,,08/2019,Incumbent
27-4012.00,Broadcast Technicians,4.C.3.d.8,Duration of Typical Work Week,CTP,Context (Categories 1-3),1,20.28,21,11.2181,5.6444,51.9618,N,,08/2019,Incumbent
27-4012.00,Broadcast Technicians,4.C.3.d.8,Duration of Typical Work Week,CTP,Context (Categories 1-3),2,58.27,21,15.0972,27.6600,83.6002,N,,08/2019,Incumbent
27-4012.00,Broadcast Technicians,4.C.3.d.8,Duration of Typical Work Week,CTP,Context (Categories 1-3),3,21.46,21,9.7959,7.5142,47.8726,N,,08/2019,Incumbent
27-4014.00,Sound Engineering Technicians,4.C.3.d.8,Duration of Typical Work Week,CT,Context,,2.64,25,,,,,,08/2025,Occupational Expert
27-4014.00,Sound Engineering Technicians,4.C.3.d.8,Duration of Typical Work Week,CTP,Context (Categories 1-3),1,8.00,25,,,,,,08/2025,Occupational Expert
27-4014.00,Sound Engineering Technicians,4.C.3.d.8,Duration of Typical Work Week,CTP,Context (Categories 1-3),2,20.00,25,,,,,,08/2025,Occupational Expert
27-4014.00,Sound Engineering Technicians,4.C.3.d.8,Duration of Typical Work Week,CTP,Context (Categories 1-3),3,72.00,25,,,,,,08/2025,Occupational Expert
27-4021.00,Photographers,4.C.3.d.8,Duration of Typical Work Week,CT,Context,,2.24,21,,,,,,08/2021,Occupational Expert
27-4021.00,Photographers,4.C.3.d.8,Duration of Typical Work Week,CTP,Context (Categories 1-3),1,23.81,21,,,,,,08/2021,Occupational Expert
27-4021.00,Photographers,4.C.3.d.8,Duration of Typical Work Week,CTP,Context (Categories 1-3),2,28.57,21,,,,,,08/2021,Occupational Expert
27-4021.00,Photographers,4.C.3.d.8,Duration of Typical Work Week,CTP,Context (Categories 1-3),3,47.62,21,,,,,,08/2021,Occupational Expert
27-4031.00,"Camera Operators, Television, Video, and Film",4.C.3.d.8,Duration of Typical Work Week,CT,Context,,1.98,19,0.3107,1.3298,2.6355,N,,08/2019,Incumbent
27-4031.00,"Camera Operators, Television, Video, and Film",4.C.3.d.8,Duration of Typical Work Week,CTP,Context (Categories 1-3),1,35.37,19,17.3308,10.0164,72.9098,N,,08/2019,Incumbent
27-4031.00,"Camera Operators, Television, Video, and Film",4.C.3.d.8,Duration of Typical Work Week,CTP,Context (Categories 1-3),2,30.99,19,16.3812,8.2429,69.1824,N,,08/2019,Incumbent
27-4031.00,"Camera Operators, Television, Video, and Film",4.C.3.d.8,Duration of Typical Work Week,CTP,Context (Categories 1-3),3,33.64,19,17.7944,8.6724,73.0118,N,,08/2019,Incumbent
27-4032.00,Film and Video Editors,4.C.3.d.8,Duration of Typical Work Week,CT,Context,,2.38,20,0.1588,2.0460,2.7108,N,,08/2020,Incumbent
27-4032.00,Film and Video Editors,4.C.3.d.8,Duration of Typical Work Week,CTP,Context (Categories 1-3),1,0.00,20,0.0000,,,N,,08/2020,Incumbent
27-4032.00,Film and Video Editors,4.C.3.d.8,Duration of Typical Work Week,CTP,Context (Categories 1-3),2,62.16,20,15.8811,28.5629,87.0990,N,,08/2020,Incumbent
27-4032.00,Film and Video Editors,4.C.3.d.8,Duration of Typical Work Week,CTP,Context (Categories 1-3),3,37.84,20,15.8811,12.9010,71.4371,N,,08/2020,Incumbent
29-1011.00,Chiropractors,4.C.3.d.8,Duration of Typical Work Week,CT,Context,,2.00,19,0.2182,1.5410,2.4580,N,,07/2013,Incumbent
29-1011.00,Chiropractors,4.C.3.d.8,Duration of Typical Work Week,CTP,Context (Categories 1-3),1,33.05,19,12.6715,12.9090,62.1809,N,,07/2013,Incumbent
29-1011.00,Chiropractors,4.C.3.d.8,Duration of Typical Work Week,CTP,Context (Categories 1-3),2,33.95,19,12.0230,14.2825,61.3227,N,,07/2013,Incumbent
29-1011.00,Chiropractors,4.C.3.d.8,Duration of Typical Work Week,CTP,Context (Categories 1-3),3,33.00,19,12.2395,13.3405,61.1788,N,,07/2013,Incumbent
29-1021.00,"Dentists, General",4.C.3.d.8,Duration of Typical Work Week,CT,Context,,1.46,21,0.1410,1.1651,1.7532,N,,07/2014,Incumbent
29-1021.00,"Dentists, General",4.C.3.d.8,Duration of Typical Work Week,CTP,Context (Categories 1-3),1,55.43,21,13.9721,27.6569,80.1858,N,,07/2014,Incumbent
29-1021.00,"Dentists, General",4.C.3.d.8,Duration of Typical Work Week,CTP,Context (Categories 1-3),2,43.22,21,13.9798,18.8270,71.4092,N,,07/2014,Incumbent
29-1021.00,"Dentists, General",4.C.3.d.8,Duration of Typical Work Week,CTP,Context (Categories 1-3),3,1.35,21,1.3674,0.1600,10.4444,N,,07/2014,Incumbent
29-1022.00,Oral and Maxillofacial Surgeons,4.C.3.d.8,Duration of Typical Work Week,CT,Context,,2.15,19,0.2046,1.7199,2.5797,N,,07/2012,Incumbent
29-1022.00,Oral and Maxillofacial Surgeons,4.C.3.d.8,Duration of Typical Work Week,CTP,Context (Categories 1-3),1,18.08,19,9.2789,5.5860,45.1460,N,,07/2012,Incumbent
29-1022.00,Oral and Maxillofacial Surgeons,4.C.3.d.8,Duration of Typical Work Week,CTP,Context (Categories 1-3),2,48.86,19,12.0434,25.7688,72.4562,N,,07/2012,Incumbent
29-1022.00,Oral and Maxillofacial Surgeons,4.C.3.d.8,Duration of Typical Work Week,CTP,Context (Categories 1-3),3,33.06,19,13.9929,11.5675,65.0870,N,,07/2012,Incumbent
29-1023.00,Orthodontists,4.C.3.d.8,Duration of Typical Work Week,CT,Context,,2.07,21,0.1598,1.7332,2.3999,N,,08/2023,Incumbent
29-1023.00,Orthodontists,4.C.3.d.8,Duration of Typical Work Week,CTP,Context (Categories 1-3),1,18.67,21,8.9539,6.2902,43.9919,N,,08/2023,Incumbent
29-1023.00,Orthodontists,4.C.3.d.8,Duration of Typical Work Week,CTP,Context (Categories 1-3),2,56.00,21,12.7713,30.1523,78.9565,N,,08/2023,Incumbent
29-1023.00,Orthodontists,4.C.3.d.8,Duration of Typical Work Week,CTP,Context (Categories 1-3),3,25.33,21,11.3605,8.8326,54.2838,N,,08/2023,Incumbent
29-1024.00,Prosthodontists,4.C.3.d.8,Duration of Typical Work Week,CT,Context,,2.13,15,0.1856,1.7275,2.5237,N,,08/2024,Incumbent
29-1024.00,Prosthodontists,4.C.3.d.8,Duration of Typical Work Week,CTP,Context (Categories 1-3),1,21.24,15,10.8088,6.3189,51.8812,N,,08/2024,Incumbent
29-1024.00,Prosthodontists,4.C.3.d.8,Duration of Typical Work Week,CTP,Context (Categories 1-3),2,44.96,15,15.1080,18.0681,75.1598,N,,08/2024,Incumbent
29-1024.00,Prosthodontists,4.C.3.d.8,Duration of Typical Work Week,CTP,Context (Categories 1-3),3,33.80,15,13.0226,12.7810,64.0159,N,,08/2024,Incumbent
29-1031.00,Dietitians and Nutritionists,4.C.3.d.8,Duration of Typical Work Week,CT,Context,,2.07,30,,,,,,08/2021,Occupational Expert
29-1031.00,Dietitians and Nutritionists,4.C.3.d.8,Duration of Typical Work Week,CTP,Context (Categories 1-3),1,10.00,30,,,,,,08/2021,Occupational Expert
29-1031.00,Dietitians and Nutritionists,4.C.3.d.8,Duration of Typical Work Week,CTP,Context (Categories 1-3),2,73.33,30,,,,,,08/2021,Occupational Expert
29-1031.00,Dietitians and Nutritionists,4.C.3.d.8,Duration of Typical Work Week,CTP,Context (Categories 1-3),3,16.67,30,,,,,,08/2021,Occupational Expert
29-1041.00,Optometrists,4.C.3.d.8,Duration of Typical Work Week,CT,Context,,2.29,21,,,,,,08/2021,Occupational Expert
29-1041.00,Optometrists,4.C.3.d.8,Duration of Typical Work Week,CTP,Context (Categories 1-3),1,4.76,21,,,,,,08/2021,Occupational Expert
29-1041.00,Optometrists,4.C.3.d.8,Duration of Typical Work Week,CTP,Context (Categories 1-3),2,61.90,21,,,,,,08/2021,Occupational Expert
29-1041.00,Optometrists,4.C.3.d.8,Duration of Typical Work Week,CTP,Context (Categories 1-3),3,33.33,21,,,,,,08/2021,Occupational Expert
29-1051.00,Pharmacists,4.C.3.d.8,Duration of Typical Work Week,CT,Context,,1.58,22,0.2637,1.0290,2.1260,N,,08/2022,Incumbent
29-1051.00,Pharmacists,4.C.3.d.8,Duration of Typical Work Week,CTP,Context (Categories 1-3),1,66.64,22,13.6729,35.7320,87.7734,N,,08/2022,Incumbent
29-1051.00,Pharmacists,4.C.3.d.8,Duration of Typical Work Week,CTP,Context (Categories 1-3),2,8.96,22,5.0899,2.6211,26.4848,N,,08/2022,Incumbent
29-1051.00,Pharmacists,4.C.3.d.8,Duration of Typical Work Week,CTP,Context (Categories 1-3),3,24.39,22,13.1827,6.8004,58.7885,N,,08/2022,Incumbent
29-1071.00,Physician Assistants,4.C.3.d.8,Duration of Typical Work Week,CT,Context,,2.62,37,,,,,,08/2021,Occupational Expert
29-1071.00,Physician Assistants,4.C.3.d.8,Duration of Typical Work Week,CTP,Context (Categories 1-3),1,5.41,37,,,,,,08/2021,Occupational Expert
29-1071.00,Physician Assistants,4.C.3.d.8,Duration of Typical Work Week,CTP,Context (Categories 1-3),2,27.03,37,,,,,,08/2021,Occupational Expert
29-1071.00,Physician Assistants,4.C.3.d.8,Duration of Typical Work Week,CTP,Context (Categories 1-3),3,67.57,37,,,,,,08/2021,Occupational Expert
29-1071.01,Anesthesiologist Assistants,4.C.3.d.8,Duration of Typical Work Week,CT,Context,,2.18,18,0.2294,1.6914,2.6592,N,,07/2012,Incumbent
29-1071.01,Anesthesiologist Assistants,4.C.3.d.8,Duration of Typical Work Week,CTP,Context (Categories 1-3),1,18.88,18,11.7868,4.3875,54.1378,N,,07/2012,Incumbent
29-1071.01,Anesthesiologist Assistants,4.C.3.d.8,Duration of Typical Work Week,CTP,Context (Categories 1-3),2,44.71,18,15.9653,17.1531,75.9575,N,,07/2012,Incumbent
29-1071.01,Anesthesiologist Assistants,4.C.3.d.8,Duration of Typical Work Week,CTP,Context (Categories 1-3),3,36.41,18,15.8602,11.8877,70.8381,N,,07/2012,Incumbent
29-1081.00,Podiatrists,4.C.3.d.8,Duration of Typical Work Week,CT,Context,,2.49,27,0.1707,2.1435,2.8451,N,,08/2022,Incumbent
29-1081.00,Podiatrists,4.C.3.d.8,Duration of Typical Work Week,CTP,Context (Categories 1-3),1,0.62,27,0.6357,0.0741,4.9597,N,,08/2022,Incumbent
29-1081.00,Podiatrists,4.C.3.d.8,Duration of Typical Work Week,CTP,Context (Categories 1-3),2,49.33,27,17.1007,19.2627,79.8918,N,,08/2022,Incumbent
29-1081.00,Podiatrists,4.C.3.d.8,Duration of Typical Work Week,CTP,Context (Categories 1-3),3,50.05,27,17.0719,19.7553,80.3085,N,,08/2022,Incumbent
29-1122.00,Occupational Therapists,4.C.3.d.8,Duration of Typical Work Week,CT,Context,,2.36,22,,,,,,08/2021,Occupational Expert
29-1122.00,Occupational Therapists,4.C.3.d.8,Duration of Typical Work Week,CTP,Context (Categories 1-3),1,4.55,22,,,,,,08/2021,Occupational Expert
29-1122.00,Occupational Therapists,4.C.3.d.8,Duration of Typical Work Week,CTP,Context (Categories 1-3),2,54.55,22,,,,,,08/2021,Occupational Expert
29-1122.00,Occupational Therapists,4.C.3.d.8,Duration of Typical Work Week,CTP,Context (Categories 1-3),3,40.91,22,,,,,,08/2021,Occupational Expert
29-1122.01,"Low Vision Therapists, Orientation and Mobility Specialists, and Vision Rehabilitation Therapists",4.C.3.d.8,Duration of Typical Work Week,CT,Context,,1.95,22,,,,,,08/2021,Occupational Expert
29-1122.01,"Low Vision Therapists, Orientation and Mobility Specialists, and Vision Rehabilitation Therapists",4.C.3.d.8,Duration of Typical Work Week,CTP,Context (Categories 1-3),1,22.73,22,,,,,,08/2021,Occupational Expert
29-1122.01,"Low Vision Therapists, Orientation and Mobility Specialists, and Vision Rehabilitation Therapists",4.C.3.d.8,Duration of Typical Work Week,CTP,Context (Categories 1-3),2,59.09,22,,,,,,08/2021,Occupational Expert
29-1122.01,"Low Vision Therapists, Orientation and Mobility Specialists, and Vision Rehabilitation Therapists",4.C.3.d.8,Duration of Typical Work Week,CTP,Context (Categories 1-3),3,18.18,22,,,,,,08/2021,Occupational Expert
29-1123.00,Physical Therapists,4.C.3.d.8,Duration of Typical Work Week,CT,Context,,1.77,25,0.1669,1.4231,2.1119,N,,08/2020,Incumbent
29-1123.00,Physical Therapists,4.C.3.d.8,Duration of Typical Work Week,CTP,Context (Categories 1-3),1,34.52,25,13.4389,13.3853,64.2645,N,,08/2020,Incumbent
29-1123.00,Physical Therapists,4.C.3.d.8,Duration of Typical Work Week,CTP,Context (Categories 1-3),2,54.21,25,12.5482,29.4326,77.0686,N,,08/2020,Incumbent
29-1123.00,Physical Therapists,4.C.3.d.8,Duration of Typical Work Week,CTP,Context (Categories 1-3),3,11.27,25,6.1116,3.4722,30.9583,N,,08/2020,Incumbent
29-1124.00,Radiation Therapists,4.C.3.d.8,Duration of Typical Work Week,CT,Context,,2.01,36,0.0969,1.8114,2.2050,N,,07/2013,Incumbent
29-1124.00,Radiation Therapists,4.C.3.d.8,Duration of Typical Work Week,CTP,Context (Categories 1-3),1,14.66,36,6.3620,5.7664,32.5381,N,,07/2013,Incumbent
29-1124.00,Radiation Therapists,4.C.3.d.8,Duration of Typical Work Week,CTP,Context (Categories 1-3),2,69.86,36,9.1515,48.9540,84.8478,N,,07/2013,Incumbent
29-1124.00,Radiation Therapists,4.C.3.d.8,Duration of Typical Work Week,CTP,Context (Categories 1-3),3,15.48,36,6.9554,5.8624,35.0201,N,,07/2013,Incumbent
29-1125.00,Recreational Therapists,4.C.3.d.8,Duration of Typical Work Week,CT,Context,,2.11,38,,,,,,08/2022,Occupational Expert
29-1125.00,Recreational Therapists,4.C.3.d.8,Duration of Typical Work Week,CTP,Context (Categories 1-3),1,7.89,38,,,,,,08/2022,Occupational Expert
29-1125.00,Recreational Therapists,4.C.3.d.8,Duration of Typical Work Week,CTP,Context (Categories 1-3),2,73.68,38,,,,,,08/2022,Occupational Expert
29-1125.00,Recreational Therapists,4.C.3.d.8,Duration of Typical Work Week,CTP,Context (Categories 1-3),3,18.42,38,,,,,,08/2022,Occupational Expert
29-1126.00,Respiratory Therapists,4.C.3.d.8,Duration of Typical Work Week,CT,Context,,1.61,36,0.1293,1.3438,1.8689,N,,07/2013,Incumbent
29-1126.00,Respiratory Therapists,4.C.3.d.8,Duration of Typical Work Week,CTP,Context (Categories 1-3),1,51.81,36,9.7855,32.6701,70.4370,N,,07/2013,Incumbent
29-1126.00,Respiratory Therapists,4.C.3.d.8,Duration of Typical Work Week,CTP,Context (Categories 1-3),2,35.74,36,9.7246,19.0549,56.7786,N,,07/2013,Incumbent
29-1126.00,Respiratory Therapists,4.C.3.d.8,Duration of Typical Work Week,CTP,Context (Categories 1-3),3,12.45,36,5.9289,4.5020,30.0224,N,,07/2013,Incumbent
29-1127.00,Speech-Language Pathologists,4.C.3.d.8,Duration of Typical Work Week,CT,Context,,1.77,21,0.2430,1.2638,2.2776,N,,08/2022,Incumbent
29-1127.00,Speech-Language Pathologists,4.C.3.d.8,Duration of Typical Work Week,CTP,Context (Categories 1-3),1,43.16,21,15.3240,17.1035,73.6464,N,,08/2022,Incumbent
29-1127.00,Speech-Language Pathologists,4.C.3.d.8,Duration of Typical Work Week,CTP,Context (Categories 1-3),2,36.61,21,14.4705,13.5895,67.9531,N,,08/2022,Incumbent
29-1127.00,Speech-Language Pathologists,4.C.3.d.8,Duration of Typical Work Week,CTP,Context (Categories 1-3),3,20.23,21,12.8503,4.5969,57.1770,N,,08/2022,Incumbent
29-1128.00,Exercise Physiologists,4.C.3.d.8,Duration of Typical Work Week,CT,Context,,1.86,22,,,,,,08/2020,Occupational Expert
29-1128.00,Exercise Physiologists,4.C.3.d.8,Duration of Typical Work Week,CTP,Context (Categories 1-3),1,18.18,22,,,,,,08/2020,Occupational Expert
29-1128.00,Exercise Physiologists,4.C.3.d.8,Duration of Typical Work Week,CTP,Context (Categories 1-3),2,77.27,22,,,,,,08/2020,Occupational Expert
29-1128.00,Exercise Physiologists,4.C.3.d.8,Duration of Typical Work Week,CTP,Context (Categories 1-3),3,4.55,22,,,,,,08/2020,Occupational Expert
29-1129.01,Art Therapists,4.C.3.d.8,Duration of Typical Work Week,CT,Context,,2.06,32,,,,,,08/2021,Occupational Expert
29-1129.01,Art Therapists,4.C.3.d.8,Duration of Typical Work Week,CTP,Context (Categories 1-3),1,18.75,32,,,,,,08/2021,Occupational Expert
29-1129.01,Art Therapists,4.C.3.d.8,Duration of Typical Work Week,CTP,Context (Categories 1-3),2,56.25,32,,,,,,08/2021,Occupational Expert
29-1129.01,Art Therapists,4.C.3.d.8,Duration of Typical Work Week,CTP,Context (Categories 1-3),3,25.00,32,,,,,,08/2021,Occupational Expert
29-1129.02,Music Therapists,4.C.3.d.8,Duration of Typical Work Week,CT,Context,,1.88,26,,,,,,08/2021,Occupational Expert
29-1129.02,Music Therapists,4.C.3.d.8,Duration of Typical Work Week,CTP,Context (Categories 1-3),1,19.23,26,,,,,,08/2021,Occupational Expert
29-1129.02,Music Therapists,4.C.3.d.8,Duration of Typical Work Week,CTP,Context (Categories 1-3),2,73.08,26,,,,,,08/2021,Occupational Expert
29-1129.02,Music Therapists,4.C.3.d.8,Duration of Typical Work Week,CTP,Context (Categories 1-3),3,7.69,26,,,,,,08/2021,Occupational Expert
29-1131.00,Veterinarians,4.C.3.d.8,Duration of Typical Work Week,CT,Context,,2.37,24,0.1730,2.0136,2.7292,N,,08/2020,Incumbent
29-1131.00,Veterinarians,4.C.3.d.8,Duration of Typical Work Week,CTP,Context (Categories 1-3),1,18.43,24,9.0828,6.0801,44.0862,N,,08/2020,Incumbent
29-1131.00,Veterinarians,4.C.3.d.8,Duration of Typical Work Week,CTP,Context (Categories 1-3),2,26.00,24,8.5017,12.3495,46.7111,N,,08/2020,Incumbent
29-1131.00,Veterinarians,4.C.3.d.8,Duration of Typical Work Week,CTP,Context (Categories 1-3),3,55.57,24,10.1590,34.8060,74.5501,N,,08/2020,Incumbent
29-1141.00,Registered Nurses,4.C.3.d.8,Duration of Typical Work Week,CT,Context,,2.16,34,0.1599,1.8374,2.4879,N,,08/2021,Incumbent
29-1141.00,Registered Nurses,4.C.3.d.8,Duration of Typical Work Week,CTP,Context (Categories 1-3),1,9.22,34,5.9578,2.3287,30.1791,N,,08/2021,Incumbent
29-1141.00,Registered Nurses,4.C.3.d.8,Duration of Typical Work Week,CTP,Context (Categories 1-3),2,65.30,34,15.3785,32.1143,88.2169,N,,08/2021,Incumbent
29-1141.00,Registered Nurses,4.C.3.d.8,Duration of Typical Work Week,CTP,Context (Categories 1-3),3,25.48,34,14.5108,6.7375,61.8144,N,,08/2021,Incumbent
29-1141.01,Acute Care Nurses,4.C.3.d.8,Duration of Typical Work Week,CT,Context,,1.86,21,,,,,,08/2025,Occupational Expert
29-1141.01,Acute Care Nurses,4.C.3.d.8,Duration of Typical Work Week,CTP,Context (Categories 1-3),1,19.05,21,,,,,,08/2025,Occupational Expert
29-1141.01,Acute Care Nurses,4.C.3.d.8,Duration of Typical Work Week,CTP,Context (Categories 1-3),2,76.19,21,,,,,,08/2025,Occupational Expert
29-1141.01,Acute Care Nurses,4.C.3.d.8,Duration of Typical Work Week,CTP,Context (Categories 1-3),3,4.76,21,,,,,,08/2025,Occupational Expert
29-1141.02,Advanced Practice Psychiatric Nurses,4.C.3.d.8,Duration of Typical Work Week,CT,Context,,2.52,23,,,,,,08/2023,Occupational Expert
29-1141.02,Advanced Practice Psychiatric Nurses,4.C.3.d.8,Duration of Typical Work Week,CTP,Context (Categories 1-3),1,4.35,23,,,,,,08/2023,Occupational Expert
29-1141.02,Advanced Practice Psychiatric Nurses,4.C.3.d.8,Duration of Typical Work Week,CTP,Context (Categories 1-3),2,39.13,23,,,,,,08/2023,Occupational Expert
29-1141.02,Advanced Practice Psychiatric Nurses,4.C.3.d.8,Duration of Typical Work Week,CTP,Context (Categories 1-3),3,56.52,23,,,,,,08/2023,Occupational Expert
29-1141.03,Critical Care Nurses,4.C.3.d.8,Duration of Typical Work Week,CT,Context,,2.21,28,,,,,,08/2021,Occupational Expert
29-1141.03,Critical Care Nurses,4.C.3.d.8,Duration of Typical Work Week,CTP,Context (Categories 1-3),1,10.71,28,,,,,,08/2021,Occupational Expert
29-1141.03,Critical Care Nurses,4.C.3.d.8,Duration of Typical Work Week,CTP,Context (Categories 1-3),2,57.14,28,,,,,,08/2021,Occupational Expert
29-1141.03,Critical Care Nurses,4.C.3.d.8,Duration of Typical Work Week,CTP,Context (Categories 1-3),3,32.14,28,,,,,,08/2021,Occupational Expert
29-1141.04,Clinical Nurse Specialists,4.C.3.d.8,Duration of Typical Work Week,CT,Context,,2.52,21,,,,,,08/2025,Occupational Expert
29-1141.04,Clinical Nurse Specialists,4.C.3.d.8,Duration of Typical Work Week,CTP,Context (Categories 1-3),1,0.00,21,,,,,,08/2025,Occupational Expert
29-1141.04,Clinical Nurse Specialists,4.C.3.d.8,Duration of Typical Work Week,CTP,Context (Categories 1-3),2,47.62,21,,,,,,08/2025,Occupational Expert
29-1141.04,Clinical Nurse Specialists,4.C.3.d.8,Duration of Typical Work Week,CTP,Context (Categories 1-3),3,52.38,21,,,,,,08/2025,Occupational Expert
29-1151.00,Nurse Anesthetists,4.C.3.d.8,Duration of Typical Work Week,CT,Context,,2.63,27,,,,,,08/2021,Occupational Expert
29-1151.00,Nurse Anesthetists,4.C.3.d.8,Duration of Typical Work Week,CTP,Context (Categories 1-3),1,0.00,27,,,,,,08/2021,Occupational Expert
29-1151.00,Nurse Anesthetists,4.C.3.d.8,Duration of Typical Work Week,CTP,Context (Categories 1-3),2,37.04,27,,,,,,08/2021,Occupational Expert
29-1151.00,Nurse Anesthetists,4.C.3.d.8,Duration of Typical Work Week,CTP,Context (Categories 1-3),3,62.96,27,,,,,,08/2021,Occupational Expert
29-1161.00,Nurse Midwives,4.C.3.d.8,Duration of Typical Work Week,CT,Context,,2.82,33,,,,,,08/2021,Occupational Expert
29-1161.00,Nurse Midwives,4.C.3.d.8,Duration of Typical Work Week,CTP,Context (Categories 1-3),1,0.00,33,,,,,,08/2021,Occupational Expert
29-1161.00,Nurse Midwives,4.C.3.d.8,Duration of Typical Work Week,CTP,Context (Categories 1-3),2,18.18,33,,,,,,08/2021,Occupational Expert
29-1161.00,Nurse Midwives,4.C.3.d.8,Duration of Typical Work Week,CTP,Context (Categories 1-3),3,81.82,33,,,,,,08/2021,Occupational Expert
29-1171.00,Nurse Practitioners,4.C.3.d.8,Duration of Typical Work Week,CT,Context,,2.52,23,,,,,,08/2021,Occupational Expert
29-1171.00,Nurse Practitioners,4.C.3.d.8,Duration of Typical Work Week,CTP,Context (Categories 1-3),1,0.00,23,,,,,,08/2021,Occupational Expert
29-1171.00,Nurse Practitioners,4.C.3.d.8,Duration of Typical Work Week,CTP,Context (Categories 1-3),2,47.83,23,,,,,,08/2021,Occupational Expert
29-1171.00,Nurse Practitioners,4.C.3.d.8,Duration of Typical Work Week,CTP,Context (Categories 1-3),3,52.17,23,,,,,,08/2021,Occupational Expert
29-1181.00,Audiologists,4.C.3.d.8,Duration of Typical Work Week,CT,Context,,2.32,22,,,,,,08/2021,Occupational Expert
29-1181.00,Audiologists,4.C.3.d.8,Duration of Typical Work Week,CTP,Context (Categories 1-3),1,0.00,22,,,,,,08/2021,Occupational Expert
29-1181.00,Audiologists,4.C.3.d.8,Duration of Typical Work Week,CTP,Context (Categories 1-3),2,68.18,22,,,,,,08/2021,Occupational Expert
29-1181.00,Audiologists,4.C.3.d.8,Duration of Typical Work Week,CTP,Context (Categories 1-3),3,31.82,22,,,,,,08/2021,Occupational Expert
29-1211.00,Anesthesiologists,4.C.3.d.8,Duration of Typical Work Week,CT,Context,,2.95,34,0.0403,2.8683,3.0000,N,,07/2012,Incumbent
29-1211.00,Anesthesiologists,4.C.3.d.8,Duration of Typical Work Week,CTP,Context (Categories 1-3),1,0.00,34,0.0000,,,N,,07/2012,Incumbent
29-1211.00,Anesthesiologists,4.C.3.d.8,Duration of Typical Work Week,CTP,Context (Categories 1-3),2,4.97,34,4.0286,0.9137,22.8755,N,,07/2012,Incumbent
29-1211.00,Anesthesiologists,4.C.3.d.8,Duration of Typical Work Week,CTP,Context (Categories 1-3),3,95.03,34,4.0286,77.1245,99.0863,N,,07/2012,Incumbent
29-1213.00,Dermatologists,4.C.3.d.8,Duration of Typical Work Week,CT,Context,,2.08,26,0.1825,1.7000,2.4518,N,,08/2021,Incumbent
29-1213.00,Dermatologists,4.C.3.d.8,Duration of Typical Work Week,CTP,Context (Categories 1-3),1,32.88,26,9.2476,17.1242,53.7249,N,,08/2021,Incumbent
29-1213.00,Dermatologists,4.C.3.d.8,Duration of Typical Work Week,CTP,Context (Categories 1-3),2,26.66,26,10.6976,10.5367,52.8674,N,,08/2021,Incumbent
29-1213.00,Dermatologists,4.C.3.d.8,Duration of Typical Work Week,CTP,Context (Categories 1-3),3,40.47,26,11.7600,19.9179,65.0056,N,,08/2021,Incumbent
29-1214.00,Emergency Medicine Physicians,4.C.3.d.8,Duration of Typical Work Week,CT,Context,,1.77,30,,,,,,08/2025,Occupational Expert
29-1214.00,Emergency Medicine Physicians,4.C.3.d.8,Duration of Typical Work Week,CTP,Context (Categories 1-3),1,50.00,30,,,,,,08/2025,Occupational Expert
29-1214.00,Emergency Medicine Physicians,4.C.3.d.8,Duration of Typical Work Week,CTP,Context (Categories 1-3),2,23.33,30,,,,,,08/2025,Occupational Expert
29-1214.00,Emergency Medicine Physicians,4.C.3.d.8,Duration of Typical Work Week,CTP,Context (Categories 1-3),3,26.67,30,,,,,,08/2025,Occupational Expert
29-1215.00,Family Medicine Physicians,4.C.3.d.8,Duration of Typical Work Week,CT,Context,,2.10,21,0.1328,1.8237,2.3777,N,,08/2020,Incumbent
29-1215.00,Family Medicine Physicians,4.C.3.d.8,Duration of Typical Work Week,CTP,Context (Categories 1-3),1,31.60,21,12.3837,12.2695,60.4196,N,,08/2020,Incumbent
29-1215.00,Family Medicine Physicians,4.C.3.d.8,Duration of Typical Work Week,CTP,Context (Categories 1-3),2,26.72,21,19.4135,4.4074,74.2559,Y,,08/2020,Incumbent
29-1215.00,Family Medicine Physicians,4.C.3.d.8,Duration of Typical Work Week,CTP,Context (Categories 1-3),3,41.67,21,11.1026,21.6032,64.9459,N,,08/2020,Incumbent
29-1216.00,General Internal Medicine Physicians,4.C.3.d.8,Duration of Typical Work Week,CT,Context,,2.45,22,0.2509,1.9252,2.9687,N,,08/2021,Incumbent
29-1216.00,General Internal Medicine Physicians,4.C.3.d.8,Duration of Typical Work Week,CTP,Context (Categories 1-3),1,14.03,22,11.6958,2.1264,55.0754,N,,08/2021,Incumbent
29-1216.00,General Internal Medicine Physicians,4.C.3.d.8,Duration of Typical Work Week,CTP,Context (Categories 1-3),2,27.24,22,17.4626,5.6542,70.0528,N,,08/2021,Incumbent
29-1216.00,General Internal Medicine Physicians,4.C.3.d.8,Duration of Typical Work Week,CTP,Context (Categories 1-3),3,58.73,22,18.1776,23.0249,87.1281,N,,08/2021,Incumbent
29-1217.00,Neurologists,4.C.3.d.8,Duration of Typical Work Week,CT,Context,,2.89,20,0.0775,2.7282,3.0000,N,,07/2012,Incumbent
29-1217.00,Neurologists,4.C.3.d.8,Duration of Typical Work Week,CTP,Context (Categories 1-3),1,2.75,20,2.7464,0.3279,19.5350,N,,07/2012,Incumbent
29-1217.00,Neurologists,4.C.3.d.8,Duration of Typical Work Week,CTP,Context (Categories 1-3),2,5.47,20,5.4695,0.6284,34.6207,N,,07/2012,Incumbent
29-1217.00,Neurologists,4.C.3.d.8,Duration of Typical Work Week,CTP,Context (Categories 1-3),3,91.78,20,6.1183,67.1581,98.3868,N,,07/2012,Incumbent
29-1218.00,Obstetricians and Gynecologists,4.C.3.d.8,Duration of Typical Work Week,CT,Context,,2.49,18,0.2122,2.0458,2.9413,N,,08/2023,Incumbent
29-1218.00,Obstetricians and Gynecologists,4.C.3.d.8,Duration of Typical Work Week,CTP,Context (Categories 1-3),1,17.49,18,9.8400,4.7873,47.1857,N,,08/2023,Incumbent
29-1218.00,Obstetricians and Gynecologists,4.C.3.d.8,Duration of Typical Work Week,CTP,Context (Categories 1-3),2,15.67,18,9.7187,3.7880,46.7219,N,,08/2023,Incumbent
29-1218.00,Obstetricians and Gynecologists,4.C.3.d.8,Duration of Typical Work Week,CTP,Context (Categories 1-3),3,66.84,18,13.2520,36.3445,87.6810,N,,08/2023,Incumbent
29-1221.00,"Pediatricians, General",4.C.3.d.8,Duration of Typical Work Week,CT,Context,,2.39,21,0.2376,1.8953,2.8864,N,,08/2020,Incumbent
29-1221.00,"Pediatricians, General",4.C.3.d.8,Duration of Typical Work Week,CTP,Context (Categories 1-3),1,16.45,21,13.1829,2.5926,59.2843,N,,08/2020,Incumbent
29-1221.00,"Pediatricians, General",4.C.3.d.8,Duration of Typical Work Week,CTP,Context (Categories 1-3),2,28.02,21,12.1334,9.9874,57.7217,N,,08/2020,Incumbent
29-1221.00,"Pediatricians, General",4.C.3.d.8,Duration of Typical Work Week,CTP,Context (Categories 1-3),3,55.54,21,13.4904,28.5515,79.6068,N,,08/2020,Incumbent
29-1222.00,"Physicians, Pathologists",4.C.3.d.8,Duration of Typical Work Week,CT,Context,,2.70,24,0.1059,2.4801,2.9184,N,,08/2020,Incumbent
29-1222.00,"Physicians, Pathologists",4.C.3.d.8,Duration of Typical Work Week,CTP,Context (Categories 1-3),1,6.18,24,4.6392,1.2421,25.6401,N,,08/2020,Incumbent
29-1222.00,"Physicians, Pathologists",4.C.3.d.8,Duration of Typical Work Week,CTP,Context (Categories 1-3),2,17.72,24,10.0205,4.9387,47.1603,N,,08/2020,Incumbent
29-1222.00,"Physicians, Pathologists",4.C.3.d.8,Duration of Typical Work Week,CTP,Context (Categories 1-3),3,76.10,24,9.2086,52.7694,90.0772,N,,08/2020,Incumbent
29-1223.00,Psychiatrists,4.C.3.d.8,Duration of Typical Work Week,CT,Context,,2.56,32,0.1530,2.2465,2.8705,N,,07/2014,Incumbent
29-1223.00,Psychiatrists,4.C.3.d.8,Duration of Typical Work Week,CTP,Context (Categories 1-3),1,10.51,32,6.2837,2.9186,31.4489,N,,07/2014,Incumbent
29-1223.00,Psychiatrists,4.C.3.d.8,Duration of Typical Work Week,CTP,Context (Categories 1-3),2,23.13,32,11.5837,7.3791,53.1889,N,,07/2014,Incumbent
29-1223.00,Psychiatrists,4.C.3.d.8,Duration of Typical Work Week,CTP,Context (Categories 1-3),3,66.36,32,12.0263,39.6681,85.5479,N,,07/2014,Incumbent
29-1224.00,Radiologists,4.C.3.d.8,Duration of Typical Work Week,CT,Context,,2.51,22,0.2493,1.9946,3.0000,N,,08/2023,Incumbent
29-1224.00,Radiologists,4.C.3.d.8,Duration of Typical Work Week,CTP,Context (Categories 1-3),1,12.90,22,8.5110,2.9756,41.7120,N,,08/2023,Incumbent
29-1224.00,Radiologists,4.C.3.d.8,Duration of Typical Work Week,CTP,Context (Categories 1-3),2,22.89,22,11.1357,7.3987,52.4336,N,,08/2023,Incumbent
29-1224.00,Radiologists,4.C.3.d.8,Duration of Typical Work Week,CTP,Context (Categories 1-3),3,64.21,22,17.3314,27.2127,89.5946,N,,08/2023,Incumbent
29-1229.01,Allergists and Immunologists,4.C.3.d.8,Duration of Typical Work Week,CT,Context,,2.29,27,0.1732,1.9315,2.6437,N,,08/2022,Incumbent
29-1229.01,Allergists and Immunologists,4.C.3.d.8,Duration of Typical Work Week,CTP,Context (Categories 1-3),1,20.05,27,7.1536,9.1065,38.5582,N,,08/2022,Incumbent
29-1229.01,Allergists and Immunologists,4.C.3.d.8,Duration of Typical Work Week,CTP,Context (Categories 1-3),2,31.14,27,9.3480,15.5851,52.5640,N,,08/2022,Incumbent
29-1229.01,Allergists and Immunologists,4.C.3.d.8,Duration of Typical Work Week,CTP,Context (Categories 1-3),3,48.81,27,11.9391,26.3105,71.7992,N,,08/2022,Incumbent
29-1229.02,Hospitalists,4.C.3.d.8,Duration of Typical Work Week,CT,Context,,2.92,24,,,,,,08/2021,Occupational Expert
29-1229.02,Hospitalists,4.C.3.d.8,Duration of Typical Work Week,CTP,Context (Categories 1-3),1,0.00,24,,,,,,08/2021,Occupational Expert
29-1229.02,Hospitalists,4.C.3.d.8,Duration of Typical Work Week,CTP,Context (Categories 1-3),2,8.33,24,,,,,,08/2021,Occupational Expert
29-1229.02,Hospitalists,4.C.3.d.8,Duration of Typical Work Week,CTP,Context (Categories 1-3),3,91.67,24,,,,,,08/2021,Occupational Expert
29-1229.03,Urologists,4.C.3.d.8,Duration of Typical Work Week,CT,Context,,3.00,15,0.0000,,,N,,08/2023,Incumbent
29-1229.03,Urologists,4.C.3.d.8,Duration of Typical Work Week,CTP,Context (Categories 1-3),1,0.00,15,0.0000,,,N,,08/2023,Incumbent
29-1229.03,Urologists,4.C.3.d.8,Duration of Typical Work Week,CTP,Context (Categories 1-3),2,0.00,15,0.0000,,,N,,08/2023,Incumbent
29-1229.03,Urologists,4.C.3.d.8,Duration of Typical Work Week,CTP,Context (Categories 1-3),3,100.00,15,0.0000,,,N,,08/2023,Incumbent
29-1229.04,Physical Medicine and Rehabilitation Physicians,4.C.3.d.8,Duration of Typical Work Week,CT,Context,,2.64,26,0.1000,2.4301,2.8421,N,,07/2012,Incumbent
29-1229.04,Physical Medicine and Rehabilitation Physicians,4.C.3.d.8,Duration of Typical Work Week,CTP,Context (Categories 1-3),1,5.71,26,4.1590,1.2172,22.9170,N,,07/2012,Incumbent
29-1229.04,Physical Medicine and Rehabilitation Physicians,4.C.3.d.8,Duration of Typical Work Week,CTP,Context (Categories 1-3),2,24.98,26,9.8129,10.1703,49.4668,N,,07/2012,Incumbent
29-1229.04,Physical Medicine and Rehabilitation Physicians,4.C.3.d.8,Duration of Typical Work Week,CTP,Context (Categories 1-3),3,69.32,26,8.9923,48.6054,84.3663,N,,07/2012,Incumbent
29-1229.05,Preventive Medicine Physicians,4.C.3.d.8,Duration of Typical Work Week,CT,Context,,2.68,19,,,,,,08/2023,Occupational Expert
29-1229.05,Preventive Medicine Physicians,4.C.3.d.8,Duration of Typical Work Week,CTP,Context (Categories 1-3),1,0.00,19,,,,,,08/2023,Occupational Expert
29-1229.05,Preventive Medicine Physicians,4.C.3.d.8,Duration of Typical Work Week,CTP,Context (Categories 1-3),2,31.58,19,,,,,,08/2023,Occupational Expert
29-1229.05,Preventive Medicine Physicians,4.C.3.d.8,Duration of Typical Work Week,CTP,Context (Categories 1-3),3,68.42,19,,,,,,08/2023,Occupational Expert
29-1229.06,Sports Medicine Physicians,4.C.3.d.8,Duration of Typical Work Week,CT,Context,,2.93,19,0.0642,2.7977,3.0000,N,,07/2012,Incumbent
29-1229.06,Sports Medicine Physicians,4.C.3.d.8,Duration of Typical Work Week,CTP,Context (Categories 1-3),1,0.00,19,0.0000,,,N,,07/2012,Incumbent
29-1229.06,Sports Medicine Physicians,4.C.3.d.8,Duration of Typical Work Week,CTP,Context (Categories 1-3),2,6.75,19,6.4167,0.8439,38.1236,N,,07/2012,Incumbent
29-1229.06,Sports Medicine Physicians,4.C.3.d.8,Duration of Typical Work Week,CTP,Context (Categories 1-3),3,93.25,19,6.4167,61.8764,99.1561,N,,07/2012,Incumbent
29-1241.00,"Ophthalmologists, Except Pediatric",4.C.3.d.8,Duration of Typical Work Week,CT,Context,,2.43,14,0.2161,1.9655,2.8992,N,,08/2022,Incumbent
29-1241.00,"Ophthalmologists, Except Pediatric",4.C.3.d.8,Duration of Typical Work Week,CTP,Context (Categories 1-3),1,5.66,14,3.3531,1.5245,18.8920,N,,08/2022,Incumbent
29-1241.00,"Ophthalmologists, Except Pediatric",4.C.3.d.8,Duration of Typical Work Week,CTP,Context (Categories 1-3),2,45.44,14,21.2743,11.5377,84.1679,Y,,08/2022,Incumbent
29-1241.00,"Ophthalmologists, Except Pediatric",4.C.3.d.8,Duration of Typical Work Week,CTP,Context (Categories 1-3),3,48.90,14,21.1793,13.2952,85.6568,Y,,08/2022,Incumbent
29-1291.00,Acupuncturists,4.C.3.d.8,Duration of Typical Work Week,CT,Context,,1.61,28,,,,,,08/2025,Occupational Expert
29-1291.00,Acupuncturists,4.C.3.d.8,Duration of Typical Work Week,CTP,Context (Categories 1-3),1,42.86,28,,,,,,08/2025,Occupational Expert
29-1291.00,Acupuncturists,4.C.3.d.8,Duration of Typical Work Week,CTP,Context (Categories 1-3),2,53.57,28,,,,,,08/2025,Occupational Expert
29-1291.00,Acupuncturists,4.C.3.d.8,Duration of Typical Work Week,CTP,Context (Categories 1-3),3,3.57,28,,,,,,08/2025,Occupational Expert
29-1292.00,Dental Hygienists,4.C.3.d.8,Duration of Typical Work Week,CT,Context,,1.46,17,0.1747,1.0901,1.8306,N,,08/2021,Incumbent
29-1292.00,Dental Hygienists,4.C.3.d.8,Duration of Typical Work Week,CTP,Context (Categories 1-3),1,57.55,17,16.9483,23.7542,85.5111,N,,08/2021,Incumbent
29-1292.00,Dental Hygienists,4.C.3.d.8,Duration of Typical Work Week,CTP,Context (Categories 1-3),2,38.85,17,16.8745,12.3554,74.1208,N,,08/2021,Incumbent
29-1292.00,Dental Hygienists,4.C.3.d.8,Duration of Typical Work Week,CTP,Context (Categories 1-3),3,3.59,17,2.7700,0.6786,16.8811,N,,08/2021,Incumbent
29-1299.01,Naturopathic Physicians,4.C.3.d.8,Duration of Typical Work Week,CT,Context,,2.32,25,,,,,,08/2021,Occupational Expert
29-1299.01,Naturopathic Physicians,4.C.3.d.8,Duration of Typical Work Week,CTP,Context (Categories 1-3),1,8.00,25,,,,,,08/2021,Occupational Expert
29-1299.01,Naturopathic Physicians,4.C.3.d.8,Duration of Typical Work Week,CTP,Context (Categories 1-3),2,52.00,25,,,,,,08/2021,Occupational Expert
29-1299.01,Naturopathic Physicians,4.C.3.d.8,Duration of Typical Work Week,CTP,Context (Categories 1-3),3,40.00,25,,,,,,08/2021,Occupational Expert
29-1299.02,Orthoptists,4.C.3.d.8,Duration of Typical Work Week,CT,Context,,2.11,28,,,,,,08/2021,Occupational Expert
29-1299.02,Orthoptists,4.C.3.d.8,Duration of Typical Work Week,CTP,Context (Categories 1-3),1,7.14,28,,,,,,08/2021,Occupational Expert
29-1299.02,Orthoptists,4.C.3.d.8,Duration of Typical Work Week,CTP,Context (Categories 1-3),2,75.00,28,,,,,,08/2021,Occupational Expert
29-1299.02,Orthoptists,4.C.3.d.8,Duration of Typical Work Week,CTP,Context (Categories 1-3),3,17.86,28,,,,,,08/2021,Occupational Expert
29-2011.00,Medical and Clinical Laboratory Technologists,4.C.3.d.8,Duration of Typical Work Week,CT,Context,,1.91,32,0.1427,1.6196,2.2017,N,,08/2025,Incumbent
29-2011.00,Medical and Clinical Laboratory Technologists,4.C.3.d.8,Duration of Typical Work Week,CTP,Context (Categories 1-3),1,29.25,32,9.1820,14.3284,50.5402,N,,08/2025,Incumbent
29-2011.00,Medical and Clinical Laboratory Technologists,4.C.3.d.8,Duration of Typical Work Week,CTP,Context (Categories 1-3),2,50.44,32,7.8228,34.9595,65.8284,N,,08/2025,Incumbent
29-2011.00,Medical and Clinical Laboratory Technologists,4.C.3.d.8,Duration of Typical Work Week,CTP,Context (Categories 1-3),3,20.32,32,6.9371,9.6160,37.9258,N,,08/2025,Incumbent
29-2011.01,Cytogenetic Technologists,4.C.3.d.8,Duration of Typical Work Week,CT,Context,,2.14,21,,,,,,08/2021,Occupational Expert
29-2011.01,Cytogenetic Technologists,4.C.3.d.8,Duration of Typical Work Week,CTP,Context (Categories 1-3),1,4.76,21,,,,,,08/2021,Occupational Expert
29-2011.01,Cytogenetic Technologists,4.C.3.d.8,Duration of Typical Work Week,CTP,Context (Categories 1-3),2,76.19,21,,,,,,08/2021,Occupational Expert
29-2011.01,Cytogenetic Technologists,4.C.3.d.8,Duration of Typical Work Week,CTP,Context (Categories 1-3),3,19.05,21,,,,,,08/2021,Occupational Expert
29-2011.02,Cytotechnologists,4.C.3.d.8,Duration of Typical Work Week,CT,Context,,2.09,22,,,,,,08/2021,Occupational Expert
29-2011.02,Cytotechnologists,4.C.3.d.8,Duration of Typical Work Week,CTP,Context (Categories 1-3),1,0.00,22,,,,,,08/2021,Occupational Expert
29-2011.02,Cytotechnologists,4.C.3.d.8,Duration of Typical Work Week,CTP,Context (Categories 1-3),2,90.91,22,,,,,,08/2021,Occupational Expert
29-2011.02,Cytotechnologists,4.C.3.d.8,Duration of Typical Work Week,CTP,Context (Categories 1-3),3,9.09,22,,,,,,08/2021,Occupational Expert
29-2011.04,Histotechnologists,4.C.3.d.8,Duration of Typical Work Week,CT,Context,,2.30,20,,,,,,08/2024,Occupational Expert
29-2011.04,Histotechnologists,4.C.3.d.8,Duration of Typical Work Week,CTP,Context (Categories 1-3),1,0.00,20,,,,,,08/2024,Occupational Expert
29-2011.04,Histotechnologists,4.C.3.d.8,Duration of Typical Work Week,CTP,Context (Categories 1-3),2,70.00,20,,,,,,08/2024,Occupational Expert
29-2011.04,Histotechnologists,4.C.3.d.8,Duration of Typical Work Week,CTP,Context (Categories 1-3),3,30.00,20,,,,,,08/2024,Occupational Expert
29-2012.00,Medical and Clinical Laboratory Technicians,4.C.3.d.8,Duration of Typical Work Week,CT,Context,,1.79,44,0.1119,1.5615,2.0127,N,,07/2014,Incumbent
29-2012.00,Medical and Clinical Laboratory Technicians,4.C.3.d.8,Duration of Typical Work Week,CTP,Context (Categories 1-3),1,27.94,44,10.3825,12.0540,52.3123,N,,07/2014,Incumbent
29-2012.00,Medical and Clinical Laboratory Technicians,4.C.3.d.8,Duration of Typical Work Week,CTP,Context (Categories 1-3),2,65.41,44,11.4358,40.5566,83.9730,N,,07/2014,Incumbent
29-2012.00,Medical and Clinical Laboratory Technicians,4.C.3.d.8,Duration of Typical Work Week,CTP,Context (Categories 1-3),3,6.65,44,4.4911,1.6306,23.4539,N,,07/2014,Incumbent
29-2012.01,Histology Technicians,4.C.3.d.8,Duration of Typical Work Week,CT,Context,,2.04,25,,,,,,08/2025,Occupational Expert
29-2012.01,Histology Technicians,4.C.3.d.8,Duration of Typical Work Week,CTP,Context (Categories 1-3),1,4.00,25,,,,,,08/2025,Occupational Expert
29-2012.01,Histology Technicians,4.C.3.d.8,Duration of Typical Work Week,CTP,Context (Categories 1-3),2,88.00,25,,,,,,08/2025,Occupational Expert
29-2012.01,Histology Technicians,4.C.3.d.8,Duration of Typical Work Week,CTP,Context (Categories 1-3),3,8.00,25,,,,,,08/2025,Occupational Expert
29-2031.00,Cardiovascular Technologists and Technicians,4.C.3.d.8,Duration of Typical Work Week,CT,Context,,1.92,35,0.1017,1.7125,2.1259,N,,07/2014,Incumbent
29-2031.00,Cardiovascular Technologists and Technicians,4.C.3.d.8,Duration of Typical Work Week,CTP,Context (Categories 1-3),1,21.54,35,9.6927,7.8829,46.8252,N,,07/2014,Incumbent
29-2031.00,Cardiovascular Technologists and Technicians,4.C.3.d.8,Duration of Typical Work Week,CTP,Context (Categories 1-3),2,65.00,35,12.9030,36.9702,85.4686,N,,07/2014,Incumbent
29-2031.00,Cardiovascular Technologists and Technicians,4.C.3.d.8,Duration of Typical Work Week,CTP,Context (Categories 1-3),3,13.46,35,6.4028,4.8420,32.2168,N,,07/2014,Incumbent
29-2032.00,Diagnostic Medical Sonographers,4.C.3.d.8,Duration of Typical Work Week,CT,Context,,1.74,40,0.1639,1.4104,2.0735,N,,07/2013,Incumbent
29-2032.00,Diagnostic Medical Sonographers,4.C.3.d.8,Duration of Typical Work Week,CTP,Context (Categories 1-3),1,48.84,40,10.1538,29.5576,68.4705,N,,07/2013,Incumbent
29-2032.00,Diagnostic Medical Sonographers,4.C.3.d.8,Duration of Typical Work Week,CTP,Context (Categories 1-3),2,28.13,40,9.3418,13.3206,49.9129,N,,07/2013,Incumbent
29-2032.00,Diagnostic Medical Sonographers,4.C.3.d.8,Duration of Typical Work Week,CTP,Context (Categories 1-3),3,23.04,40,8.6540,10.0324,44.5470,N,,07/2013,Incumbent
29-2033.00,Nuclear Medicine Technologists,4.C.3.d.8,Duration of Typical Work Week,CT,Context,,1.91,40,0.1650,1.5747,2.2422,N,,07/2013,Incumbent
29-2033.00,Nuclear Medicine Technologists,4.C.3.d.8,Duration of Typical Work Week,CTP,Context (Categories 1-3),1,31.45,40,10.4674,14.6647,55.0561,N,,07/2013,Incumbent
29-2033.00,Nuclear Medicine Technologists,4.C.3.d.8,Duration of Typical Work Week,CTP,Context (Categories 1-3),2,46.25,40,9.7317,28.0474,65.5099,N,,07/2013,Incumbent
29-2033.00,Nuclear Medicine Technologists,4.C.3.d.8,Duration of Typical Work Week,CTP,Context (Categories 1-3),3,22.30,40,8.5985,9.5167,43.9166,N,,07/2013,Incumbent
29-2034.00,Radiologic Technologists and Technicians,4.C.3.d.8,Duration of Typical Work Week,CT,Context,,1.84,47,0.1446,1.5466,2.1285,N,,08/2022,Incumbent
29-2034.00,Radiologic Technologists and Technicians,4.C.3.d.8,Duration of Typical Work Week,CTP,Context (Categories 1-3),1,29.89,47,11.0946,12.8037,55.3064,N,,08/2022,Incumbent
29-2034.00,Radiologic Technologists and Technicians,4.C.3.d.8,Duration of Typical Work Week,CTP,Context (Categories 1-3),2,56.47,47,11.3239,33.9170,76.6305,N,,08/2022,Incumbent
29-2034.00,Radiologic Technologists and Technicians,4.C.3.d.8,Duration of Typical Work Week,CTP,Context (Categories 1-3),3,13.64,47,6.7465,4.7516,33.3449,N,,08/2022,Incumbent
29-2035.00,Magnetic Resonance Imaging Technologists,4.C.3.d.8,Duration of Typical Work Week,CT,Context,,2.26,23,,,,,,08/2023,Occupational Expert
29-2035.00,Magnetic Resonance Imaging Technologists,4.C.3.d.8,Duration of Typical Work Week,CTP,Context (Categories 1-3),1,4.35,23,,,,,,08/2023,Occupational Expert
29-2035.00,Magnetic Resonance Imaging Technologists,4.C.3.d.8,Duration of Typical Work Week,CTP,Context (Categories 1-3),2,65.22,23,,,,,,08/2023,Occupational Expert
29-2035.00,Magnetic Resonance Imaging Technologists,4.C.3.d.8,Duration of Typical Work Week,CTP,Context (Categories 1-3),3,30.43,23,,,,,,08/2023,Occupational Expert
29-2036.00,Medical Dosimetrists,4.C.3.d.8,Duration of Typical Work Week,CT,Context,,2.21,19,,,,,,08/2024,Occupational Expert
29-2036.00,Medical Dosimetrists,4.C.3.d.8,Duration of Typical Work Week,CTP,Context (Categories 1-3),1,0.00,19,,,,,,08/2024,Occupational Expert
29-2036.00,Medical Dosimetrists,4.C.3.d.8,Duration of Typical Work Week,CTP,Context (Categories 1-3),2,78.95,19,,,,,,08/2024,Occupational Expert
29-2036.00,Medical Dosimetrists,4.C.3.d.8,Duration of Typical Work Week,CTP,Context (Categories 1-3),3,21.05,19,,,,,,08/2024,Occupational Expert
29-2051.00,Dietetic Technicians,4.C.3.d.8,Duration of Typical Work Week,CT,Context,,1.98,16,0.2465,1.4515,2.5022,N,,08/2021,Incumbent
29-2051.00,Dietetic Technicians,4.C.3.d.8,Duration of Typical Work Week,CTP,Context (Categories 1-3),1,32.81,16,11.6366,13.6848,60.0700,N,,08/2021,Incumbent
29-2051.00,Dietetic Technicians,4.C.3.d.8,Duration of Typical Work Week,CTP,Context (Categories 1-3),2,36.69,16,12.1240,16.0025,63.8063,N,,08/2021,Incumbent
29-2051.00,Dietetic Technicians,4.C.3.d.8,Duration of Typical Work Week,CTP,Context (Categories 1-3),3,30.50,16,15.5525,8.4119,67.7036,N,,08/2021,Incumbent
29-2052.00,Pharmacy Technicians,4.C.3.d.8,Duration of Typical Work Week,CT,Context,,1.91,27,0.1369,1.6236,2.1866,N,,08/2021,Incumbent
29-2052.00,Pharmacy Technicians,4.C.3.d.8,Duration of Typical Work Week,CTP,Context (Categories 1-3),1,26.29,27,9.5061,11.5142,49.4352,N,,08/2021,Incumbent
29-2052.00,Pharmacy Technicians,4.C.3.d.8,Duration of Typical Work Week,CTP,Context (Categories 1-3),2,56.91,27,8.5956,39.1178,73.0791,N,,08/2021,Incumbent
29-2052.00,Pharmacy Technicians,4.C.3.d.8,Duration of Typical Work Week,CTP,Context (Categories 1-3),3,16.80,27,6.3499,7.3535,33.9382,N,,08/2021,Incumbent
29-2053.00,Psychiatric Technicians,4.C.3.d.8,Duration of Typical Work Week,CT,Context,,2.58,22,0.2389,2.0875,3.0000,N,,08/2023,Incumbent
29-2053.00,Psychiatric Technicians,4.C.3.d.8,Duration of Typical Work Week,CTP,Context (Categories 1-3),1,18.17,22,12.0349,3.9639,54.4478,N,,08/2023,Incumbent
29-2053.00,Psychiatric Technicians,4.C.3.d.8,Duration of Typical Work Week,CTP,Context (Categories 1-3),2,5.22,22,3.3155,1.3461,18.1645,N,,08/2023,Incumbent
29-2053.00,Psychiatric Technicians,4.C.3.d.8,Duration of Typical Work Week,CTP,Context (Categories 1-3),3,76.61,22,12.0836,44.6216,93.0131,N,,08/2023,Incumbent
29-2055.00,Surgical Technologists,4.C.3.d.8,Duration of Typical Work Week,CT,Context,,1.93,38,0.1517,1.6221,2.2367,N,,07/2013,Incumbent
29-2055.00,Surgical Technologists,4.C.3.d.8,Duration of Typical Work Week,CTP,Context (Categories 1-3),1,27.48,38,10.4222,11.6084,52.2299,N,,07/2013,Incumbent
29-2055.00,Surgical Technologists,4.C.3.d.8,Duration of Typical Work Week,CTP,Context (Categories 1-3),2,52.10,38,13.0217,27.4225,75.7897,N,,07/2013,Incumbent
29-2055.00,Surgical Technologists,4.C.3.d.8,Duration of Typical Work Week,CTP,Context (Categories 1-3),3,20.42,38,9.5473,7.2398,45.7657,N,,07/2013,Incumbent
29-2056.00,Veterinary Technologists and Technicians,4.C.3.d.8,Duration of Typical Work Week,CT,Context,,1.77,33,0.1216,1.5178,2.0132,N,,08/2020,Incumbent
29-2056.00,Veterinary Technologists and Technicians,4.C.3.d.8,Duration of Typical Work Week,CTP,Context (Categories 1-3),1,33.84,33,9.5604,17.6460,54.9643,N,,08/2020,Incumbent
29-2056.00,Veterinary Technologists and Technicians,4.C.3.d.8,Duration of Typical Work Week,CTP,Context (Categories 1-3),2,55.78,33,10.1527,35.2955,74.4745,N,,08/2020,Incumbent
29-2056.00,Veterinary Technologists and Technicians,4.C.3.d.8,Duration of Typical Work Week,CTP,Context (Categories 1-3),3,10.38,33,5.8380,3.1262,29.3722,N,,08/2020,Incumbent
29-2057.00,Ophthalmic Medical Technicians,4.C.3.d.8,Duration of Typical Work Week,CT,Context,,2.05,22,,,,,,08/2020,Occupational Expert
29-2057.00,Ophthalmic Medical Technicians,4.C.3.d.8,Duration of Typical Work Week,CTP,Context (Categories 1-3),1,9.09,22,,,,,,08/2020,Occupational Expert
29-2057.00,Ophthalmic Medical Technicians,4.C.3.d.8,Duration of Typical Work Week,CTP,Context (Categories 1-3),2,77.27,22,,,,,,08/2020,Occupational Expert
29-2057.00,Ophthalmic Medical Technicians,4.C.3.d.8,Duration of Typical Work Week,CTP,Context (Categories 1-3),3,13.64,22,,,,,,08/2020,Occupational Expert
29-2061.00,Licensed Practical and Licensed Vocational Nurses,4.C.3.d.8,Duration of Typical Work Week,CT,Context,,1.84,36,0.1558,1.5221,2.1546,N,,08/2021,Incumbent
29-2061.00,Licensed Practical and Licensed Vocational Nurses,4.C.3.d.8,Duration of Typical Work Week,CTP,Context (Categories 1-3),1,31.33,36,11.7807,13.0497,58.0986,N,,08/2021,Incumbent
29-2061.00,Licensed Practical and Licensed Vocational Nurses,4.C.3.d.8,Duration of Typical Work Week,CTP,Context (Categories 1-3),2,53.51,36,11.7324,30.6464,74.9922,N,,08/2021,Incumbent
29-2061.00,Licensed Practical and Licensed Vocational Nurses,4.C.3.d.8,Duration of Typical Work Week,CTP,Context (Categories 1-3),3,15.16,36,7.1684,5.4498,35.6487,N,,08/2021,Incumbent
29-2081.00,"Opticians, Dispensing",4.C.3.d.8,Duration of Typical Work Week,CT,Context,,2.04,23,,,,,,08/2022,Occupational Expert
29-2081.00,"Opticians, Dispensing",4.C.3.d.8,Duration of Typical Work Week,CTP,Context (Categories 1-3),1,0.00,23,,,,,,08/2022,Occupational Expert
29-2081.00,"Opticians, Dispensing",4.C.3.d.8,Duration of Typical Work Week,CTP,Context (Categories 1-3),2,95.65,23,,,,,,08/2022,Occupational Expert
29-2081.00,"Opticians, Dispensing",4.C.3.d.8,Duration of Typical Work Week,CTP,Context (Categories 1-3),3,4.35,23,,,,,,08/2022,Occupational Expert
29-2091.00,Orthotists and Prosthetists,4.C.3.d.8,Duration of Typical Work Week,CT,Context,,2.71,21,,,,,,08/2024,Occupational Expert
29-2091.00,Orthotists and Prosthetists,4.C.3.d.8,Duration of Typical Work Week,CTP,Context (Categories 1-3),1,0.00,21,,,,,,08/2024,Occupational Expert
29-2091.00,Orthotists and Prosthetists,4.C.3.d.8,Duration of Typical Work Week,CTP,Context (Categories 1-3),2,28.57,21,,,,,,08/2024,Occupational Expert
29-2091.00,Orthotists and Prosthetists,4.C.3.d.8,Duration of Typical Work Week,CTP,Context (Categories 1-3),3,71.43,21,,,,,,08/2024,Occupational Expert
29-2092.00,Hearing Aid Specialists,4.C.3.d.8,Duration of Typical Work Week,CT,Context,,2.36,17,0.2802,1.7652,2.9531,N,,08/2020,Incumbent
29-2092.00,Hearing Aid Specialists,4.C.3.d.8,Duration of Typical Work Week,CTP,Context (Categories 1-3),1,17.83,17,12.6468,3.3658,57.4923,N,,08/2020,Incumbent
29-2092.00,Hearing Aid Specialists,4.C.3.d.8,Duration of Typical Work Week,CTP,Context (Categories 1-3),2,28.42,17,17.2882,6.1494,70.6373,N,,08/2020,Incumbent
29-2092.00,Hearing Aid Specialists,4.C.3.d.8,Duration of Typical Work Week,CTP,Context (Categories 1-3),3,53.75,17,19.5452,17.9969,86.0191,Y,,08/2020,Incumbent
29-2099.01,Neurodiagnostic Technologists,4.C.3.d.8,Duration of Typical Work Week,CT,Context,,2.26,31,,,,,,08/2022,Occupational Expert
29-2099.01,Neurodiagnostic Technologists,4.C.3.d.8,Duration of Typical Work Week,CTP,Context (Categories 1-3),1,9.68,31,,,,,,08/2022,Occupational Expert
29-2099.01,Neurodiagnostic Technologists,4.C.3.d.8,Duration of Typical Work Week,CTP,Context (Categories 1-3),2,54.84,31,,,,,,08/2022,Occupational Expert
29-2099.01,Neurodiagnostic Technologists,4.C.3.d.8,Duration of Typical Work Week,CTP,Context (Categories 1-3),3,35.48,31,,,,,,08/2022,Occupational Expert
29-2099.05,Ophthalmic Medical Technologists,4.C.3.d.8,Duration of Typical Work Week,CT,Context,,2.20,20,,,,,,08/2020,Occupational Expert
29-2099.05,Ophthalmic Medical Technologists,4.C.3.d.8,Duration of Typical Work Week,CTP,Context (Categories 1-3),1,0.00,20,,,,,,08/2020,Occupational Expert
29-2099.05,Ophthalmic Medical Technologists,4.C.3.d.8,Duration of Typical Work Week,CTP,Context (Categories 1-3),2,80.00,20,,,,,,08/2020,Occupational Expert
29-2099.05,Ophthalmic Medical Technologists,4.C.3.d.8,Duration of Typical Work Week,CTP,Context (Categories 1-3),3,20.00,20,,,,,,08/2020,Occupational Expert
29-2099.08,Patient Representatives,4.C.3.d.8,Duration of Typical Work Week,CT,Context,,1.83,19,0.1726,1.4677,2.1928,N,,08/2020,Incumbent
29-2099.08,Patient Representatives,4.C.3.d.8,Duration of Typical Work Week,CTP,Context (Categories 1-3),1,23.28,19,16.5875,4.1330,68.1054,N,,08/2020,Incumbent
29-2099.08,Patient Representatives,4.C.3.d.8,Duration of Typical Work Week,CTP,Context (Categories 1-3),2,70.42,19,17.2874,29.3963,93.1567,N,,08/2020,Incumbent
29-2099.08,Patient Representatives,4.C.3.d.8,Duration of Typical Work Week,CTP,Context (Categories 1-3),3,6.30,19,4.8153,1.1976,27.1727,N,,08/2020,Incumbent
29-9091.00,Athletic Trainers,4.C.3.d.8,Duration of Typical Work Week,CT,Context,,2.99,19,0.0107,2.9648,3.0000,N,,08/2021,Incumbent
29-9091.00,Athletic Trainers,4.C.3.d.8,Duration of Typical Work Week,CTP,Context (Categories 1-3),1,0.00,19,0.0000,,,N,,08/2021,Incumbent
29-9091.00,Athletic Trainers,4.C.3.d.8,Duration of Typical Work Week,CTP,Context (Categories 1-3),2,1.28,19,1.0661,0.2211,7.0801,N,,08/2021,Incumbent
29-9091.00,Athletic Trainers,4.C.3.d.8,Duration of Typical Work Week,CTP,Context (Categories 1-3),3,98.72,19,1.0661,92.9199,99.7789,N,,08/2021,Incumbent
29-9092.00,Genetic Counselors,4.C.3.d.8,Duration of Typical Work Week,CT,Context,,2.48,23,,,,,,07/2014,Occupational Expert
29-9092.00,Genetic Counselors,4.C.3.d.8,Duration of Typical Work Week,CTP,Context (Categories 1-3),1,0.00,23,,,,,,07/2014,Occupational Expert
29-9092.00,Genetic Counselors,4.C.3.d.8,Duration of Typical Work Week,CTP,Context (Categories 1-3),2,52.17,23,,,,,,07/2014,Occupational Expert
29-9092.00,Genetic Counselors,4.C.3.d.8,Duration of Typical Work Week,CTP,Context (Categories 1-3),3,47.83,23,,,,,,07/2014,Occupational Expert
29-9093.00,Surgical Assistants,4.C.3.d.8,Duration of Typical Work Week,CT,Context,,1.95,24,0.1622,1.6142,2.2854,N,,07/2015,Incumbent
29-9093.00,Surgical Assistants,4.C.3.d.8,Duration of Typical Work Week,CTP,Context (Categories 1-3),1,26.87,24,13.2037,8.3861,59.6003,N,,07/2015,Incumbent
29-9093.00,Surgical Assistants,4.C.3.d.8,Duration of Typical Work Week,CTP,Context (Categories 1-3),2,51.27,24,16.2793,21.4682,80.2014,N,,07/2015,Incumbent
29-9093.00,Surgical Assistants,4.C.3.d.8,Duration of Typical Work Week,CTP,Context (Categories 1-3),3,21.85,24,9.4736,8.1521,46.8369,N,,07/2015,Incumbent
29-9099.01,Midwives,4.C.3.d.8,Duration of Typical Work Week,CT,Context,,2.20,22,0.2232,1.7334,2.6617,N,,08/2021,Incumbent
29-9099.01,Midwives,4.C.3.d.8,Duration of Typical Work Week,CTP,Context (Categories 1-3),1,24.35,22,12.5075,7.2697,56.9153,N,,08/2021,Incumbent
29-9099.01,Midwives,4.C.3.d.8,Duration of Typical Work Week,CTP,Context (Categories 1-3),2,31.55,22,9.8238,15.1818,54.2776,N,,08/2021,Incumbent
29-9099.01,Midwives,4.C.3.d.8,Duration of Typical Work Week,CTP,Context (Categories 1-3),3,44.10,22,11.8699,22.4724,68.2286,N,,08/2021,Incumbent
31-1121.00,Home Health Aides,4.C.3.d.8,Duration of Typical Work Week,CT,Context,,1.79,42,0.1671,1.4533,2.1281,N,,07/2014,Incumbent
31-1121.00,Home Health Aides,4.C.3.d.8,Duration of Typical Work Week,CTP,Context (Categories 1-3),1,43.29,42,10.2858,24.6711,64.0161,N,,07/2014,Incumbent
31-1121.00,Home Health Aides,4.C.3.d.8,Duration of Typical Work Week,CTP,Context (Categories 1-3),2,34.35,42,11.4149,15.8458,59.2585,N,,07/2014,Incumbent
31-1121.00,Home Health Aides,4.C.3.d.8,Duration of Typical Work Week,CTP,Context (Categories 1-3),3,22.36,42,9.9460,8.3011,47.8055,N,,07/2014,Incumbent
31-1122.00,Personal Care Aides,4.C.3.d.8,Duration of Typical Work Week,CT,Context,,1.37,22,0.1394,1.0817,1.6615,N,,08/2023,Incumbent
31-1122.00,Personal Care Aides,4.C.3.d.8,Duration of Typical Work Week,CTP,Context (Categories 1-3),1,71.10,22,10.0822,46.9971,87.2181,N,,08/2023,Incumbent
31-1122.00,Personal Care Aides,4.C.3.d.8,Duration of Typical Work Week,CTP,Context (Categories 1-3),2,20.65,22,8.9978,7.6690,44.9127,N,,08/2023,Incumbent
31-1122.00,Personal Care Aides,4.C.3.d.8,Duration of Typical Work Week,CTP,Context (Categories 1-3),3,8.25,22,5.9990,1.7030,31.8449,N,,08/2023,Incumbent
31-1131.00,Nursing Assistants,4.C.3.d.8,Duration of Typical Work Week,CT,Context,,1.92,29,0.1306,1.6543,2.1891,N,,08/2020,Incumbent
31-1131.00,Nursing Assistants,4.C.3.d.8,Duration of Typical Work Week,CTP,Context (Categories 1-3),1,23.04,29,9.3232,9.2497,46.7764,N,,08/2020,Incumbent
31-1131.00,Nursing Assistants,4.C.3.d.8,Duration of Typical Work Week,CTP,Context (Categories 1-3),2,61.76,29,9.6549,41.1428,78.8641,N,,08/2020,Incumbent
31-1131.00,Nursing Assistants,4.C.3.d.8,Duration of Typical Work Week,CTP,Context (Categories 1-3),3,15.21,29,6.7014,5.8236,34.2110,N,,08/2020,Incumbent
31-1132.00,Orderlies,4.C.3.d.8,Duration of Typical Work Week,CT,Context,,1.73,30,0.1183,1.4865,1.9704,N,,07/2016,Incumbent
31-1132.00,Orderlies,4.C.3.d.8,Duration of Typical Work Week,CTP,Context (Categories 1-3),1,34.71,30,9.5065,18.3988,55.6322,N,,07/2016,Incumbent
31-1132.00,Orderlies,4.C.3.d.8,Duration of Typical Work Week,CTP,Context (Categories 1-3),2,57.73,30,9.2652,38.5822,74.8034,N,,07/2016,Incumbent
31-1132.00,Orderlies,4.C.3.d.8,Duration of Typical Work Week,CTP,Context (Categories 1-3),3,7.56,30,4.7455,1.9977,24.6968,N,,07/2016,Incumbent
31-1133.00,Psychiatric Aides,4.C.3.d.8,Duration of Typical Work Week,CT,Context,,1.97,20,0.1307,1.6972,2.2444,N,,08/2023,Incumbent
31-1133.00,Psychiatric Aides,4.C.3.d.8,Duration of Typical Work Week,CTP,Context (Categories 1-3),1,25.58,20,8.8818,11.4620,47.7173,N,,08/2023,Incumbent
31-1133.00,Psychiatric Aides,4.C.3.d.8,Duration of Typical Work Week,CTP,Context (Categories 1-3),2,51.76,20,10.2832,31.1847,71.7577,N,,08/2023,Incumbent
31-1133.00,Psychiatric Aides,4.C.3.d.8,Duration of Typical Work Week,CTP,Context (Categories 1-3),3,22.66,20,7.7085,10.4481,42.3835,N,,08/2023,Incumbent
31-2011.00,Occupational Therapy Assistants,4.C.3.d.8,Duration of Typical Work Week,CT,Context,,1.47,19,0.2363,1.0000,1.9693,N,,08/2022,Incumbent
31-2011.00,Occupational Therapy Assistants,4.C.3.d.8,Duration of Typical Work Week,CTP,Context (Categories 1-3),1,68.00,19,11.7642,40.5628,86.8708,N,,08/2022,Incumbent
31-2011.00,Occupational Therapy Assistants,4.C.3.d.8,Duration of Typical Work Week,CTP,Context (Categories 1-3),2,16.73,19,8.2183,5.4955,40.9621,N,,08/2022,Incumbent
31-2011.00,Occupational Therapy Assistants,4.C.3.d.8,Duration of Typical Work Week,CTP,Context (Categories 1-3),3,15.27,19,13.2158,2.0656,60.6415,N,,08/2022,Incumbent
31-2012.00,Occupational Therapy Aides,4.C.3.d.8,Duration of Typical Work Week,CT,Context,,1.77,18,0.1605,1.4324,2.1095,N,,08/2020,Incumbent
31-2012.00,Occupational Therapy Aides,4.C.3.d.8,Duration of Typical Work Week,CTP,Context (Categories 1-3),1,34.76,18,9.9887,17.3774,57.4343,N,,08/2020,Incumbent
31-2012.00,Occupational Therapy Aides,4.C.3.d.8,Duration of Typical Work Week,CTP,Context (Categories 1-3),2,53.39,18,14.4184,25.2284,79.5502,N,,08/2020,Incumbent
31-2012.00,Occupational Therapy Aides,4.C.3.d.8,Duration of Typical Work Week,CTP,Context (Categories 1-3),3,11.85,18,11.5292,1.2926,57.9806,N,,08/2020,Incumbent
31-2021.00,Physical Therapist Assistants,4.C.3.d.8,Duration of Typical Work Week,CT,Context,,1.29,19,0.1594,1.0000,1.6279,N,,08/2020,Incumbent
31-2021.00,Physical Therapist Assistants,4.C.3.d.8,Duration of Typical Work Week,CTP,Context (Categories 1-3),1,70.69,19,15.9353,32.4008,92.3892,N,,08/2020,Incumbent
31-2021.00,Physical Therapist Assistants,4.C.3.d.8,Duration of Typical Work Week,CTP,Context (Categories 1-3),2,29.31,19,15.9353,7.6108,67.5992,N,,08/2020,Incumbent
31-2021.00,Physical Therapist Assistants,4.C.3.d.8,Duration of Typical Work Week,CTP,Context (Categories 1-3),3,0.00,19,0.0000,,,N,,08/2020,Incumbent
31-2022.00,Physical Therapist Aides,4.C.3.d.8,Duration of Typical Work Week,CT,Context,,1.35,21,0.2519,1.0000,1.8797,N,,08/2023,Incumbent
31-2022.00,Physical Therapist Aides,4.C.3.d.8,Duration of Typical Work Week,CTP,Context (Categories 1-3),1,79.46,21,12.8032,42.9604,95.2105,N,,08/2023,Incumbent
31-2022.00,Physical Therapist Aides,4.C.3.d.8,Duration of Typical Work Week,CTP,Context (Categories 1-3),2,5.66,21,3.5261,1.4881,19.2195,N,,08/2023,Incumbent
31-2022.00,Physical Therapist Aides,4.C.3.d.8,Duration of Typical Work Week,CTP,Context (Categories 1-3),3,14.88,21,12.6344,2.1358,58.3395,N,,08/2023,Incumbent
31-9011.00,Massage Therapists,4.C.3.d.8,Duration of Typical Work Week,CT,Context,,1.27,26,,,,,,08/2021,Occupational Expert
31-9011.00,Massage Therapists,4.C.3.d.8,Duration of Typical Work Week,CTP,Context (Categories 1-3),1,76.92,26,,,,,,08/2021,Occupational Expert
31-9011.00,Massage Therapists,4.C.3.d.8,Duration of Typical Work Week,CTP,Context (Categories 1-3),2,19.23,26,,,,,,08/2021,Occupational Expert
31-9011.00,Massage Therapists,4.C.3.d.8,Duration of Typical Work Week,CTP,Context (Categories 1-3),3,3.85,26,,,,,,08/2021,Occupational Expert
31-9091.00,Dental Assistants,4.C.3.d.8,Duration of Typical Work Week,CT,Context,,1.27,19,0.1258,1.0040,1.5327,N,,08/2021,Incumbent
31-9091.00,Dental Assistants,4.C.3.d.8,Duration of Typical Work Week,CTP,Context (Categories 1-3),1,74.31,19,12.4531,42.3527,91.9296,N,,08/2021,Incumbent
31-9091.00,Dental Assistants,4.C.3.d.8,Duration of Typical Work Week,CTP,Context (Categories 1-3),2,24.54,19,12.4357,7.3481,57.1393,N,,08/2021,Incumbent
31-9091.00,Dental Assistants,4.C.3.d.8,Duration of Typical Work Week,CTP,Context (Categories 1-3),3,1.15,19,1.1874,0.1296,9.4508,N,,08/2021,Incumbent
31-9092.00,Medical Assistants,4.C.3.d.8,Duration of Typical Work Week,CT,Context,,2.11,20,0.1189,1.8603,2.3580,N,,08/2021,Incumbent
31-9092.00,Medical Assistants,4.C.3.d.8,Duration of Typical Work Week,CTP,Context (Categories 1-3),1,6.31,20,5.7991,0.8572,34.4151,N,,08/2021,Incumbent
31-9092.00,Medical Assistants,4.C.3.d.8,Duration of Typical Work Week,CTP,Context (Categories 1-3),2,76.46,20,9.1552,52.8349,90.4045,N,,08/2021,Incumbent
31-9092.00,Medical Assistants,4.C.3.d.8,Duration of Typical Work Week,CTP,Context (Categories 1-3),3,17.23,20,8.8867,5.3444,43.4080,N,,08/2021,Incumbent
31-9093.00,Medical Equipment Preparers,4.C.3.d.8,Duration of Typical Work Week,CT,Context,,1.96,21,0.1253,1.7000,2.2228,N,,07/2014,Incumbent
31-9093.00,Medical Equipment Preparers,4.C.3.d.8,Duration of Typical Work Week,CTP,Context (Categories 1-3),1,12.74,21,7.8680,3.2290,38.9877,N,,07/2014,Incumbent
31-9093.00,Medical Equipment Preparers,4.C.3.d.8,Duration of Typical Work Week,CTP,Context (Categories 1-3),2,78.38,21,10.9693,48.4416,93.3270,N,,07/2014,Incumbent
31-9093.00,Medical Equipment Preparers,4.C.3.d.8,Duration of Typical Work Week,CTP,Context (Categories 1-3),3,8.88,21,8.7630,1.0077,48.2679,N,,07/2014,Incumbent
31-9094.00,Medical Transcriptionists,4.C.3.d.8,Duration of Typical Work Week,CT,Context,,1.60,16,0.1409,1.3006,1.9012,N,,08/2021,Incumbent
31-9094.00,Medical Transcriptionists,4.C.3.d.8,Duration of Typical Work Week,CTP,Context (Categories 1-3),1,39.91,16,14.0892,15.9542,69.9068,N,,08/2021,Incumbent
31-9094.00,Medical Transcriptionists,4.C.3.d.8,Duration of Typical Work Week,CTP,Context (Categories 1-3),2,60.09,16,14.0892,30.0932,84.0458,N,,08/2021,Incumbent
31-9094.00,Medical Transcriptionists,4.C.3.d.8,Duration of Typical Work Week,CTP,Context (Categories 1-3),3,0.00,16,0.0000,,,N,,08/2021,Incumbent
31-9095.00,Pharmacy Aides,4.C.3.d.8,Duration of Typical Work Week,CT,Context,,1.64,24,0.3156,1.0000,2.2975,N,,07/2014,Incumbent
31-9095.00,Pharmacy Aides,4.C.3.d.8,Duration of Typical Work Week,CTP,Context (Categories 1-3),1,53.22,24,15.5781,23.7651,80.5834,N,,07/2014,Incumbent
31-9095.00,Pharmacy Aides,4.C.3.d.8,Duration of Typical Work Week,CTP,Context (Categories 1-3),2,29.11,24,12.1835,10.8011,58.2083,N,,07/2014,Incumbent
31-9095.00,Pharmacy Aides,4.C.3.d.8,Duration of Typical Work Week,CTP,Context (Categories 1-3),3,17.67,24,18.1566,1.5982,73.9397,Y,,07/2014,Incumbent
31-9096.00,Veterinary Assistants and Laboratory Animal Caretakers,4.C.3.d.8,Duration of Typical Work Week,CT,Context,,1.75,24,0.1576,1.4192,2.0711,N,,08/2020,Incumbent
31-9096.00,Veterinary Assistants and Laboratory Animal Caretakers,4.C.3.d.8,Duration of Typical Work Week,CTP,Context (Categories 1-3),1,32.91,24,13.0941,12.5756,62.5880,N,,08/2020,Incumbent
31-9096.00,Veterinary Assistants and Laboratory Animal Caretakers,4.C.3.d.8,Duration of Typical Work Week,CTP,Context (Categories 1-3),2,59.66,24,13.6301,31.4298,82.6802,N,,08/2020,Incumbent
31-9096.00,Veterinary Assistants and Laboratory Animal Caretakers,4.C.3.d.8,Duration of Typical Work Week,CTP,Context (Categories 1-3),3,7.42,24,6.7518,1.0401,37.9628,N,,08/2020,Incumbent
31-9097.00,Phlebotomists,4.C.3.d.8,Duration of Typical Work Week,CT,Context,,2.18,22,,,,,,08/2019,Occupational Expert
31-9097.00,Phlebotomists,4.C.3.d.8,Duration of Typical Work Week,CTP,Context (Categories 1-3),1,9.09,22,,,,,,08/2019,Occupational Expert
31-9097.00,Phlebotomists,4.C.3.d.8,Duration of Typical Work Week,CTP,Context (Categories 1-3),2,63.64,22,,,,,,08/2019,Occupational Expert
31-9097.00,Phlebotomists,4.C.3.d.8,Duration of Typical Work Week,CTP,Context (Categories 1-3),3,27.27,22,,,,,,08/2019,Occupational Expert
31-9099.01,Speech-Language Pathology Assistants,4.C.3.d.8,Duration of Typical Work Week,CT,Context,,1.59,17,0.2189,1.1286,2.0567,N,,08/2022,Incumbent
31-9099.01,Speech-Language Pathology Assistants,4.C.3.d.8,Duration of Typical Work Week,CTP,Context (Categories 1-3),1,54.82,17,15.6941,24.0542,82.3015,N,,08/2022,Incumbent
31-9099.01,Speech-Language Pathology Assistants,4.C.3.d.8,Duration of Typical Work Week,CTP,Context (Categories 1-3),2,31.08,17,13.8470,10.2805,63.9713,N,,08/2022,Incumbent
31-9099.01,Speech-Language Pathology Assistants,4.C.3.d.8,Duration of Typical Work Week,CTP,Context (Categories 1-3),3,14.09,17,9.4437,3.0423,46.1584,N,,08/2022,Incumbent
31-9099.02,Endoscopy Technicians,4.C.3.d.8,Duration of Typical Work Week,CT,Context,,2.16,25,,,,,,08/2023,Occupational Expert
31-9099.02,Endoscopy Technicians,4.C.3.d.8,Duration of Typical Work Week,CTP,Context (Categories 1-3),1,8.00,25,,,,,,08/2023,Occupational Expert
31-9099.02,Endoscopy Technicians,4.C.3.d.8,Duration of Typical Work Week,CTP,Context (Categories 1-3),2,68.00,25,,,,,,08/2023,Occupational Expert
31-9099.02,Endoscopy Technicians,4.C.3.d.8,Duration of Typical Work Week,CTP,Context (Categories 1-3),3,24.00,25,,,,,,08/2023,Occupational Expert
33-1011.00,First-Line Supervisors of Correctional Officers,4.C.3.d.8,Duration of Typical Work Week,CT,Context,,2.47,28,0.0604,2.3494,2.5974,N,,08/2020,Incumbent
33-1011.00,First-Line Supervisors of Correctional Officers,4.C.3.d.8,Duration of Typical Work Week,CTP,Context (Categories 1-3),1,0.00,28,0.0000,,,N,,08/2020,Incumbent
33-1011.00,First-Line Supervisors of Correctional Officers,4.C.3.d.8,Duration of Typical Work Week,CTP,Context (Categories 1-3),2,52.66,28,6.0432,40.3520,64.6563,N,,08/2020,Incumbent
33-1011.00,First-Line Supervisors of Correctional Officers,4.C.3.d.8,Duration of Typical Work Week,CTP,Context (Categories 1-3),3,47.34,28,6.0432,35.3437,59.6480,N,,08/2020,Incumbent
33-1012.00,First-Line Supervisors of Police and Detectives,4.C.3.d.8,Duration of Typical Work Week,CT,Context,,2.56,30,0.0887,2.3738,2.7367,N,,08/2024,Incumbent
33-1012.00,First-Line Supervisors of Police and Detectives,4.C.3.d.8,Duration of Typical Work Week,CTP,Context (Categories 1-3),1,0.00,30,0.0000,,,N,,08/2024,Incumbent
33-1012.00,First-Line Supervisors of Police and Detectives,4.C.3.d.8,Duration of Typical Work Week,CTP,Context (Categories 1-3),2,44.47,30,8.8711,27.7539,62.5446,N,,08/2024,Incumbent
33-1012.00,First-Line Supervisors of Police and Detectives,4.C.3.d.8,Duration of Typical Work Week,CTP,Context (Categories 1-3),3,55.53,30,8.8711,37.4554,72.2461,N,,08/2024,Incumbent
33-1021.00,First-Line Supervisors of Firefighting and Prevention Workers,4.C.3.d.8,Duration of Typical Work Week,CT,Context,,2.42,87,0.1832,2.0567,2.7852,N,,08/2022,Incumbent
33-1021.00,First-Line Supervisors of Firefighting and Prevention Workers,4.C.3.d.8,Duration of Typical Work Week,CTP,Context (Categories 1-3),1,27.80,87,9.1738,13.4356,48.8552,N,,08/2022,Incumbent
33-1021.00,First-Line Supervisors of Firefighting and Prevention Workers,4.C.3.d.8,Duration of Typical Work Week,CTP,Context (Categories 1-3),2,2.31,87,1.4922,0.6288,8.0940,N,,08/2022,Incumbent
33-1021.00,First-Line Supervisors of Firefighting and Prevention Workers,4.C.3.d.8,Duration of Typical Work Week,CTP,Context (Categories 1-3),3,69.89,87,9.2092,49.3055,84.7127,N,,08/2022,Incumbent
33-1091.00,First-Line Supervisors of Security Workers,4.C.3.d.8,Duration of Typical Work Week,CT,Context,,2.71,21,0.1839,2.3244,3.0000,N,,08/2025,Incumbent
33-1091.00,First-Line Supervisors of Security Workers,4.C.3.d.8,Duration of Typical Work Week,CTP,Context (Categories 1-3),1,4.25,21,4.7147,0.3951,33.2104,N,,08/2025,Incumbent
33-1091.00,First-Line Supervisors of Security Workers,4.C.3.d.8,Duration of Typical Work Week,CTP,Context (Categories 1-3),2,20.69,21,13.4754,4.4927,59.1289,N,,08/2025,Incumbent
33-1091.00,First-Line Supervisors of Security Workers,4.C.3.d.8,Duration of Typical Work Week,CTP,Context (Categories 1-3),3,75.06,21,15.4181,35.0638,94.3729,N,,08/2025,Incumbent
33-2011.00,Firefighters,4.C.3.d.8,Duration of Typical Work Week,CT,Context,,2.39,74,0.2199,1.9488,2.8255,N,,08/2022,Incumbent
33-2011.00,Firefighters,4.C.3.d.8,Duration of Typical Work Week,CTP,Context (Categories 1-3),1,27.71,74,11.3921,10.9811,54.3495,N,,08/2022,Incumbent
33-2011.00,Firefighters,4.C.3.d.8,Duration of Typical Work Week,CTP,Context (Categories 1-3),2,5.87,74,3.9469,1.4812,20.5655,N,,08/2022,Incumbent
33-2011.00,Firefighters,4.C.3.d.8,Duration of Typical Work Week,CTP,Context (Categories 1-3),3,66.42,74,10.9481,42.6497,84.0302,N,,08/2022,Incumbent
33-2021.00,Fire Inspectors and Investigators,4.C.3.d.8,Duration of Typical Work Week,CT,Context,,2.26,46,0.1643,1.9310,2.5928,N,,08/2022,Incumbent
33-2021.00,Fire Inspectors and Investigators,4.C.3.d.8,Duration of Typical Work Week,CTP,Context (Categories 1-3),1,14.81,46,7.6214,4.8987,36.9844,N,,08/2022,Incumbent
33-2021.00,Fire Inspectors and Investigators,4.C.3.d.8,Duration of Typical Work Week,CTP,Context (Categories 1-3),2,44.18,46,11.3694,23.8256,66.7033,N,,08/2022,Incumbent
33-2021.00,Fire Inspectors and Investigators,4.C.3.d.8,Duration of Typical Work Week,CTP,Context (Categories 1-3),3,41.00,46,11.8954,20.5192,65.1727,N,,08/2022,Incumbent
33-2022.00,Forest Fire Inspectors and Prevention Specialists,4.C.3.d.8,Duration of Typical Work Week,CT,Context,,2.56,18,0.1676,2.2065,2.9139,N,,08/2019,Incumbent
33-2022.00,Forest Fire Inspectors and Prevention Specialists,4.C.3.d.8,Duration of Typical Work Week,CTP,Context (Categories 1-3),1,1.69,18,1.7512,0.1849,13.7268,N,,08/2019,Incumbent
33-2022.00,Forest Fire Inspectors and Prevention Specialists,4.C.3.d.8,Duration of Typical Work Week,CTP,Context (Categories 1-3),2,40.61,18,15.9939,14.4374,73.4755,N,,08/2019,Incumbent
33-2022.00,Forest Fire Inspectors and Prevention Specialists,4.C.3.d.8,Duration of Typical Work Week,CTP,Context (Categories 1-3),3,57.71,18,16.2895,25.0217,84.7983,N,,08/2019,Incumbent
33-3011.00,Bailiffs,4.C.3.d.8,Duration of Typical Work Week,CT,Context,,1.66,17,0.1785,1.2809,2.0376,N,,08/2020,Incumbent
33-3011.00,Bailiffs,4.C.3.d.8,Duration of Typical Work Week,CTP,Context (Categories 1-3),1,34.08,17,17.8467,8.7541,73.5801,N,,08/2020,Incumbent
33-3011.00,Bailiffs,4.C.3.d.8,Duration of Typical Work Week,CTP,Context (Categories 1-3),2,65.92,17,17.8467,26.4199,91.2459,N,,08/2020,Incumbent
33-3011.00,Bailiffs,4.C.3.d.8,Duration of Typical Work Week,CTP,Context (Categories 1-3),3,0.00,17,0.0000,,,N,,08/2020,Incumbent
33-3012.00,Correctional Officers and Jailers,4.C.3.d.8,Duration of Typical Work Week,CT,Context,,2.38,28,0.1210,2.1307,2.6273,N,,08/2023,Incumbent
33-3012.00,Correctional Officers and Jailers,4.C.3.d.8,Duration of Typical Work Week,CTP,Context (Categories 1-3),1,5.11,28,4.6054,0.7628,27.4224,N,,08/2023,Incumbent
33-3012.00,Correctional Officers and Jailers,4.C.3.d.8,Duration of Typical Work Week,CTP,Context (Categories 1-3),2,51.87,28,10.7140,30.8790,72.2190,N,,08/2023,Incumbent
33-3012.00,Correctional Officers and Jailers,4.C.3.d.8,Duration of Typical Work Week,CTP,Context (Categories 1-3),3,43.02,28,10.4600,23.9268,64.4381,N,,08/2023,Incumbent
33-3021.00,Detectives and Criminal Investigators,4.C.3.d.8,Duration of Typical Work Week,CT,Context,,2.48,87,0.0866,2.3113,2.6555,N,,08/2022,Incumbent
33-3021.00,Detectives and Criminal Investigators,4.C.3.d.8,Duration of Typical Work Week,CTP,Context (Categories 1-3),1,3.28,87,3.0241,0.5086,18.3961,N,,08/2022,Incumbent
33-3021.00,Detectives and Criminal Investigators,4.C.3.d.8,Duration of Typical Work Week,CTP,Context (Categories 1-3),2,45.09,87,7.7489,30.5968,60.4748,N,,08/2022,Incumbent
33-3021.00,Detectives and Criminal Investigators,4.C.3.d.8,Duration of Typical Work Week,CTP,Context (Categories 1-3),3,51.62,87,7.6387,36.7465,66.2172,N,,08/2022,Incumbent
33-3021.02,Police Identification and Records Officers,4.C.3.d.8,Duration of Typical Work Week,CT,Context,,2.38,21,0.0991,2.1749,2.5882,N,,08/2025,Incumbent
33-3021.02,Police Identification and Records Officers,4.C.3.d.8,Duration of Typical Work Week,CTP,Context (Categories 1-3),1,0.00,21,0.0000,,,N,,08/2025,Incumbent
33-3021.02,Police Identification and Records Officers,4.C.3.d.8,Duration of Typical Work Week,CTP,Context (Categories 1-3),2,61.85,21,9.9068,40.3053,79.5558,N,,08/2025,Incumbent
33-3021.02,Police Identification and Records Officers,4.C.3.d.8,Duration of Typical Work Week,CTP,Context (Categories 1-3),3,38.15,21,9.9068,20.4442,59.6947,N,,08/2025,Incumbent
33-3021.06,Intelligence Analysts,4.C.3.d.8,Duration of Typical Work Week,CT,Context,,2.26,23,,,,,,08/2024,Occupational Expert
33-3021.06,Intelligence Analysts,4.C.3.d.8,Duration of Typical Work Week,CTP,Context (Categories 1-3),1,0.00,23,,,,,,08/2024,Occupational Expert
33-3021.06,Intelligence Analysts,4.C.3.d.8,Duration of Typical Work Week,CTP,Context (Categories 1-3),2,73.91,23,,,,,,08/2024,Occupational Expert
33-3021.06,Intelligence Analysts,4.C.3.d.8,Duration of Typical Work Week,CTP,Context (Categories 1-3),3,26.09,23,,,,,,08/2024,Occupational Expert
33-3031.00,Fish and Game Wardens,4.C.3.d.8,Duration of Typical Work Week,CT,Context,,2.71,34,0.1026,2.4977,2.9154,N,,07/2014,Incumbent
33-3031.00,Fish and Game Wardens,4.C.3.d.8,Duration of Typical Work Week,CTP,Context (Categories 1-3),1,0.00,34,0.0000,,,N,,07/2014,Incumbent
33-3031.00,Fish and Game Wardens,4.C.3.d.8,Duration of Typical Work Week,CTP,Context (Categories 1-3),2,29.35,34,10.2644,13.1733,53.2102,N,,07/2014,Incumbent
33-3031.00,Fish and Game Wardens,4.C.3.d.8,Duration of Typical Work Week,CTP,Context (Categories 1-3),3,70.65,34,10.2644,46.7898,86.8267,N,,07/2014,Incumbent
33-3041.00,Parking Enforcement Workers,4.C.3.d.8,Duration of Typical Work Week,CT,Context,,1.49,25,0.2845,1.0000,2.0758,N,,07/2016,Incumbent
33-3041.00,Parking Enforcement Workers,4.C.3.d.8,Duration of Typical Work Week,CTP,Context (Categories 1-3),1,52.67,25,27.9598,9.9030,91.8462,Y,,07/2016,Incumbent
33-3041.00,Parking Enforcement Workers,4.C.3.d.8,Duration of Typical Work Week,CTP,Context (Categories 1-3),2,45.79,25,27.5272,7.8899,89.2839,Y,,07/2016,Incumbent
33-3041.00,Parking Enforcement Workers,4.C.3.d.8,Duration of Typical Work Week,CTP,Context (Categories 1-3),3,1.54,25,1.3207,0.2582,8.6287,N,,07/2016,Incumbent
33-3051.00,Police and Sheriff's Patrol Officers,4.C.3.d.8,Duration of Typical Work Week,CT,Context,,2.62,74,0.1033,2.4135,2.8252,N,,08/2022,Incumbent
33-3051.00,Police and Sheriff's Patrol Officers,4.C.3.d.8,Duration of Typical Work Week,CTP,Context (Categories 1-3),1,7.06,74,4.4440,1.9340,22.6571,N,,08/2022,Incumbent
33-3051.00,Police and Sheriff's Patrol Officers,4.C.3.d.8,Duration of Typical Work Week,CTP,Context (Categories 1-3),2,23.94,74,7.2329,12.4808,40.9914,N,,08/2022,Incumbent
33-3051.00,Police and Sheriff's Patrol Officers,4.C.3.d.8,Duration of Typical Work Week,CTP,Context (Categories 1-3),3,69.00,74,7.7297,51.9937,82.0556,N,,08/2022,Incumbent
33-3051.04,Customs and Border Protection Officers,4.C.3.d.8,Duration of Typical Work Week,CT,Context,,2.63,26,0.1021,2.4200,2.8404,N,,07/2012,Incumbent
33-3051.04,Customs and Border Protection Officers,4.C.3.d.8,Duration of Typical Work Week,CTP,Context (Categories 1-3),1,0.00,26,0.0000,,,N,,07/2012,Incumbent
33-3051.04,Customs and Border Protection Officers,4.C.3.d.8,Duration of Typical Work Week,CTP,Context (Categories 1-3),2,36.98,26,10.2067,19.2321,59.1213,N,,07/2012,Incumbent
33-3051.04,Customs and Border Protection Officers,4.C.3.d.8,Duration of Typical Work Week,CTP,Context (Categories 1-3),3,63.02,26,10.2067,40.8787,80.7679,N,,07/2012,Incumbent
33-3052.00,Transit and Railroad Police,4.C.3.d.8,Duration of Typical Work Week,CT,Context,,2.64,29,0.1425,2.3518,2.9354,N,,07/2017,Incumbent
33-3052.00,Transit and Railroad Police,4.C.3.d.8,Duration of Typical Work Week,CTP,Context (Categories 1-3),1,6.28,29,4.3300,1.4609,23.2231,N,,07/2017,Incumbent
33-3052.00,Transit and Railroad Police,4.C.3.d.8,Duration of Typical Work Week,CTP,Context (Categories 1-3),2,23.09,29,10.9664,7.8098,51.5410,N,,07/2017,Incumbent
33-3052.00,Transit and Railroad Police,4.C.3.d.8,Duration of Typical Work Week,CTP,Context (Categories 1-3),3,70.64,29,11.9525,42.4917,88.6777,N,,07/2017,Incumbent
33-9011.00,Animal Control Workers,4.C.3.d.8,Duration of Typical Work Week,CT,Context,,2.46,26,,,,,,08/2025,Occupational Expert
33-9011.00,Animal Control Workers,4.C.3.d.8,Duration of Typical Work Week,CTP,Context (Categories 1-3),1,3.85,26,,,,,,08/2025,Occupational Expert
33-9011.00,Animal Control Workers,4.C.3.d.8,Duration of Typical Work Week,CTP,Context (Categories 1-3),2,46.15,26,,,,,,08/2025,Occupational Expert
33-9011.00,Animal Control Workers,4.C.3.d.8,Duration of Typical Work Week,CTP,Context (Categories 1-3),3,50.00,26,,,,,,08/2025,Occupational Expert
33-9021.00,Private Detectives and Investigators,4.C.3.d.8,Duration of Typical Work Week,CT,Context,,2.31,35,0.1957,1.9079,2.7035,N,,07/2015,Incumbent
33-9021.00,Private Detectives and Investigators,4.C.3.d.8,Duration of Typical Work Week,CTP,Context (Categories 1-3),1,25.99,35,9.0781,11.8603,47.8163,N,,07/2015,Incumbent
33-9021.00,Private Detectives and Investigators,4.C.3.d.8,Duration of Typical Work Week,CTP,Context (Categories 1-3),2,17.45,35,8.8967,5.6821,42.5816,N,,07/2015,Incumbent
33-9021.00,Private Detectives and Investigators,4.C.3.d.8,Duration of Typical Work Week,CTP,Context (Categories 1-3),3,56.56,35,12.1958,32.1969,78.1221,N,,07/2015,Incumbent
33-9031.00,Gambling Surveillance Officers and Gambling Investigators,4.C.3.d.8,Duration of Typical Work Week,CT,Context,,2.09,30,0.1117,1.8630,2.3198,N,,08/2019,Incumbent
33-9031.00,Gambling Surveillance Officers and Gambling Investigators,4.C.3.d.8,Duration of Typical Work Week,CTP,Context (Categories 1-3),1,8.12,30,4.9774,2.2070,25.6995,N,,08/2019,Incumbent
33-9031.00,Gambling Surveillance Officers and Gambling Investigators,4.C.3.d.8,Duration of Typical Work Week,CTP,Context (Categories 1-3),2,74.63,30,12.2818,43.8371,91.7239,N,,08/2019,Incumbent
33-9031.00,Gambling Surveillance Officers and Gambling Investigators,4.C.3.d.8,Duration of Typical Work Week,CTP,Context (Categories 1-3),3,17.25,30,10.6305,4.3503,48.8783,N,,08/2019,Incumbent
33-9032.00,Security Guards,4.C.3.d.8,Duration of Typical Work Week,CT,Context,,2.17,20,0.1022,1.9534,2.3813,N,,08/2023,Incumbent
33-9032.00,Security Guards,4.C.3.d.8,Duration of Typical Work Week,CTP,Context (Categories 1-3),1,1.49,20,1.2803,0.2410,8.6012,N,,08/2023,Incumbent
33-9032.00,Security Guards,4.C.3.d.8,Duration of Typical Work Week,CTP,Context (Categories 1-3),2,80.29,20,10.2679,51.1633,94.0646,N,,08/2023,Incumbent
33-9032.00,Security Guards,4.C.3.d.8,Duration of Typical Work Week,CTP,Context (Categories 1-3),3,18.22,20,10.1655,5.0718,48.1614,N,,08/2023,Incumbent
33-9091.00,Crossing Guards and Flaggers,4.C.3.d.8,Duration of Typical Work Week,CT,Context,,1.00,32,0.0000,,,N,,07/2016,Incumbent
33-9091.00,Crossing Guards and Flaggers,4.C.3.d.8,Duration of Typical Work Week,CTP,Context (Categories 1-3),1,100.00,32,0.0000,,,N,,07/2016,Incumbent
33-9091.00,Crossing Guards and Flaggers,4.C.3.d.8,Duration of Typical Work Week,CTP,Context (Categories 1-3),2,0.00,32,0.0000,,,N,,07/2016,Incumbent
33-9091.00,Crossing Guards and Flaggers,4.C.3.d.8,Duration of Typical Work Week,CTP,Context (Categories 1-3),3,0.00,32,0.0000,,,N,,07/2016,Incumbent
33-9092.00,"Lifeguards, Ski Patrol, and Other Recreational Protective Service Workers",4.C.3.d.8,Duration of Typical Work Week,CT,Context,,1.55,33,0.3544,1.0000,2.2692,N,,08/2020,Incumbent
33-9092.00,"Lifeguards, Ski Patrol, and Other Recreational Protective Service Workers",4.C.3.d.8,Duration of Typical Work Week,CTP,Context (Categories 1-3),1,62.82,33,23.7349,17.5741,93.0495,Y,,08/2020,Incumbent
33-9092.00,"Lifeguards, Ski Patrol, and Other Recreational Protective Service Workers",4.C.3.d.8,Duration of Typical Work Week,CTP,Context (Categories 1-3),2,19.64,33,12.1537,4.8457,53.9821,N,,08/2020,Incumbent
33-9092.00,"Lifeguards, Ski Patrol, and Other Recreational Protective Service Workers",4.C.3.d.8,Duration of Typical Work Week,CTP,Context (Categories 1-3),3,17.54,33,11.7736,3.8949,52.7541,N,,08/2020,Incumbent
33-9093.00,Transportation Security Screeners,4.C.3.d.8,Duration of Typical Work Week,CT,Context,,2.12,26,,,,,,06/2009,Occupational Expert
33-9093.00,Transportation Security Screeners,4.C.3.d.8,Duration of Typical Work Week,CTP,Context (Categories 1-3),1,0.00,26,,,,,,06/2009,Occupational Expert
33-9093.00,Transportation Security Screeners,4.C.3.d.8,Duration of Typical Work Week,CTP,Context (Categories 1-3),2,88.46,26,,,,,,06/2009,Occupational Expert
33-9093.00,Transportation Security Screeners,4.C.3.d.8,Duration of Typical Work Week,CTP,Context (Categories 1-3),3,11.54,26,,,,,,06/2009,Occupational Expert
33-9099.02,Retail Loss Prevention Specialists,4.C.3.d.8,Duration of Typical Work Week,CT,Context,,2.05,30,0.1823,1.6790,2.4246,N,,07/2014,Incumbent
33-9099.02,Retail Loss Prevention Specialists,4.C.3.d.8,Duration of Typical Work Week,CTP,Context (Categories 1-3),1,25.87,30,10.0726,10.6493,50.5362,N,,07/2014,Incumbent
33-9099.02,Retail Loss Prevention Specialists,4.C.3.d.8,Duration of Typical Work Week,CTP,Context (Categories 1-3),2,43.08,30,11.5661,22.3852,66.5086,N,,07/2014,Incumbent
33-9099.02,Retail Loss Prevention Specialists,4.C.3.d.8,Duration of Typical Work Week,CTP,Context (Categories 1-3),3,31.05,30,11.4698,13.0869,57.3962,N,,07/2014,Incumbent
35-1011.00,Chefs and Head Cooks,4.C.3.d.8,Duration of Typical Work Week,CT,Context,,2.79,24,,,,,,08/2025,Occupational Expert
35-1011.00,Chefs and Head Cooks,4.C.3.d.8,Duration of Typical Work Week,CTP,Context (Categories 1-3),1,0.00,24,,,,,,08/2025,Occupational Expert
35-1011.00,Chefs and Head Cooks,4.C.3.d.8,Duration of Typical Work Week,CTP,Context (Categories 1-3),2,20.83,24,,,,,,08/2025,Occupational Expert
35-1011.00,Chefs and Head Cooks,4.C.3.d.8,Duration of Typical Work Week,CTP,Context (Categories 1-3),3,79.17,24,,,,,,08/2025,Occupational Expert
35-1012.00,First-Line Supervisors of Food Preparation and Serving Workers,4.C.3.d.8,Duration of Typical Work Week,CT,Context,,1.88,25,0.0806,1.7144,2.0469,N,,08/2025,Incumbent
35-1012.00,First-Line Supervisors of Food Preparation and Serving Workers,4.C.3.d.8,Duration of Typical Work Week,CTP,Context (Categories 1-3),1,37.38,25,11.8741,17.3191,62.9688,N,,08/2025,Incumbent
35-1012.00,First-Line Supervisors of Food Preparation and Serving Workers,4.C.3.d.8,Duration of Typical Work Week,CTP,Context (Categories 1-3),2,37.18,25,22.2986,7.6228,80.9378,Y,,08/2025,Incumbent
35-1012.00,First-Line Supervisors of Food Preparation and Serving Workers,4.C.3.d.8,Duration of Typical Work Week,CTP,Context (Categories 1-3),3,25.44,25,11.8347,8.6050,55.2922,N,,08/2025,Incumbent
35-2011.00,"Cooks, Fast Food",4.C.3.d.8,Duration of Typical Work Week,CT,Context,,1.10,18,0.0795,1.0000,1.2712,N,,08/2019,Incumbent
35-2011.00,"Cooks, Fast Food",4.C.3.d.8,Duration of Typical Work Week,CTP,Context (Categories 1-3),1,89.90,18,7.8165,59.1383,98.2079,N,,08/2019,Incumbent
35-2011.00,"Cooks, Fast Food",4.C.3.d.8,Duration of Typical Work Week,CTP,Context (Categories 1-3),2,9.83,18,7.6992,1.7151,40.5228,N,,08/2019,Incumbent
35-2011.00,"Cooks, Fast Food",4.C.3.d.8,Duration of Typical Work Week,CTP,Context (Categories 1-3),3,0.26,18,0.3215,0.0200,3.3705,N,,08/2019,Incumbent
35-2012.00,"Cooks, Institution and Cafeteria",4.C.3.d.8,Duration of Typical Work Week,CT,Context,,1.75,47,0.1483,1.4524,2.0494,N,,08/2019,Incumbent
35-2012.00,"Cooks, Institution and Cafeteria",4.C.3.d.8,Duration of Typical Work Week,CTP,Context (Categories 1-3),1,41.31,47,9.8046,23.7767,61.3728,N,,08/2019,Incumbent
35-2012.00,"Cooks, Institution and Cafeteria",4.C.3.d.8,Duration of Typical Work Week,CTP,Context (Categories 1-3),2,42.28,47,9.3819,25.2562,61.3645,N,,08/2019,Incumbent
35-2012.00,"Cooks, Institution and Cafeteria",4.C.3.d.8,Duration of Typical Work Week,CTP,Context (Categories 1-3),3,16.40,47,7.6037,6.0381,37.4638,N,,08/2019,Incumbent
35-2013.00,"Cooks, Private Household",4.C.3.d.8,Duration of Typical Work Week,CT,Context,,1.88,26,,,,,,08/2023,Occupational Expert
35-2013.00,"Cooks, Private Household",4.C.3.d.8,Duration of Typical Work Week,CTP,Context (Categories 1-3),1,38.46,26,,,,,,08/2023,Occupational Expert
35-2013.00,"Cooks, Private Household",4.C.3.d.8,Duration of Typical Work Week,CTP,Context (Categories 1-3),2,34.62,26,,,,,,08/2023,Occupational Expert
35-2013.00,"Cooks, Private Household",4.C.3.d.8,Duration of Typical Work Week,CTP,Context (Categories 1-3),3,26.92,26,,,,,,08/2023,Occupational Expert
35-2014.00,"Cooks, Restaurant",4.C.3.d.8,Duration of Typical Work Week,CT,Context,,1.77,23,0.2038,1.3462,2.1913,N,,08/2025,Incumbent
35-2014.00,"Cooks, Restaurant",4.C.3.d.8,Duration of Typical Work Week,CTP,Context (Categories 1-3),1,37.94,23,12.3193,17.1208,64.4059,N,,08/2025,Incumbent
35-2014.00,"Cooks, Restaurant",4.C.3.d.8,Duration of Typical Work Week,CTP,Context (Categories 1-3),2,47.24,23,13.8824,22.0022,73.9760,N,,08/2025,Incumbent
35-2014.00,"Cooks, Restaurant",4.C.3.d.8,Duration of Typical Work Week,CTP,Context (Categories 1-3),3,14.82,23,12.3372,2.2393,56.9095,N,,08/2025,Incumbent
35-2015.00,"Cooks, Short Order",4.C.3.d.8,Duration of Typical Work Week,CT,Context,,1.97,22,0.3333,1.2733,2.6596,N,,08/2025,Incumbent
35-2015.00,"Cooks, Short Order",4.C.3.d.8,Duration of Typical Work Week,CTP,Context (Categories 1-3),1,32.12,22,18.9987,7.1741,74.3435,Y,,08/2025,Incumbent
35-2015.00,"Cooks, Short Order",4.C.3.d.8,Duration of Typical Work Week,CTP,Context (Categories 1-3),2,39.11,22,18.7220,11.1288,76.7141,Y,,08/2025,Incumbent
35-2015.00,"Cooks, Short Order",4.C.3.d.8,Duration of Typical Work Week,CTP,Context (Categories 1-3),3,28.77,22,19.2300,5.4260,73.9789,Y,,08/2025,Incumbent
35-2021.00,Food Preparation Workers,4.C.3.d.8,Duration of Typical Work Week,CT,Context,,1.92,21,0.0678,1.7802,2.0633,N,,08/2024,Incumbent
35-2021.00,Food Preparation Workers,4.C.3.d.8,Duration of Typical Work Week,CTP,Context (Categories 1-3),1,14.08,21,6.9162,4.7396,35.0675,N,,08/2024,Incumbent
35-2021.00,Food Preparation Workers,4.C.3.d.8,Duration of Typical Work Week,CTP,Context (Categories 1-3),2,79.66,21,9.0892,54.8597,92.6570,N,,08/2024,Incumbent
35-2021.00,Food Preparation Workers,4.C.3.d.8,Duration of Typical Work Week,CTP,Context (Categories 1-3),3,6.26,21,4.0603,1.5513,22.0470,N,,08/2024,Incumbent
35-3011.00,Bartenders,4.C.3.d.8,Duration of Typical Work Week,CT,Context,,1.21,25,0.1167,1.0000,1.4462,N,,07/2017,Incumbent
35-3011.00,Bartenders,4.C.3.d.8,Duration of Typical Work Week,CTP,Context (Categories 1-3),1,79.81,25,11.6364,47.1046,94.6104,N,,07/2017,Incumbent
35-3011.00,Bartenders,4.C.3.d.8,Duration of Typical Work Week,CTP,Context (Categories 1-3),2,19.83,25,11.6187,5.1915,52.7836,N,,07/2017,Incumbent
35-3011.00,Bartenders,4.C.3.d.8,Duration of Typical Work Week,CTP,Context (Categories 1-3),3,0.35,25,0.3678,0.0407,2.9814,N,,07/2017,Incumbent
35-3023.00,Fast Food and Counter Workers,4.C.3.d.8,Duration of Typical Work Week,CT,Context,,1.55,39,0.2362,1.0688,2.0252,N,,08/2025,Incumbent
35-3023.00,Fast Food and Counter Workers,4.C.3.d.8,Duration of Typical Work Week,CTP,Context (Categories 1-3),1,62.54,39,13.0430,35.1022,83.7474,N,,08/2025,Incumbent
35-3023.00,Fast Food and Counter Workers,4.C.3.d.8,Duration of Typical Work Week,CTP,Context (Categories 1-3),2,20.22,39,10.7775,6.1505,49.4975,N,,08/2025,Incumbent
35-3023.00,Fast Food and Counter Workers,4.C.3.d.8,Duration of Typical Work Week,CTP,Context (Categories 1-3),3,17.24,39,12.9213,3.2237,56.5770,N,,08/2025,Incumbent
35-3023.01,Baristas,4.C.3.d.8,Duration of Typical Work Week,CT,Context,,1.40,24,0.1611,1.0698,1.7363,N,,07/2015,Incumbent
35-3023.01,Baristas,4.C.3.d.8,Duration of Typical Work Week,CTP,Context (Categories 1-3),1,72.21,24,9.7635,48.7086,87.6660,N,,07/2015,Incumbent
35-3023.01,Baristas,4.C.3.d.8,Duration of Typical Work Week,CTP,Context (Categories 1-3),2,15.28,24,7.8785,4.8724,38.8457,N,,07/2015,Incumbent
35-3023.01,Baristas,4.C.3.d.8,Duration of Typical Work Week,CTP,Context (Categories 1-3),3,12.51,24,8.0909,3.0065,39.7522,N,,07/2015,Incumbent
35-3031.00,Waiters and Waitresses,4.C.3.d.8,Duration of Typical Work Week,CT,Context,,1.03,39,0.0143,1.0000,1.0553,N,,08/2025,Incumbent
35-3031.00,Waiters and Waitresses,4.C.3.d.8,Duration of Typical Work Week,CTP,Context (Categories 1-3),1,97.36,39,1.4284,92.2920,99.1256,N,,08/2025,Incumbent
35-3031.00,Waiters and Waitresses,4.C.3.d.8,Duration of Typical Work Week,CTP,Context (Categories 1-3),2,2.64,39,1.4284,0.8744,7.7080,N,,08/2025,Incumbent
35-3031.00,Waiters and Waitresses,4.C.3.d.8,Duration of Typical Work Week,CTP,Context (Categories 1-3),3,0.00,39,0.0000,,,N,,08/2025,Incumbent
35-3041.00,"Food Servers, Nonrestaurant",4.C.3.d.8,Duration of Typical Work Week,CT,Context,,1.94,29,0.1844,1.5643,2.3198,N,,08/2020,Incumbent
35-3041.00,"Food Servers, Nonrestaurant",4.C.3.d.8,Duration of Typical Work Week,CTP,Context (Categories 1-3),1,27.46,29,11.8032,10.1083,56.0293,N,,08/2020,Incumbent
35-3041.00,"Food Servers, Nonrestaurant",4.C.3.d.8,Duration of Typical Work Week,CTP,Context (Categories 1-3),2,50.88,29,9.7805,31.7234,69.7777,N,,08/2020,Incumbent
35-3041.00,"Food Servers, Nonrestaurant",4.C.3.d.8,Duration of Typical Work Week,CTP,Context (Categories 1-3),3,21.66,29,8.8637,8.6645,44.6331,N,,08/2020,Incumbent
35-9011.00,Dining Room and Cafeteria Attendants and Bartender Helpers,4.C.3.d.8,Duration of Typical Work Week,CT,Context,,1.84,17,0.1550,1.5130,2.1702,N,,08/2021,Incumbent
35-9011.00,Dining Room and Cafeteria Attendants and Bartender Helpers,4.C.3.d.8,Duration of Typical Work Week,CTP,Context (Categories 1-3),1,22.55,17,12.4011,6.0720,56.7432,N,,08/2021,Incumbent
35-9011.00,Dining Room and Cafeteria Attendants and Bartender Helpers,4.C.3.d.8,Duration of Typical Work Week,CTP,Context (Categories 1-3),2,70.73,17,12.4572,40.2941,89.6420,N,,08/2021,Incumbent
35-9011.00,Dining Room and Cafeteria Attendants and Bartender Helpers,4.C.3.d.8,Duration of Typical Work Week,CTP,Context (Categories 1-3),3,6.71,17,6.6271,0.7583,40.4074,N,,08/2021,Incumbent
35-9021.00,Dishwashers,4.C.3.d.8,Duration of Typical Work Week,CT,Context,,1.83,23,0.2544,1.3051,2.3602,N,,08/2025,Incumbent
35-9021.00,Dishwashers,4.C.3.d.8,Duration of Typical Work Week,CTP,Context (Categories 1-3),1,33.06,23,17.3335,8.8697,71.4825,N,,08/2025,Incumbent
35-9021.00,Dishwashers,4.C.3.d.8,Duration of Typical Work Week,CTP,Context (Categories 1-3),2,50.61,23,17.6826,19.1140,81.6309,Y,,08/2025,Incumbent
35-9021.00,Dishwashers,4.C.3.d.8,Duration of Typical Work Week,CTP,Context (Categories 1-3),3,16.33,23,13.3960,2.4895,59.8575,N,,08/2025,Incumbent
35-9031.00,"Hosts and Hostesses, Restaurant, Lounge, and Coffee Shop",4.C.3.d.8,Duration of Typical Work Week,CT,Context,,1.62,23,0.1850,1.2352,2.0025,N,,08/2025,Incumbent
35-9031.00,"Hosts and Hostesses, Restaurant, Lounge, and Coffee Shop",4.C.3.d.8,Duration of Typical Work Week,CTP,Context (Categories 1-3),1,49.00,23,15.6423,20.7843,77.8728,N,,08/2025,Incumbent
35-9031.00,"Hosts and Hostesses, Restaurant, Lounge, and Coffee Shop",4.C.3.d.8,Duration of Typical Work Week,CTP,Context (Categories 1-3),2,40.11,23,15.8483,14.5624,72.4561,N,,08/2025,Incumbent
35-9031.00,"Hosts and Hostesses, Restaurant, Lounge, and Coffee Shop",4.C.3.d.8,Duration of Typical Work Week,CTP,Context (Categories 1-3),3,10.89,23,7.2115,2.5505,36.3350,N,,08/2025,Incumbent
37-1011.00,First-Line Supervisors of Housekeeping and Janitorial Workers,4.C.3.d.8,Duration of Typical Work Week,CT,Context,,2.01,22,0.1824,1.6280,2.3868,N,,08/2020,Incumbent
37-1011.00,First-Line Supervisors of Housekeeping and Janitorial Workers,4.C.3.d.8,Duration of Typical Work Week,CTP,Context (Categories 1-3),1,15.69,22,13.7818,2.0887,61.8939,N,,08/2020,Incumbent
37-1011.00,First-Line Supervisors of Housekeeping and Janitorial Workers,4.C.3.d.8,Duration of Typical Work Week,CTP,Context (Categories 1-3),2,67.87,22,14.4286,34.7932,89.3211,N,,08/2020,Incumbent
37-1011.00,First-Line Supervisors of Housekeeping and Janitorial Workers,4.C.3.d.8,Duration of Typical Work Week,CTP,Context (Categories 1-3),3,16.43,22,8.9773,4.8078,43.3681,N,,08/2020,Incumbent
37-1012.00,"First-Line Supervisors of Landscaping, Lawn Service, and Groundskeeping Workers",4.C.3.d.8,Duration of Typical Work Week,CT,Context,,2.65,17,0.1727,2.2835,3.0000,N,,08/2021,Incumbent
37-1012.00,"First-Line Supervisors of Landscaping, Lawn Service, and Groundskeeping Workers",4.C.3.d.8,Duration of Typical Work Week,CTP,Context (Categories 1-3),1,0.00,17,0.0000,,,N,,08/2021,Incumbent
37-1012.00,"First-Line Supervisors of Landscaping, Lawn Service, and Groundskeeping Workers",4.C.3.d.8,Duration of Typical Work Week,CTP,Context (Categories 1-3),2,35.05,17,17.2673,9.7522,72.9290,N,,08/2021,Incumbent
37-1012.00,"First-Line Supervisors of Landscaping, Lawn Service, and Groundskeeping Workers",4.C.3.d.8,Duration of Typical Work Week,CTP,Context (Categories 1-3),3,64.95,17,17.2673,27.0710,90.2478,N,,08/2021,Incumbent
37-2011.00,"Janitors and Cleaners, Except Maids and Housekeeping Cleaners",4.C.3.d.8,Duration of Typical Work Week,CT,Context,,1.95,24,0.2425,1.4473,2.4508,N,,08/2023,Incumbent
37-2011.00,"Janitors and Cleaners, Except Maids and Housekeeping Cleaners",4.C.3.d.8,Duration of Typical Work Week,CTP,Context (Categories 1-3),1,32.76,24,15.8173,9.9330,68.2717,N,,08/2023,Incumbent
37-2011.00,"Janitors and Cleaners, Except Maids and Housekeeping Cleaners",4.C.3.d.8,Duration of Typical Work Week,CTP,Context (Categories 1-3),2,39.58,24,12.7815,17.8209,66.4344,N,,08/2023,Incumbent
37-2011.00,"Janitors and Cleaners, Except Maids and Housekeeping Cleaners",4.C.3.d.8,Duration of Typical Work Week,CTP,Context (Categories 1-3),3,27.66,24,11.2077,10.7166,54.9178,N,,08/2023,Incumbent
37-2012.00,Maids and Housekeeping Cleaners,4.C.3.d.8,Duration of Typical Work Week,CT,Context,,1.98,28,0.1207,1.7371,2.2325,N,,08/2020,Incumbent
37-2012.00,Maids and Housekeeping Cleaners,4.C.3.d.8,Duration of Typical Work Week,CTP,Context (Categories 1-3),1,14.18,28,7.3190,4.5918,36.2079,N,,08/2020,Incumbent
37-2012.00,Maids and Housekeeping Cleaners,4.C.3.d.8,Duration of Typical Work Week,CTP,Context (Categories 1-3),2,73.15,28,10.5544,47.4963,89.1408,N,,08/2020,Incumbent
37-2012.00,Maids and Housekeeping Cleaners,4.C.3.d.8,Duration of Typical Work Week,CTP,Context (Categories 1-3),3,12.66,28,8.6596,2.8252,41.9586,N,,08/2020,Incumbent
37-2021.00,Pest Control Workers,4.C.3.d.8,Duration of Typical Work Week,CT,Context,,2.41,43,0.1292,2.1465,2.6681,N,,07/2015,Incumbent
37-2021.00,Pest Control Workers,4.C.3.d.8,Duration of Typical Work Week,CTP,Context (Categories 1-3),1,4.20,43,2.6165,1.1667,14.0052,N,,07/2015,Incumbent
37-2021.00,Pest Control Workers,4.C.3.d.8,Duration of Typical Work Week,CTP,Context (Categories 1-3),2,50.87,43,11.7180,28.6681,72.7275,N,,07/2015,Incumbent
37-2021.00,Pest Control Workers,4.C.3.d.8,Duration of Typical Work Week,CTP,Context (Categories 1-3),3,44.93,43,12.0543,23.3883,68.5636,N,,07/2015,Incumbent
37-3011.00,Landscaping and Groundskeeping Workers,4.C.3.d.8,Duration of Typical Work Week,CT,Context,,2.14,30,0.1375,1.8598,2.4224,N,,07/2015,Incumbent
37-3011.00,Landscaping and Groundskeeping Workers,4.C.3.d.8,Duration of Typical Work Week,CTP,Context (Categories 1-3),1,4.20,30,3.7068,0.6639,22.3768,N,,07/2015,Incumbent
37-3011.00,Landscaping and Groundskeeping Workers,4.C.3.d.8,Duration of Typical Work Week,CTP,Context (Categories 1-3),2,77.48,30,13.1912,42.2977,94.1703,N,,07/2015,Incumbent
37-3011.00,Landscaping and Groundskeeping Workers,4.C.3.d.8,Duration of Typical Work Week,CTP,Context (Categories 1-3),3,18.31,30,12.9556,3.6733,56.8565,N,,07/2015,Incumbent
37-3012.00,"Pesticide Handlers, Sprayers, and Applicators, Vegetation",4.C.3.d.8,Duration of Typical Work Week,CT,Context,,2.35,24,0.1831,1.9703,2.7277,N,,07/2015,Incumbent
37-3012.00,"Pesticide Handlers, Sprayers, and Applicators, Vegetation",4.C.3.d.8,Duration of Typical Work Week,CTP,Context (Categories 1-3),1,11.55,24,7.8927,2.5709,39.2348,N,,07/2015,Incumbent
37-3012.00,"Pesticide Handlers, Sprayers, and Applicators, Vegetation",4.C.3.d.8,Duration of Typical Work Week,CTP,Context (Categories 1-3),2,42.01,24,17.2033,14.3891,75.7376,N,,07/2015,Incumbent
37-3012.00,"Pesticide Handlers, Sprayers, and Applicators, Vegetation",4.C.3.d.8,Duration of Typical Work Week,CTP,Context (Categories 1-3),3,46.45,24,15.9129,18.7588,76.5140,N,,07/2015,Incumbent
37-3013.00,Tree Trimmers and Pruners,4.C.3.d.8,Duration of Typical Work Week,CT,Context,,2.19,18,0.2587,1.6454,2.7368,N,,08/2018,Incumbent
37-3013.00,Tree Trimmers and Pruners,4.C.3.d.8,Duration of Typical Work Week,CTP,Context (Categories 1-3),1,20.99,18,14.3470,4.1052,62.2385,N,,08/2018,Incumbent
37-3013.00,Tree Trimmers and Pruners,4.C.3.d.8,Duration of Typical Work Week,CTP,Context (Categories 1-3),2,38.91,18,9.8082,21.0560,60.3374,N,,08/2018,Incumbent
37-3013.00,Tree Trimmers and Pruners,4.C.3.d.8,Duration of Typical Work Week,CTP,Context (Categories 1-3),3,40.10,18,13.2959,17.2336,68.2778,N,,08/2018,Incumbent
39-1013.00,First-Line Supervisors of Gambling Services Workers,4.C.3.d.8,Duration of Typical Work Week,CT,Context,,2.26,29,0.1700,1.9106,2.6071,N,,08/2022,Incumbent
39-1013.00,First-Line Supervisors of Gambling Services Workers,4.C.3.d.8,Duration of Typical Work Week,CTP,Context (Categories 1-3),1,5.70,29,3.8328,1.3840,20.6622,N,,08/2022,Incumbent
39-1013.00,First-Line Supervisors of Gambling Services Workers,4.C.3.d.8,Duration of Typical Work Week,CTP,Context (Categories 1-3),2,62.71,29,14.6398,31.8106,85.8443,N,,08/2022,Incumbent
39-1013.00,First-Line Supervisors of Gambling Services Workers,4.C.3.d.8,Duration of Typical Work Week,CTP,Context (Categories 1-3),3,31.58,29,15.3937,9.6900,66.5150,N,,08/2022,Incumbent
39-1022.00,First-Line Supervisors of Personal Service Workers,4.C.3.d.8,Duration of Typical Work Week,CT,Context,,2.65,16,0.1885,2.2433,3.0000,N,,08/2024,Incumbent
39-1022.00,First-Line Supervisors of Personal Service Workers,4.C.3.d.8,Duration of Typical Work Week,CTP,Context (Categories 1-3),1,1.67,16,1.5770,0.2192,11.6190,N,,08/2024,Incumbent
39-1022.00,First-Line Supervisors of Personal Service Workers,4.C.3.d.8,Duration of Typical Work Week,CTP,Context (Categories 1-3),2,32.16,16,18.4251,7.2652,74.1461,Y,,08/2024,Incumbent
39-1022.00,First-Line Supervisors of Personal Service Workers,4.C.3.d.8,Duration of Typical Work Week,CTP,Context (Categories 1-3),3,66.17,16,18.5710,25.0235,91.9772,Y,,08/2024,Incumbent
39-2011.00,Animal Trainers,4.C.3.d.8,Duration of Typical Work Week,CT,Context,,1.84,39,0.2213,1.3921,2.2881,N,,07/2014,Incumbent
39-2011.00,Animal Trainers,4.C.3.d.8,Duration of Typical Work Week,CTP,Context (Categories 1-3),1,47.15,39,13.2146,23.3642,72.2976,N,,07/2014,Incumbent
39-2011.00,Animal Trainers,4.C.3.d.8,Duration of Typical Work Week,CTP,Context (Categories 1-3),2,21.70,39,7.9923,9.6606,41.7995,N,,07/2014,Incumbent
39-2011.00,Animal Trainers,4.C.3.d.8,Duration of Typical Work Week,CTP,Context (Categories 1-3),3,31.15,39,10.1088,14.8425,54.0216,N,,07/2014,Incumbent
39-2021.00,Animal Caretakers,4.C.3.d.8,Duration of Typical Work Week,CT,Context,,1.69,34,0.1449,1.3967,1.9862,N,,08/2019,Incumbent
39-2021.00,Animal Caretakers,4.C.3.d.8,Duration of Typical Work Week,CTP,Context (Categories 1-3),1,37.38,34,13.4415,15.6560,65.7566,N,,08/2019,Incumbent
39-2021.00,Animal Caretakers,4.C.3.d.8,Duration of Typical Work Week,CTP,Context (Categories 1-3),2,56.09,34,13.3016,29.8578,79.3063,N,,08/2019,Incumbent
39-2021.00,Animal Caretakers,4.C.3.d.8,Duration of Typical Work Week,CTP,Context (Categories 1-3),3,6.53,34,3.5656,2.0835,18.6530,N,,08/2019,Incumbent
39-3011.00,Gambling Dealers,4.C.3.d.8,Duration of Typical Work Week,CT,Context,,1.75,25,0.1877,1.3614,2.1364,N,,08/2019,Incumbent
39-3011.00,Gambling Dealers,4.C.3.d.8,Duration of Typical Work Week,CTP,Context (Categories 1-3),1,37.40,25,13.7654,15.0760,66.7819,N,,08/2019,Incumbent
39-3011.00,Gambling Dealers,4.C.3.d.8,Duration of Typical Work Week,CTP,Context (Categories 1-3),2,50.31,25,11.2680,28.5399,71.9649,N,,08/2019,Incumbent
39-3011.00,Gambling Dealers,4.C.3.d.8,Duration of Typical Work Week,CTP,Context (Categories 1-3),3,12.29,25,7.0874,3.4819,35.2456,N,,08/2019,Incumbent
39-3012.00,Gambling and Sports Book Writers and Runners,4.C.3.d.8,Duration of Typical Work Week,CT,Context,,1.34,27,0.1461,1.0403,1.6407,N,,07/2014,Incumbent
39-3012.00,Gambling and Sports Book Writers and Runners,4.C.3.d.8,Duration of Typical Work Week,CTP,Context (Categories 1-3),1,65.95,27,14.6054,33.7184,88.0582,N,,07/2014,Incumbent
39-3012.00,Gambling and Sports Book Writers and Runners,4.C.3.d.8,Duration of Typical Work Week,CTP,Context (Categories 1-3),2,34.05,27,14.6054,11.9418,66.2816,N,,07/2014,Incumbent
39-3012.00,Gambling and Sports Book Writers and Runners,4.C.3.d.8,Duration of Typical Work Week,CTP,Context (Categories 1-3),3,0.00,27,0.0000,,,N,,07/2014,Incumbent
39-3021.00,Motion Picture Projectionists,4.C.3.d.8,Duration of Typical Work Week,CT,Context,,1.36,26,0.1646,1.0194,1.6974,N,,08/2020,Incumbent
39-3021.00,Motion Picture Projectionists,4.C.3.d.8,Duration of Typical Work Week,CTP,Context (Categories 1-3),1,71.52,26,11.5178,43.9320,88.9438,N,,08/2020,Incumbent
39-3021.00,Motion Picture Projectionists,4.C.3.d.8,Duration of Typical Work Week,CTP,Context (Categories 1-3),2,21.13,26,8.9303,8.1582,44.6818,N,,08/2020,Incumbent
39-3021.00,Motion Picture Projectionists,4.C.3.d.8,Duration of Typical Work Week,CTP,Context (Categories 1-3),3,7.36,26,6.5339,1.0909,36.3824,N,,08/2020,Incumbent
39-3031.00,"Ushers, Lobby Attendants, and Ticket Takers",4.C.3.d.8,Duration of Typical Work Week,CT,Context,,1.17,31,0.1439,1.0000,1.4673,N,,07/2015,Incumbent
39-3031.00,"Ushers, Lobby Attendants, and Ticket Takers",4.C.3.d.8,Duration of Typical Work Week,CTP,Context (Categories 1-3),1,89.93,31,7.5666,61.8465,98.0084,N,,07/2015,Incumbent
39-3031.00,"Ushers, Lobby Attendants, and Ticket Takers",4.C.3.d.8,Duration of Typical Work Week,CTP,Context (Categories 1-3),2,2.80,31,2.3410,0.4953,14.2984,N,,07/2015,Incumbent
39-3031.00,"Ushers, Lobby Attendants, and Ticket Takers",4.C.3.d.8,Duration of Typical Work Week,CTP,Context (Categories 1-3),3,7.27,31,7.0041,0.9299,39.5587,N,,07/2015,Incumbent
39-3091.00,Amusement and Recreation Attendants,4.C.3.d.8,Duration of Typical Work Week,CT,Context,,1.11,24,0.0826,1.0000,1.2788,N,,08/2020,Incumbent
39-3091.00,Amusement and Recreation Attendants,4.C.3.d.8,Duration of Typical Work Week,CTP,Context (Categories 1-3),1,92.80,24,5.4717,70.3069,98.5968,N,,08/2020,Incumbent
39-3091.00,Amusement and Recreation Attendants,4.C.3.d.8,Duration of Typical Work Week,CTP,Context (Categories 1-3),2,3.60,24,2.8474,0.6807,16.9290,N,,08/2020,Incumbent
39-3091.00,Amusement and Recreation Attendants,4.C.3.d.8,Duration of Typical Work Week,CTP,Context (Categories 1-3),3,3.59,24,2.8709,0.6664,17.1501,N,,08/2020,Incumbent
39-3092.00,Costume Attendants,4.C.3.d.8,Duration of Typical Work Week,CT,Context,,2.24,35,0.1603,1.9136,2.5652,N,,07/2016,Incumbent
39-3092.00,Costume Attendants,4.C.3.d.8,Duration of Typical Work Week,CTP,Context (Categories 1-3),1,15.83,35,6.6269,6.4072,34.0707,N,,07/2016,Incumbent
39-3092.00,Costume Attendants,4.C.3.d.8,Duration of Typical Work Week,CTP,Context (Categories 1-3),2,44.40,35,11.9933,22.9286,68.1853,N,,07/2016,Incumbent
39-3092.00,Costume Attendants,4.C.3.d.8,Duration of Typical Work Week,CTP,Context (Categories 1-3),3,39.77,35,12.5095,18.5981,65.6173,N,,07/2016,Incumbent
39-3093.00,"Locker Room, Coatroom, and Dressing Room Attendants",4.C.3.d.8,Duration of Typical Work Week,CT,Context,,1.72,22,0.1063,1.4951,1.9371,N,,07/2011,Incumbent
39-3093.00,"Locker Room, Coatroom, and Dressing Room Attendants",4.C.3.d.8,Duration of Typical Work Week,CTP,Context (Categories 1-3),1,35.17,22,9.4713,18.6126,56.2749,N,,07/2011,Incumbent
39-3093.00,"Locker Room, Coatroom, and Dressing Room Attendants",4.C.3.d.8,Duration of Typical Work Week,CTP,Context (Categories 1-3),2,58.05,22,10.5699,35.9445,77.3388,N,,07/2011,Incumbent
39-3093.00,"Locker Room, Coatroom, and Dressing Room Attendants",4.C.3.d.8,Duration of Typical Work Week,CTP,Context (Categories 1-3),3,6.78,22,4.7554,1.4971,25.8045,N,,07/2011,Incumbent
39-4011.00,Embalmers,4.C.3.d.8,Duration of Typical Work Week,CT,Context,,2.49,19,0.1985,2.0734,2.9074,N,,08/2021,Incumbent
39-4011.00,Embalmers,4.C.3.d.8,Duration of Typical Work Week,CTP,Context (Categories 1-3),1,0.00,19,0.0000,,,N,,08/2021,Incumbent
39-4011.00,Embalmers,4.C.3.d.8,Duration of Typical Work Week,CTP,Context (Categories 1-3),2,50.96,19,19.8480,16.3825,84.6464,Y,,08/2021,Incumbent
39-4011.00,Embalmers,4.C.3.d.8,Duration of Typical Work Week,CTP,Context (Categories 1-3),3,49.04,19,19.8480,15.3536,83.6175,Y,,08/2021,Incumbent
39-4021.00,Funeral Attendants,4.C.3.d.8,Duration of Typical Work Week,CT,Context,,1.49,20,0.2299,1.0057,1.9680,N,,08/2024,Incumbent
39-4021.00,Funeral Attendants,4.C.3.d.8,Duration of Typical Work Week,CTP,Context (Categories 1-3),1,69.58,20,12.6631,39.5393,88.8934,N,,08/2024,Incumbent
39-4021.00,Funeral Attendants,4.C.3.d.8,Duration of Typical Work Week,CTP,Context (Categories 1-3),2,12.15,20,6.8141,3.5056,34.4767,N,,08/2024,Incumbent
39-4021.00,Funeral Attendants,4.C.3.d.8,Duration of Typical Work Week,CTP,Context (Categories 1-3),3,18.27,20,11.2740,4.3999,52.0516,N,,08/2024,Incumbent
39-4031.00,"Morticians, Undertakers, and Funeral Arrangers",4.C.3.d.8,Duration of Typical Work Week,CT,Context,,2.53,24,0.1986,2.1163,2.9379,N,,08/2024,Incumbent
39-4031.00,"Morticians, Undertakers, and Funeral Arrangers",4.C.3.d.8,Duration of Typical Work Week,CTP,Context (Categories 1-3),1,2.33,24,2.3685,0.2763,17.0406,N,,08/2024,Incumbent
39-4031.00,"Morticians, Undertakers, and Funeral Arrangers",4.C.3.d.8,Duration of Typical Work Week,CTP,Context (Categories 1-3),2,42.63,24,19.4378,12.5526,79.3663,Y,,08/2024,Incumbent
39-4031.00,"Morticians, Undertakers, and Funeral Arrangers",4.C.3.d.8,Duration of Typical Work Week,CTP,Context (Categories 1-3),3,55.04,24,19.5068,19.3351,86.2117,Y,,08/2024,Incumbent
39-5011.00,Barbers,4.C.3.d.8,Duration of Typical Work Week,CT,Context,,2.41,20,0.2960,1.7893,3.0000,N,,08/2018,Incumbent
39-5011.00,Barbers,4.C.3.d.8,Duration of Typical Work Week,CTP,Context (Categories 1-3),1,20.49,20,14.8237,3.6949,63.3789,N,,08/2018,Incumbent
39-5011.00,Barbers,4.C.3.d.8,Duration of Typical Work Week,CTP,Context (Categories 1-3),2,18.14,20,12.7251,3.5556,57.1191,N,,08/2018,Incumbent
39-5011.00,Barbers,4.C.3.d.8,Duration of Typical Work Week,CTP,Context (Categories 1-3),3,61.37,20,17.2984,25.6490,87.9759,N,,08/2018,Incumbent
39-5012.00,"Hairdressers, Hairstylists, and Cosmetologists",4.C.3.d.8,Duration of Typical Work Week,CT,Context,,1.43,23,0.2062,1.0009,1.8562,N,,07/2016,Incumbent
39-5012.00,"Hairdressers, Hairstylists, and Cosmetologists",4.C.3.d.8,Duration of Typical Work Week,CTP,Context (Categories 1-3),1,66.32,23,14.6355,33.5964,88.4555,N,,07/2016,Incumbent
39-5012.00,"Hairdressers, Hairstylists, and Cosmetologists",4.C.3.d.8,Duration of Typical Work Week,CTP,Context (Categories 1-3),2,24.51,23,12.5146,7.3950,56.9007,N,,07/2016,Incumbent
39-5012.00,"Hairdressers, Hairstylists, and Cosmetologists",4.C.3.d.8,Duration of Typical Work Week,CTP,Context (Categories 1-3),3,9.17,23,8.7611,1.1273,47.2091,N,,07/2016,Incumbent
39-5091.00,"Makeup Artists, Theatrical and Performance",4.C.3.d.8,Duration of Typical Work Week,CT,Context,,2.38,21,,,,,,08/2025,Occupational Expert
39-5091.00,"Makeup Artists, Theatrical and Performance",4.C.3.d.8,Duration of Typical Work Week,CTP,Context (Categories 1-3),1,19.05,21,,,,,,08/2025,Occupational Expert
39-5091.00,"Makeup Artists, Theatrical and Performance",4.C.3.d.8,Duration of Typical Work Week,CTP,Context (Categories 1-3),2,23.81,21,,,,,,08/2025,Occupational Expert
39-5091.00,"Makeup Artists, Theatrical and Performance",4.C.3.d.8,Duration of Typical Work Week,CTP,Context (Categories 1-3),3,57.14,21,,,,,,08/2025,Occupational Expert
39-5092.00,Manicurists and Pedicurists,4.C.3.d.8,Duration of Typical Work Week,CT,Context,,1.86,21,0.4888,1.0000,2.8771,N,,07/2015,Incumbent
39-5092.00,Manicurists and Pedicurists,4.C.3.d.8,Duration of Typical Work Week,CTP,Context (Categories 1-3),1,45.88,21,25.6728,8.9306,87.9893,Y,,07/2015,Incumbent
39-5092.00,Manicurists and Pedicurists,4.C.3.d.8,Duration of Typical Work Week,CTP,Context (Categories 1-3),2,22.50,21,17.3734,3.5052,69.8790,Y,,07/2015,Incumbent
39-5092.00,Manicurists and Pedicurists,4.C.3.d.8,Duration of Typical Work Week,CTP,Context (Categories 1-3),3,31.63,21,26.1968,3.5637,85.2717,Y,,07/2015,Incumbent
39-5093.00,Shampooers,4.C.3.d.8,Duration of Typical Work Week,CT,Context,,1.63,34,0.3752,1.0000,2.3933,N,,06/2008,Incumbent
39-5093.00,Shampooers,4.C.3.d.8,Duration of Typical Work Week,CTP,Context (Categories 1-3),1,61.25,34,21.3103,20.2817,90.7611,Y,,06/2008,Incumbent
39-5093.00,Shampooers,4.C.3.d.8,Duration of Typical Work Week,CTP,Context (Categories 1-3),2,14.50,34,8.2009,4.2294,39.4475,N,,06/2008,Incumbent
39-5093.00,Shampooers,4.C.3.d.8,Duration of Typical Work Week,CTP,Context (Categories 1-3),3,24.24,34,16.8363,4.7227,67.3858,N,,06/2008,Incumbent
39-5094.00,Skincare Specialists,4.C.3.d.8,Duration of Typical Work Week,CT,Context,,1.48,15,0.2301,1.0000,1.9768,N,,08/2025,Incumbent
39-5094.00,Skincare Specialists,4.C.3.d.8,Duration of Typical Work Week,CTP,Context (Categories 1-3),1,63.68,15,13.0030,34.4244,85.4092,N,,08/2025,Incumbent
39-5094.00,Skincare Specialists,4.C.3.d.8,Duration of Typical Work Week,CTP,Context (Categories 1-3),2,24.32,15,7.5719,11.7347,43.7098,N,,08/2025,Incumbent
39-5094.00,Skincare Specialists,4.C.3.d.8,Duration of Typical Work Week,CTP,Context (Categories 1-3),3,12.01,15,11.1459,1.4004,56.7304,N,,08/2025,Incumbent
39-6011.00,Baggage Porters and Bellhops,4.C.3.d.8,Duration of Typical Work Week,CT,Context,,1.99,16,0.0507,1.8792,2.0955,N,,08/2018,Incumbent
39-6011.00,Baggage Porters and Bellhops,4.C.3.d.8,Duration of Typical Work Week,CTP,Context (Categories 1-3),1,14.95,16,8.9988,3.7439,44.2742,N,,08/2018,Incumbent
39-6011.00,Baggage Porters and Bellhops,4.C.3.d.8,Duration of Typical Work Week,CTP,Context (Categories 1-3),2,71.36,16,17.6445,28.3497,94.0113,N,,08/2018,Incumbent
39-6011.00,Baggage Porters and Bellhops,4.C.3.d.8,Duration of Typical Work Week,CTP,Context (Categories 1-3),3,13.68,16,9.3571,2.8462,46.1764,N,,08/2018,Incumbent
39-6012.00,Concierges,4.C.3.d.8,Duration of Typical Work Week,CT,Context,,1.95,22,,,,,,08/2025,Occupational Expert
39-6012.00,Concierges,4.C.3.d.8,Duration of Typical Work Week,CTP,Context (Categories 1-3),1,9.09,22,,,,,,08/2025,Occupational Expert
39-6012.00,Concierges,4.C.3.d.8,Duration of Typical Work Week,CTP,Context (Categories 1-3),2,86.36,22,,,,,,08/2025,Occupational Expert
39-6012.00,Concierges,4.C.3.d.8,Duration of Typical Work Week,CTP,Context (Categories 1-3),3,4.55,22,,,,,,08/2025,Occupational Expert
39-7011.00,Tour Guides and Escorts,4.C.3.d.8,Duration of Typical Work Week,CT,Context,,1.28,25,0.1436,1.0000,1.5722,N,,08/2020,Incumbent
39-7011.00,Tour Guides and Escorts,4.C.3.d.8,Duration of Typical Work Week,CTP,Context (Categories 1-3),1,76.71,25,13.1209,41.9773,93.7511,N,,08/2020,Incumbent
39-7011.00,Tour Guides and Escorts,4.C.3.d.8,Duration of Typical Work Week,CTP,Context (Categories 1-3),2,19.00,25,12.3201,4.3032,55.0376,N,,08/2020,Incumbent
39-7011.00,Tour Guides and Escorts,4.C.3.d.8,Duration of Typical Work Week,CTP,Context (Categories 1-3),3,4.28,25,2.6283,1.1771,14.3873,N,,08/2020,Incumbent
39-7012.00,Travel Guides,4.C.3.d.8,Duration of Typical Work Week,CT,Context,,1.96,21,0.0572,1.8385,2.0773,N,,08/2022,Incumbent
39-7012.00,Travel Guides,4.C.3.d.8,Duration of Typical Work Week,CTP,Context (Categories 1-3),1,22.59,21,11.2803,7.0631,52.8471,N,,08/2022,Incumbent
39-7012.00,Travel Guides,4.C.3.d.8,Duration of Typical Work Week,CTP,Context (Categories 1-3),2,59.02,21,21.5607,18.3227,90.2425,Y,,08/2022,Incumbent
39-7012.00,Travel Guides,4.C.3.d.8,Duration of Typical Work Week,CTP,Context (Categories 1-3),3,18.39,21,11.0259,4.6388,51.0579,N,,08/2022,Incumbent
39-9011.00,Childcare Workers,4.C.3.d.8,Duration of Typical Work Week,CT,Context,,1.74,64,0.1337,1.4749,2.0094,N,,08/2018,Incumbent
39-9011.00,Childcare Workers,4.C.3.d.8,Duration of Typical Work Week,CTP,Context (Categories 1-3),1,32.33,64,12.2288,13.5203,59.3469,N,,08/2018,Incumbent
39-9011.00,Childcare Workers,4.C.3.d.8,Duration of Typical Work Week,CTP,Context (Categories 1-3),2,61.13,64,12.9534,34.5996,82.3762,N,,08/2018,Incumbent
39-9011.00,Childcare Workers,4.C.3.d.8,Duration of Typical Work Week,CTP,Context (Categories 1-3),3,6.54,64,4.8752,1.4034,25.6180,N,,08/2018,Incumbent
39-9011.01,Nannies,4.C.3.d.8,Duration of Typical Work Week,CT,Context,,2.80,25,,,,,,08/2023,Occupational Expert
39-9011.01,Nannies,4.C.3.d.8,Duration of Typical Work Week,CTP,Context (Categories 1-3),1,0.00,25,,,,,,08/2023,Occupational Expert
39-9011.01,Nannies,4.C.3.d.8,Duration of Typical Work Week,CTP,Context (Categories 1-3),2,20.00,25,,,,,,08/2023,Occupational Expert
39-9011.01,Nannies,4.C.3.d.8,Duration of Typical Work Week,CTP,Context (Categories 1-3),3,80.00,25,,,,,,08/2023,Occupational Expert
39-9031.00,Exercise Trainers and Group Fitness Instructors,4.C.3.d.8,Duration of Typical Work Week,CT,Context,,1.86,21,,,,,,08/2025,Occupational Expert
39-9031.00,Exercise Trainers and Group Fitness Instructors,4.C.3.d.8,Duration of Typical Work Week,CTP,Context (Categories 1-3),1,42.86,21,,,,,,08/2025,Occupational Expert
39-9031.00,Exercise Trainers and Group Fitness Instructors,4.C.3.d.8,Duration of Typical Work Week,CTP,Context (Categories 1-3),2,28.57,21,,,,,,08/2025,Occupational Expert
39-9031.00,Exercise Trainers and Group Fitness Instructors,4.C.3.d.8,Duration of Typical Work Week,CTP,Context (Categories 1-3),3,28.57,21,,,,,,08/2025,Occupational Expert
39-9032.00,Recreation Workers,4.C.3.d.8,Duration of Typical Work Week,CT,Context,,1.81,25,0.1552,1.4865,2.1272,N,,07/2017,Incumbent
39-9032.00,Recreation Workers,4.C.3.d.8,Duration of Typical Work Week,CTP,Context (Categories 1-3),1,40.69,25,10.1839,22.3095,62.1085,N,,07/2017,Incumbent
39-9032.00,Recreation Workers,4.C.3.d.8,Duration of Typical Work Week,CTP,Context (Categories 1-3),2,37.93,25,12.4992,16.9662,64.6421,N,,07/2017,Incumbent
39-9032.00,Recreation Workers,4.C.3.d.8,Duration of Typical Work Week,CTP,Context (Categories 1-3),3,21.38,25,9.7403,7.5957,47.3454,N,,07/2017,Incumbent
39-9041.00,Residential Advisors,4.C.3.d.8,Duration of Typical Work Week,CT,Context,,2.06,31,0.2969,1.4552,2.6680,N,,08/2019,Incumbent
39-9041.00,Residential Advisors,4.C.3.d.8,Duration of Typical Work Week,CTP,Context (Categories 1-3),1,43.61,31,15.1544,18.0146,73.1384,N,,08/2019,Incumbent
39-9041.00,Residential Advisors,4.C.3.d.8,Duration of Typical Work Week,CTP,Context (Categories 1-3),2,6.61,31,5.7212,1.0556,31.9612,N,,08/2019,Incumbent
39-9041.00,Residential Advisors,4.C.3.d.8,Duration of Typical Work Week,CTP,Context (Categories 1-3),3,49.77,31,15.0837,22.4222,77.2630,N,,08/2019,Incumbent
41-1011.00,First-Line Supervisors of Retail Sales Workers,4.C.3.d.8,Duration of Typical Work Week,CT,Context,,2.12,23,0.2677,1.5623,2.6727,N,,08/2018,Incumbent
41-1011.00,First-Line Supervisors of Retail Sales Workers,4.C.3.d.8,Duration of Typical Work Week,CTP,Context (Categories 1-3),1,26.02,23,15.3880,6.2796,64.8599,N,,08/2018,Incumbent
41-1011.00,First-Line Supervisors of Retail Sales Workers,4.C.3.d.8,Duration of Typical Work Week,CTP,Context (Categories 1-3),2,36.22,23,15.9236,11.9664,70.3406,N,,08/2018,Incumbent
41-1011.00,First-Line Supervisors of Retail Sales Workers,4.C.3.d.8,Duration of Typical Work Week,CTP,Context (Categories 1-3),3,37.77,23,15.7594,13.1244,70.9120,N,,08/2018,Incumbent
41-1012.00,First-Line Supervisors of Non-Retail Sales Workers,4.C.3.d.8,Duration of Typical Work Week,CT,Context,,2.88,35,0.0720,2.7374,3.0000,N,,08/2020,Incumbent
41-1012.00,First-Line Supervisors of Non-Retail Sales Workers,4.C.3.d.8,Duration of Typical Work Week,CTP,Context (Categories 1-3),1,0.02,35,0.0236,0.0026,0.1910,N,,08/2020,Incumbent
41-1012.00,First-Line Supervisors of Non-Retail Sales Workers,4.C.3.d.8,Duration of Typical Work Week,CTP,Context (Categories 1-3),2,11.59,35,7.1915,3.0538,35.3071,N,,08/2020,Incumbent
41-1012.00,First-Line Supervisors of Non-Retail Sales Workers,4.C.3.d.8,Duration of Typical Work Week,CTP,Context (Categories 1-3),3,88.39,35,7.1942,64.6850,96.9343,N,,08/2020,Incumbent
41-2011.00,Cashiers,4.C.3.d.8,Duration of Typical Work Week,CT,Context,,1.55,19,0.1961,1.1335,1.9575,N,,08/2024,Incumbent
41-2011.00,Cashiers,4.C.3.d.8,Duration of Typical Work Week,CTP,Context (Categories 1-3),1,56.65,19,14.5985,27.2633,82.0023,N,,08/2024,Incumbent
41-2011.00,Cashiers,4.C.3.d.8,Duration of Typical Work Week,CTP,Context (Categories 1-3),2,32.15,19,13.2308,11.7021,62.8895,N,,08/2024,Incumbent
41-2011.00,Cashiers,4.C.3.d.8,Duration of Typical Work Week,CTP,Context (Categories 1-3),3,11.20,19,8.1667,2.1956,41.4547,N,,08/2024,Incumbent
41-2012.00,Gambling Change Persons and Booth Cashiers,4.C.3.d.8,Duration of Typical Work Week,CT,Context,,1.93,30,0.1446,1.6331,2.2246,N,,08/2019,Incumbent
41-2012.00,Gambling Change Persons and Booth Cashiers,4.C.3.d.8,Duration of Typical Work Week,CTP,Context (Categories 1-3),1,21.18,30,10.0029,7.3145,47.7865,N,,08/2019,Incumbent
41-2012.00,Gambling Change Persons and Booth Cashiers,4.C.3.d.8,Duration of Typical Work Week,CTP,Context (Categories 1-3),2,64.75,30,13.6060,35.1810,86.1445,N,,08/2019,Incumbent
41-2012.00,Gambling Change Persons and Booth Cashiers,4.C.3.d.8,Duration of Typical Work Week,CTP,Context (Categories 1-3),3,14.07,30,9.8524,2.9980,46.4367,N,,08/2019,Incumbent
41-2021.00,Counter and Rental Clerks,4.C.3.d.8,Duration of Typical Work Week,CT,Context,,1.91,21,0.2691,1.3534,2.4760,N,,08/2019,Incumbent
41-2021.00,Counter and Rental Clerks,4.C.3.d.8,Duration of Typical Work Week,CTP,Context (Categories 1-3),1,39.84,21,15.6250,14.5291,72.0659,N,,08/2019,Incumbent
41-2021.00,Counter and Rental Clerks,4.C.3.d.8,Duration of Typical Work Week,CTP,Context (Categories 1-3),2,28.85,21,14.1102,8.8156,62.9780,N,,08/2019,Incumbent
41-2021.00,Counter and Rental Clerks,4.C.3.d.8,Duration of Typical Work Week,CTP,Context (Categories 1-3),3,31.31,21,14.7469,9.8308,65.5790,N,,08/2019,Incumbent
41-2022.00,Parts Salespersons,4.C.3.d.8,Duration of Typical Work Week,CT,Context,,2.54,18,0.2366,2.0383,3.0000,N,,08/2023,Incumbent
41-2022.00,Parts Salespersons,4.C.3.d.8,Duration of Typical Work Week,CTP,Context (Categories 1-3),1,12.04,18,11.2401,1.4389,56.2251,N,,08/2023,Incumbent
41-2022.00,Parts Salespersons,4.C.3.d.8,Duration of Typical Work Week,CTP,Context (Categories 1-3),2,22.16,18,11.0443,6.8662,52.3599,N,,08/2023,Incumbent
41-2022.00,Parts Salespersons,4.C.3.d.8,Duration of Typical Work Week,CTP,Context (Categories 1-3),3,65.80,18,14.6477,32.7623,88.3657,N,,08/2023,Incumbent
41-2031.00,Retail Salespersons,4.C.3.d.8,Duration of Typical Work Week,CT,Context,,1.85,29,0.2667,1.3082,2.4007,N,,08/2018,Incumbent
41-2031.00,Retail Salespersons,4.C.3.d.8,Duration of Typical Work Week,CTP,Context (Categories 1-3),1,52.69,29,15.0176,24.4831,79.2776,N,,08/2018,Incumbent
41-2031.00,Retail Salespersons,4.C.3.d.8,Duration of Typical Work Week,CTP,Context (Categories 1-3),2,9.18,29,8.4626,1.2473,44.7076,N,,08/2018,Incumbent
41-2031.00,Retail Salespersons,4.C.3.d.8,Duration of Typical Work Week,CTP,Context (Categories 1-3),3,38.13,29,12.8775,16.7695,65.3439,N,,08/2018,Incumbent
41-3011.00,Advertising Sales Agents,4.C.3.d.8,Duration of Typical Work Week,CT,Context,,2.43,28,0.1601,2.1000,2.7569,N,,08/2018,Incumbent
41-3011.00,Advertising Sales Agents,4.C.3.d.8,Duration of Typical Work Week,CTP,Context (Categories 1-3),1,7.74,28,6.0567,1.4532,32.3388,N,,08/2018,Incumbent
41-3011.00,Advertising Sales Agents,4.C.3.d.8,Duration of Typical Work Week,CTP,Context (Categories 1-3),2,41.67,28,13.1759,19.0206,68.4789,N,,08/2018,Incumbent
41-3011.00,Advertising Sales Agents,4.C.3.d.8,Duration of Typical Work Week,CTP,Context (Categories 1-3),3,50.59,28,13.3509,25.4940,75.3873,N,,08/2018,Incumbent
41-3021.00,Insurance Sales Agents,4.C.3.d.8,Duration of Typical Work Week,CT,Context,,2.81,17,0.1547,2.4860,3.0000,N,,08/2018,Incumbent
41-3021.00,Insurance Sales Agents,4.C.3.d.8,Duration of Typical Work Week,CTP,Context (Categories 1-3),1,0.40,17,0.4558,0.0346,4.3867,N,,08/2018,Incumbent
41-3021.00,Insurance Sales Agents,4.C.3.d.8,Duration of Typical Work Week,CTP,Context (Categories 1-3),2,17.80,17,15.3001,2.3065,66.5232,N,,08/2018,Incumbent
41-3021.00,Insurance Sales Agents,4.C.3.d.8,Duration of Typical Work Week,CTP,Context (Categories 1-3),3,81.80,17,15.3793,33.4690,97.5700,N,,08/2018,Incumbent
41-3031.00,"Securities, Commodities, and Financial Services Sales Agents",4.C.3.d.8,Duration of Typical Work Week,CT,Context,,2.29,93,0.1271,2.0397,2.5444,N,,08/2022,Incumbent
41-3031.00,"Securities, Commodities, and Financial Services Sales Agents",4.C.3.d.8,Duration of Typical Work Week,CTP,Context (Categories 1-3),1,14.37,93,7.2239,4.9686,35.0020,N,,08/2022,Incumbent
41-3031.00,"Securities, Commodities, and Financial Services Sales Agents",4.C.3.d.8,Duration of Typical Work Week,CTP,Context (Categories 1-3),2,42.06,93,7.9473,27.5262,58.1106,N,,08/2022,Incumbent
41-3031.00,"Securities, Commodities, and Financial Services Sales Agents",4.C.3.d.8,Duration of Typical Work Week,CTP,Context (Categories 1-3),3,43.57,93,7.7545,29.2166,59.0950,N,,08/2022,Incumbent
41-3041.00,Travel Agents,4.C.3.d.8,Duration of Typical Work Week,CT,Context,,2.16,23,0.4210,1.2840,3.0000,N,,07/2016,Incumbent
41-3041.00,Travel Agents,4.C.3.d.8,Duration of Typical Work Week,CTP,Context (Categories 1-3),1,31.95,23,20.5345,6.2108,76.8992,Y,,07/2016,Incumbent
41-3041.00,Travel Agents,4.C.3.d.8,Duration of Typical Work Week,CTP,Context (Categories 1-3),2,20.39,23,13.5657,4.3287,59.1720,N,,07/2016,Incumbent
41-3041.00,Travel Agents,4.C.3.d.8,Duration of Typical Work Week,CTP,Context (Categories 1-3),3,47.66,23,23.5911,11.3565,86.6196,Y,,07/2016,Incumbent
41-4011.00,"Sales Representatives, Wholesale and Manufacturing, Technical and Scientific Products",4.C.3.d.8,Duration of Typical Work Week,CT,Context,,2.79,29,0.0997,2.5812,2.9896,N,,07/2014,Incumbent
41-4011.00,"Sales Representatives, Wholesale and Manufacturing, Technical and Scientific Products",4.C.3.d.8,Duration of Typical Work Week,CTP,Context (Categories 1-3),1,0.00,29,0.0000,,,N,,07/2014,Incumbent
41-4011.00,"Sales Representatives, Wholesale and Manufacturing, Technical and Scientific Products",4.C.3.d.8,Duration of Typical Work Week,CTP,Context (Categories 1-3),2,21.46,29,9.9676,7.5232,47.8502,N,,07/2014,Incumbent
41-4011.00,"Sales Representatives, Wholesale and Manufacturing, Technical and Scientific Products",4.C.3.d.8,Duration of Typical Work Week,CTP,Context (Categories 1-3),3,78.54,29,9.9676,52.1498,92.4768,N,,07/2014,Incumbent
41-4011.07,Solar Sales Representatives and Assessors,4.C.3.d.8,Duration of Typical Work Week,CT,Context,,2.35,18,0.2745,1.7732,2.9314,N,,08/2024,Incumbent
41-4011.07,Solar Sales Representatives and Assessors,4.C.3.d.8,Duration of Typical Work Week,CTP,Context (Categories 1-3),1,15.50,18,13.8476,1.9336,63.0572,N,,08/2024,Incumbent
41-4011.07,Solar Sales Representatives and Assessors,4.C.3.d.8,Duration of Typical Work Week,CTP,Context (Categories 1-3),2,33.77,18,16.0441,10.0921,69.8445,N,,08/2024,Incumbent
41-4011.07,Solar Sales Representatives and Assessors,4.C.3.d.8,Duration of Typical Work Week,CTP,Context (Categories 1-3),3,50.73,18,17.7103,18.7582,82.1139,Y,,08/2024,Incumbent
41-4012.00,"Sales Representatives, Wholesale and Manufacturing, Except Technical and Scientific Products",4.C.3.d.8,Duration of Typical Work Week,CT,Context,,2.65,23,0.1595,2.3175,2.9791,N,,08/2020,Incumbent
41-4012.00,"Sales Representatives, Wholesale and Manufacturing, Except Technical and Scientific Products",4.C.3.d.8,Duration of Typical Work Week,CTP,Context (Categories 1-3),1,1.21,23,0.8341,0.2895,4.9425,N,,08/2020,Incumbent
41-4012.00,"Sales Representatives, Wholesale and Manufacturing, Except Technical and Scientific Products",4.C.3.d.8,Duration of Typical Work Week,CTP,Context (Categories 1-3),2,32.74,23,15.7769,9.9230,68.2624,N,,08/2020,Incumbent
41-4012.00,"Sales Representatives, Wholesale and Manufacturing, Except Technical and Scientific Products",4.C.3.d.8,Duration of Typical Work Week,CTP,Context (Categories 1-3),3,66.05,23,15.8422,31.0086,89.3828,N,,08/2020,Incumbent
41-9011.00,Demonstrators and Product Promoters,4.C.3.d.8,Duration of Typical Work Week,CT,Context,,1.59,19,0.2271,1.1157,2.0701,N,,07/2016,Incumbent
41-9011.00,Demonstrators and Product Promoters,4.C.3.d.8,Duration of Typical Work Week,CTP,Context (Categories 1-3),1,59.48,19,17.8675,23.6185,87.4493,N,,07/2016,Incumbent
41-9011.00,Demonstrators and Product Promoters,4.C.3.d.8,Duration of Typical Work Week,CTP,Context (Categories 1-3),2,21.75,19,19.5659,2.4226,75.6763,Y,,07/2016,Incumbent
41-9011.00,Demonstrators and Product Promoters,4.C.3.d.8,Duration of Typical Work Week,CTP,Context (Categories 1-3),3,18.77,19,11.4073,4.5805,52.6681,N,,07/2016,Incumbent
41-9012.00,Models,4.C.3.d.8,Duration of Typical Work Week,CT,Context,,1.00,17,0.0000,,,N,,08/2021,Incumbent
41-9012.00,Models,4.C.3.d.8,Duration of Typical Work Week,CTP,Context (Categories 1-3),1,100.00,17,0.0000,,,N,,08/2021,Incumbent
41-9012.00,Models,4.C.3.d.8,Duration of Typical Work Week,CTP,Context (Categories 1-3),2,0.00,17,0.0000,,,N,,08/2021,Incumbent
41-9012.00,Models,4.C.3.d.8,Duration of Typical Work Week,CTP,Context (Categories 1-3),3,0.00,17,0.0000,,,N,,08/2021,Incumbent
41-9021.00,Real Estate Brokers,4.C.3.d.8,Duration of Typical Work Week,CT,Context,,2.54,20,0.2432,2.0271,3.0000,N,,07/2015,Incumbent
41-9021.00,Real Estate Brokers,4.C.3.d.8,Duration of Typical Work Week,CTP,Context (Categories 1-3),1,16.04,20,8.2918,4.9996,40.9360,N,,07/2015,Incumbent
41-9021.00,Real Estate Brokers,4.C.3.d.8,Duration of Typical Work Week,CTP,Context (Categories 1-3),2,14.31,20,8.2911,3.9004,40.7434,N,,07/2015,Incumbent
41-9021.00,Real Estate Brokers,4.C.3.d.8,Duration of Typical Work Week,CTP,Context (Categories 1-3),3,69.65,20,16.1668,31.6470,91.9192,N,,07/2015,Incumbent
41-9022.00,Real Estate Sales Agents,4.C.3.d.8,Duration of Typical Work Week,CT,Context,,2.71,21,,,,,,08/2019,Occupational Expert
41-9022.00,Real Estate Sales Agents,4.C.3.d.8,Duration of Typical Work Week,CTP,Context (Categories 1-3),1,4.76,21,,,,,,08/2019,Occupational Expert
41-9022.00,Real Estate Sales Agents,4.C.3.d.8,Duration of Typical Work Week,CTP,Context (Categories 1-3),2,19.05,21,,,,,,08/2019,Occupational Expert
41-9022.00,Real Estate Sales Agents,4.C.3.d.8,Duration of Typical Work Week,CTP,Context (Categories 1-3),3,76.19,21,,,,,,08/2019,Occupational Expert
41-9031.00,Sales Engineers,4.C.3.d.8,Duration of Typical Work Week,CT,Context,,2.55,17,0.1506,2.2349,2.8733,N,,08/2022,Incumbent
41-9031.00,Sales Engineers,4.C.3.d.8,Duration of Typical Work Week,CTP,Context (Categories 1-3),1,0.00,17,0.0000,,,N,,08/2022,Incumbent
41-9031.00,Sales Engineers,4.C.3.d.8,Duration of Typical Work Week,CTP,Context (Categories 1-3),2,44.59,17,15.0565,18.1060,74.5461,N,,08/2022,Incumbent
41-9031.00,Sales Engineers,4.C.3.d.8,Duration of Typical Work Week,CTP,Context (Categories 1-3),3,55.41,17,15.0565,25.4539,81.8940,N,,08/2022,Incumbent
41-9041.00,Telemarketers,4.C.3.d.8,Duration of Typical Work Week,CT,Context,,1.37,15,0.1465,1.0562,1.6849,N,,08/2023,Incumbent
41-9041.00,Telemarketers,4.C.3.d.8,Duration of Typical Work Week,CTP,Context (Categories 1-3),1,62.94,15,14.6543,30.6256,86.7311,N,,08/2023,Incumbent
41-9041.00,Telemarketers,4.C.3.d.8,Duration of Typical Work Week,CTP,Context (Categories 1-3),2,37.06,15,14.6543,13.2689,69.3744,N,,08/2023,Incumbent
41-9041.00,Telemarketers,4.C.3.d.8,Duration of Typical Work Week,CTP,Context (Categories 1-3),3,0.00,15,0.0000,,,N,,08/2023,Incumbent
41-9091.00,"Door-to-Door Sales Workers, News and Street Vendors, and Related Workers",4.C.3.d.8,Duration of Typical Work Week,CT,Context,,1.12,24,,,,,,08/2018,Occupational Expert
41-9091.00,"Door-to-Door Sales Workers, News and Street Vendors, and Related Workers",4.C.3.d.8,Duration of Typical Work Week,CTP,Context (Categories 1-3),1,91.67,24,,,,,,08/2018,Occupational Expert
41-9091.00,"Door-to-Door Sales Workers, News and Street Vendors, and Related Workers",4.C.3.d.8,Duration of Typical Work Week,CTP,Context (Categories 1-3),2,4.17,24,,,,,,08/2018,Occupational Expert
41-9091.00,"Door-to-Door Sales Workers, News and Street Vendors, and Related Workers",4.C.3.d.8,Duration of Typical Work Week,CTP,Context (Categories 1-3),3,4.17,24,,,,,,08/2018,Occupational Expert
43-1011.00,First-Line Supervisors of Office and Administrative Support Workers,4.C.3.d.8,Duration of Typical Work Week,CT,Context,,2.39,45,0.0875,2.2164,2.5693,N,,07/2015,Incumbent
43-1011.00,First-Line Supervisors of Office and Administrative Support Workers,4.C.3.d.8,Duration of Typical Work Week,CTP,Context (Categories 1-3),1,0.00,45,0.0000,,,N,,07/2015,Incumbent
43-1011.00,First-Line Supervisors of Office and Administrative Support Workers,4.C.3.d.8,Duration of Typical Work Week,CTP,Context (Categories 1-3),2,60.72,45,8.7538,42.4518,76.4062,N,,07/2015,Incumbent
43-1011.00,First-Line Supervisors of Office and Administrative Support Workers,4.C.3.d.8,Duration of Typical Work Week,CTP,Context (Categories 1-3),3,39.28,45,8.7538,23.5938,57.5482,N,,07/2015,Incumbent
43-2011.00,"Switchboard Operators, Including Answering Service",4.C.3.d.8,Duration of Typical Work Week,CT,Context,,1.42,27,0.1191,1.1771,1.6667,N,,08/2022,Incumbent
43-2011.00,"Switchboard Operators, Including Answering Service",4.C.3.d.8,Duration of Typical Work Week,CTP,Context (Categories 1-3),1,58.56,27,11.9314,33.9618,79.5141,N,,08/2022,Incumbent
43-2011.00,"Switchboard Operators, Including Answering Service",4.C.3.d.8,Duration of Typical Work Week,CTP,Context (Categories 1-3),2,40.70,27,12.0012,19.8060,65.6053,N,,08/2022,Incumbent
43-2011.00,"Switchboard Operators, Including Answering Service",4.C.3.d.8,Duration of Typical Work Week,CTP,Context (Categories 1-3),3,0.74,27,0.7588,0.0907,5.8313,N,,08/2022,Incumbent
43-2021.00,Telephone Operators,4.C.3.d.8,Duration of Typical Work Week,CT,Context,,1.79,17,0.1077,1.5662,2.0227,N,,08/2024,Incumbent
43-2021.00,Telephone Operators,4.C.3.d.8,Duration of Typical Work Week,CTP,Context (Categories 1-3),1,31.24,17,14.3427,9.9347,65.1700,N,,08/2024,Incumbent
43-2021.00,Telephone Operators,4.C.3.d.8,Duration of Typical Work Week,CTP,Context (Categories 1-3),2,58.08,17,22.6906,16.1150,90.9006,Y,,08/2024,Incumbent
43-2021.00,Telephone Operators,4.C.3.d.8,Duration of Typical Work Week,CTP,Context (Categories 1-3),3,10.68,17,10.4726,1.1546,55.0588,N,,08/2024,Incumbent
43-3011.00,Bill and Account Collectors,4.C.3.d.8,Duration of Typical Work Week,CT,Context,,2.04,26,0.0492,1.9357,2.1385,N,,08/2018,Incumbent
43-3011.00,Bill and Account Collectors,4.C.3.d.8,Duration of Typical Work Week,CTP,Context (Categories 1-3),1,1.70,26,1.7609,0.1958,13.1830,N,,08/2018,Incumbent
43-3011.00,Bill and Account Collectors,4.C.3.d.8,Duration of Typical Work Week,CTP,Context (Categories 1-3),2,92.90,26,5.1592,72.3265,98.4946,N,,08/2018,Incumbent
43-3011.00,Bill and Account Collectors,4.C.3.d.8,Duration of Typical Work Week,CTP,Context (Categories 1-3),3,5.41,26,4.7245,0.8458,27.6981,N,,08/2018,Incumbent
43-3021.00,Billing and Posting Clerks,4.C.3.d.8,Duration of Typical Work Week,CT,Context,,2.22,42,0.1601,1.8960,2.5426,N,,08/2022,Incumbent
43-3021.00,Billing and Posting Clerks,4.C.3.d.8,Duration of Typical Work Week,CTP,Context (Categories 1-3),1,8.09,42,4.7087,2.3896,24.0265,N,,08/2022,Incumbent
43-3021.00,Billing and Posting Clerks,4.C.3.d.8,Duration of Typical Work Week,CTP,Context (Categories 1-3),2,61.90,42,14.4404,32.0523,84.8343,N,,08/2022,Incumbent
43-3021.00,Billing and Posting Clerks,4.C.3.d.8,Duration of Typical Work Week,CTP,Context (Categories 1-3),3,30.02,42,14.4997,9.6173,63.3547,N,,08/2022,Incumbent
43-3031.00,"Bookkeeping, Accounting, and Auditing Clerks",4.C.3.d.8,Duration of Typical Work Week,CT,Context,,1.97,46,0.1157,1.7415,2.2076,N,,07/2017,Incumbent
43-3031.00,"Bookkeeping, Accounting, and Auditing Clerks",4.C.3.d.8,Duration of Typical Work Week,CTP,Context (Categories 1-3),1,17.23,46,8.0108,6.2945,39.2214,N,,07/2017,Incumbent
43-3031.00,"Bookkeeping, Accounting, and Auditing Clerks",4.C.3.d.8,Duration of Typical Work Week,CTP,Context (Categories 1-3),2,68.08,46,11.0871,43.2871,85.6313,N,,07/2017,Incumbent
43-3031.00,"Bookkeeping, Accounting, and Auditing Clerks",4.C.3.d.8,Duration of Typical Work Week,CTP,Context (Categories 1-3),3,14.69,46,8.0154,4.5321,38.4395,N,,07/2017,Incumbent
43-3041.00,Gambling Cage Workers,4.C.3.d.8,Duration of Typical Work Week,CT,Context,,1.84,23,0.1623,1.5039,2.1769,N,,08/2023,Incumbent
43-3041.00,Gambling Cage Workers,4.C.3.d.8,Duration of Typical Work Week,CTP,Context (Categories 1-3),1,32.51,23,12.1294,13.2710,60.2505,N,,08/2023,Incumbent
43-3041.00,Gambling Cage Workers,4.C.3.d.8,Duration of Typical Work Week,CTP,Context (Categories 1-3),2,50.95,23,13.3604,25.5250,75.8890,N,,08/2023,Incumbent
43-3041.00,Gambling Cage Workers,4.C.3.d.8,Duration of Typical Work Week,CTP,Context (Categories 1-3),3,16.55,23,8.5894,5.1759,41.8705,N,,08/2023,Incumbent
43-3051.00,Payroll and Timekeeping Clerks,4.C.3.d.8,Duration of Typical Work Week,CT,Context,,2.15,23,0.1616,1.8116,2.4820,N,,08/2022,Incumbent
43-3051.00,Payroll and Timekeeping Clerks,4.C.3.d.8,Duration of Typical Work Week,CTP,Context (Categories 1-3),1,13.10,23,7.8363,3.4899,38.5903,N,,08/2022,Incumbent
43-3051.00,Payroll and Timekeeping Clerks,4.C.3.d.8,Duration of Typical Work Week,CTP,Context (Categories 1-3),2,59.12,23,14.5638,29.3028,83.4621,N,,08/2022,Incumbent
43-3051.00,Payroll and Timekeeping Clerks,4.C.3.d.8,Duration of Typical Work Week,CTP,Context (Categories 1-3),3,27.78,23,13.2387,8.9154,60.1817,N,,08/2022,Incumbent
43-3061.00,Procurement Clerks,4.C.3.d.8,Duration of Typical Work Week,CT,Context,,2.22,20,0.2225,1.7579,2.6893,N,,08/2022,Incumbent
43-3061.00,Procurement Clerks,4.C.3.d.8,Duration of Typical Work Week,CTP,Context (Categories 1-3),1,11.42,20,8.4046,2.2137,42.3241,N,,08/2022,Incumbent
43-3061.00,Procurement Clerks,4.C.3.d.8,Duration of Typical Work Week,CTP,Context (Categories 1-3),2,54.81,20,18.5382,20.2035,85.3135,Y,,08/2022,Incumbent
43-3061.00,Procurement Clerks,4.C.3.d.8,Duration of Typical Work Week,CTP,Context (Categories 1-3),3,33.78,20,18.6743,8.1604,74.5377,Y,,08/2022,Incumbent
43-3071.00,Tellers,4.C.3.d.8,Duration of Typical Work Week,CT,Context,,1.91,24,0.1380,1.6233,2.1943,N,,08/2018,Incumbent
43-3071.00,Tellers,4.C.3.d.8,Duration of Typical Work Week,CTP,Context (Categories 1-3),1,20.24,24,9.0045,7.4132,44.5853,N,,08/2018,Incumbent
43-3071.00,Tellers,4.C.3.d.8,Duration of Typical Work Week,CTP,Context (Categories 1-3),2,68.63,24,10.3522,44.7261,85.5420,N,,08/2018,Incumbent
43-3071.00,Tellers,4.C.3.d.8,Duration of Typical Work Week,CTP,Context (Categories 1-3),3,11.12,24,8.2315,2.1871,41.1981,N,,08/2018,Incumbent
43-4011.00,Brokerage Clerks,4.C.3.d.8,Duration of Typical Work Week,CT,Context,,2.04,19,0.2031,1.6156,2.4689,N,,07/2014,Incumbent
43-4011.00,Brokerage Clerks,4.C.3.d.8,Duration of Typical Work Week,CTP,Context (Categories 1-3),1,17.07,19,11.8102,3.4445,54.2912,N,,07/2014,Incumbent
43-4011.00,Brokerage Clerks,4.C.3.d.8,Duration of Typical Work Week,CTP,Context (Categories 1-3),2,61.64,19,13.6873,32.2572,84.4254,N,,07/2014,Incumbent
43-4011.00,Brokerage Clerks,4.C.3.d.8,Duration of Typical Work Week,CTP,Context (Categories 1-3),3,21.29,19,12.6649,5.2403,56.9625,N,,07/2014,Incumbent
43-4021.00,Correspondence Clerks,4.C.3.d.8,Duration of Typical Work Week,CT,Context,,2.19,17,0.1470,1.8750,2.4985,N,,08/2023,Incumbent
43-4021.00,Correspondence Clerks,4.C.3.d.8,Duration of Typical Work Week,CTP,Context (Categories 1-3),1,10.63,17,6.7182,2.5869,34.7527,N,,08/2023,Incumbent
43-4021.00,Correspondence Clerks,4.C.3.d.8,Duration of Typical Work Week,CTP,Context (Categories 1-3),2,60.07,17,11.6274,34.9925,80.7814,N,,08/2023,Incumbent
43-4021.00,Correspondence Clerks,4.C.3.d.8,Duration of Typical Work Week,CTP,Context (Categories 1-3),3,29.30,17,11.4267,11.4061,57.1657,N,,08/2023,Incumbent
43-4031.00,"Court, Municipal, and License Clerks",4.C.3.d.8,Duration of Typical Work Week,CT,Context,,1.83,91,0.0928,1.6457,2.0146,N,,08/2022,Incumbent
43-4031.00,"Court, Municipal, and License Clerks",4.C.3.d.8,Duration of Typical Work Week,CTP,Context (Categories 1-3),1,25.91,91,7.1905,14.2502,42.3983,N,,08/2022,Incumbent
43-4031.00,"Court, Municipal, and License Clerks",4.C.3.d.8,Duration of Typical Work Week,CTP,Context (Categories 1-3),2,65.16,91,7.4203,49.4184,78.1680,N,,08/2022,Incumbent
43-4031.00,"Court, Municipal, and License Clerks",4.C.3.d.8,Duration of Typical Work Week,CTP,Context (Categories 1-3),3,8.93,91,4.3487,3.2763,22.0986,N,,08/2022,Incumbent
43-4041.00,"Credit Authorizers, Checkers, and Clerks",4.C.3.d.8,Duration of Typical Work Week,CT,Context,,2.33,,,,,N,,11/2020,Analyst - Transition
43-4051.00,Customer Service Representatives,4.C.3.d.8,Duration of Typical Work Week,CT,Context,,2.00,27,0.1478,1.6951,2.3026,N,,08/2022,Incumbent
43-4051.00,Customer Service Representatives,4.C.3.d.8,Duration of Typical Work Week,CTP,Context (Categories 1-3),1,16.68,27,11.7495,3.4009,53.2288,N,,08/2022,Incumbent
43-4051.00,Customer Service Representatives,4.C.3.d.8,Duration of Typical Work Week,CTP,Context (Categories 1-3),2,66.76,27,13.3495,36.8348,87.3652,N,,08/2022,Incumbent
43-4051.00,Customer Service Representatives,4.C.3.d.8,Duration of Typical Work Week,CTP,Context (Categories 1-3),3,16.57,27,7.7602,5.8922,38.6362,N,,08/2022,Incumbent
43-4061.00,"Eligibility Interviewers, Government Programs",4.C.3.d.8,Duration of Typical Work Week,CT,Context,,1.87,27,0.0867,1.6898,2.0461,N,,08/2023,Incumbent
43-4061.00,"Eligibility Interviewers, Government Programs",4.C.3.d.8,Duration of Typical Work Week,CTP,Context (Categories 1-3),1,15.88,27,9.9054,3.9515,46.4315,N,,08/2023,Incumbent
43-4061.00,"Eligibility Interviewers, Government Programs",4.C.3.d.8,Duration of Typical Work Week,CTP,Context (Categories 1-3),2,81.44,27,11.6280,47.4412,95.5204,N,,08/2023,Incumbent
43-4061.00,"Eligibility Interviewers, Government Programs",4.C.3.d.8,Duration of Typical Work Week,CTP,Context (Categories 1-3),3,2.68,27,2.6558,0.3379,18.2637,N,,08/2023,Incumbent
43-4071.00,File Clerks,4.C.3.d.8,Duration of Typical Work Week,CT,Context,,2.27,22,0.1304,2.0000,2.5423,N,,08/2025,Incumbent
43-4071.00,File Clerks,4.C.3.d.8,Duration of Typical Work Week,CTP,Context (Categories 1-3),1,3.31,22,3.4233,0.3702,24.0216,N,,08/2025,Incumbent
43-4071.00,File Clerks,4.C.3.d.8,Duration of Typical Work Week,CTP,Context (Categories 1-3),2,66.26,22,13.1629,36.5945,86.9788,N,,08/2025,Incumbent
43-4071.00,File Clerks,4.C.3.d.8,Duration of Typical Work Week,CTP,Context (Categories 1-3),3,30.43,22,12.6459,11.2133,60.2369,N,,08/2025,Incumbent
43-4081.00,"Hotel, Motel, and Resort Desk Clerks",4.C.3.d.8,Duration of Typical Work Week,CT,Context,,1.89,39,0.1638,1.5556,2.2187,N,,07/2017,Incumbent
43-4081.00,"Hotel, Motel, and Resort Desk Clerks",4.C.3.d.8,Duration of Typical Work Week,CTP,Context (Categories 1-3),1,32.20,39,11.0571,14.5520,56.9686,N,,07/2017,Incumbent
43-4081.00,"Hotel, Motel, and Resort Desk Clerks",4.C.3.d.8,Duration of Typical Work Week,CTP,Context (Categories 1-3),2,46.90,39,11.2506,26.1368,68.7882,N,,07/2017,Incumbent
43-4081.00,"Hotel, Motel, and Resort Desk Clerks",4.C.3.d.8,Duration of Typical Work Week,CTP,Context (Categories 1-3),3,20.91,39,8.6694,8.3806,43.3110,N,,07/2017,Incumbent
43-4111.00,"Interviewers, Except Eligibility and Loan",4.C.3.d.8,Duration of Typical Work Week,CT,Context,,2.19,21,0.1868,1.8007,2.5800,N,,08/2021,Incumbent
43-4111.00,"Interviewers, Except Eligibility and Loan",4.C.3.d.8,Duration of Typical Work Week,CTP,Context (Categories 1-3),1,10.60,21,7.4501,2.2482,37.9346,N,,08/2021,Incumbent
43-4111.00,"Interviewers, Except Eligibility and Loan",4.C.3.d.8,Duration of Typical Work Week,CTP,Context (Categories 1-3),2,59.77,21,17.4600,24.6220,87.1063,N,,08/2021,Incumbent
43-4111.00,"Interviewers, Except Eligibility and Loan",4.C.3.d.8,Duration of Typical Work Week,CTP,Context (Categories 1-3),3,29.63,21,16.4746,7.4961,68.6379,N,,08/2021,Incumbent
43-4121.00,"Library Assistants, Clerical",4.C.3.d.8,Duration of Typical Work Week,CT,Context,,1.80,30,0.1859,1.4151,2.1754,N,,08/2018,Incumbent
43-4121.00,"Library Assistants, Clerical",4.C.3.d.8,Duration of Typical Work Week,CTP,Context (Categories 1-3),1,38.45,30,12.5203,17.4705,64.8268,N,,08/2018,Incumbent
43-4121.00,"Library Assistants, Clerical",4.C.3.d.8,Duration of Typical Work Week,CTP,Context (Categories 1-3),2,43.58,30,14.0357,19.3790,71.2873,N,,08/2018,Incumbent
43-4121.00,"Library Assistants, Clerical",4.C.3.d.8,Duration of Typical Work Week,CTP,Context (Categories 1-3),3,17.97,30,10.6999,4.7290,49.1546,N,,08/2018,Incumbent
43-4131.00,Loan Interviewers and Clerks,4.C.3.d.8,Duration of Typical Work Week,CT,Context,,2.35,21,0.1839,1.9709,2.7382,N,,07/2017,Incumbent
43-4131.00,Loan Interviewers and Clerks,4.C.3.d.8,Duration of Typical Work Week,CTP,Context (Categories 1-3),1,2.05,21,2.0593,0.2476,15.0602,N,,07/2017,Incumbent
43-4131.00,Loan Interviewers and Clerks,4.C.3.d.8,Duration of Typical Work Week,CTP,Context (Categories 1-3),2,60.43,21,18.2745,23.6739,88.2655,N,,07/2017,Incumbent
43-4131.00,Loan Interviewers and Clerks,4.C.3.d.8,Duration of Typical Work Week,CTP,Context (Categories 1-3),3,37.51,21,18.2180,10.6065,75.2292,N,,07/2017,Incumbent
43-4141.00,New Accounts Clerks,4.C.3.d.8,Duration of Typical Work Week,CT,Context,,2.11,16,0.1082,1.8825,2.3438,N,,08/2020,Incumbent
43-4141.00,New Accounts Clerks,4.C.3.d.8,Duration of Typical Work Week,CTP,Context (Categories 1-3),1,0.04,16,0.0447,0.0043,0.4053,N,,08/2020,Incumbent
43-4141.00,New Accounts Clerks,4.C.3.d.8,Duration of Typical Work Week,CTP,Context (Categories 1-3),2,88.60,16,10.8247,44.1803,98.7068,N,,08/2020,Incumbent
43-4141.00,New Accounts Clerks,4.C.3.d.8,Duration of Typical Work Week,CTP,Context (Categories 1-3),3,11.36,16,10.8237,1.2788,55.8932,N,,08/2020,Incumbent
43-4151.00,Order Clerks,4.C.3.d.8,Duration of Typical Work Week,CT,Context,,2.35,20,0.1676,2.0032,2.7048,N,,08/2023,Incumbent
43-4151.00,Order Clerks,4.C.3.d.8,Duration of Typical Work Week,CTP,Context (Categories 1-3),1,0.00,20,0.0000,,,N,,08/2023,Incumbent
43-4151.00,Order Clerks,4.C.3.d.8,Duration of Typical Work Week,CTP,Context (Categories 1-3),2,64.60,20,16.7609,28.2428,89.4330,N,,08/2023,Incumbent
43-4151.00,Order Clerks,4.C.3.d.8,Duration of Typical Work Week,CTP,Context (Categories 1-3),3,35.40,20,16.7609,10.5670,71.7572,N,,08/2023,Incumbent
43-4161.00,"Human Resources Assistants, Except Payroll and Timekeeping",4.C.3.d.8,Duration of Typical Work Week,CT,Context,,2.48,33,0.1300,2.2124,2.7421,N,,07/2017,Incumbent
43-4161.00,"Human Resources Assistants, Except Payroll and Timekeeping",4.C.3.d.8,Duration of Typical Work Week,CTP,Context (Categories 1-3),1,2.51,33,1.7964,0.5766,10.2946,N,,07/2017,Incumbent
43-4161.00,"Human Resources Assistants, Except Payroll and Timekeeping",4.C.3.d.8,Duration of Typical Work Week,CTP,Context (Categories 1-3),2,47.24,33,12.0513,25.0627,70.5688,N,,07/2017,Incumbent
43-4161.00,"Human Resources Assistants, Except Payroll and Timekeeping",4.C.3.d.8,Duration of Typical Work Week,CTP,Context (Categories 1-3),3,50.24,33,12.4069,26.8698,73.5084,N,,07/2017,Incumbent
43-4171.00,Receptionists and Information Clerks,4.C.3.d.8,Duration of Typical Work Week,CT,Context,,1.67,32,0.1450,1.3736,1.9653,N,,08/2023,Incumbent
43-4171.00,Receptionists and Information Clerks,4.C.3.d.8,Duration of Typical Work Week,CTP,Context (Categories 1-3),1,34.89,32,14.5331,12.6889,66.3932,N,,08/2023,Incumbent
43-4171.00,Receptionists and Information Clerks,4.C.3.d.8,Duration of Typical Work Week,CTP,Context (Categories 1-3),2,63.28,32,14.7048,32.1589,86.2333,N,,08/2023,Incumbent
43-4171.00,Receptionists and Information Clerks,4.C.3.d.8,Duration of Typical Work Week,CTP,Context (Categories 1-3),3,1.83,32,1.4473,0.3610,8.7833,N,,08/2023,Incumbent
43-4181.00,Reservation and Transportation Ticket Agents and Travel Clerks,4.C.3.d.8,Duration of Typical Work Week,CT,Context,,1.38,20,0.1452,1.0805,1.6882,N,,07/2013,Incumbent
43-4181.00,Reservation and Transportation Ticket Agents and Travel Clerks,4.C.3.d.8,Duration of Typical Work Week,CTP,Context (Categories 1-3),1,62.73,20,14.4449,31.5957,85.9847,N,,07/2013,Incumbent
43-4181.00,Reservation and Transportation Ticket Agents and Travel Clerks,4.C.3.d.8,Duration of Typical Work Week,CTP,Context (Categories 1-3),2,36.10,20,14.4746,13.1877,67.7487,N,,07/2013,Incumbent
43-4181.00,Reservation and Transportation Ticket Agents and Travel Clerks,4.C.3.d.8,Duration of Typical Work Week,CTP,Context (Categories 1-3),3,1.17,20,1.2020,0.1336,9.4573,N,,07/2013,Incumbent
43-5011.00,Cargo and Freight Agents,4.C.3.d.8,Duration of Typical Work Week,CT,Context,,2.41,18,0.2954,1.7877,3.0000,N,,08/2021,Incumbent
43-5011.00,Cargo and Freight Agents,4.C.3.d.8,Duration of Typical Work Week,CTP,Context (Categories 1-3),1,12.36,18,8.7129,2.5210,43.4909,N,,08/2021,Incumbent
43-5011.00,Cargo and Freight Agents,4.C.3.d.8,Duration of Typical Work Week,CTP,Context (Categories 1-3),2,34.19,18,13.0857,13.2175,63.9265,N,,08/2021,Incumbent
43-5011.00,Cargo and Freight Agents,4.C.3.d.8,Duration of Typical Work Week,CTP,Context (Categories 1-3),3,53.45,18,21.1163,16.0772,87.3098,Y,,08/2021,Incumbent
43-5011.01,Freight Forwarders,4.C.3.d.8,Duration of Typical Work Week,CT,Context,,2.64,17,0.1978,2.2184,3.0000,N,,08/2024,Incumbent
43-5011.01,Freight Forwarders,4.C.3.d.8,Duration of Typical Work Week,CTP,Context (Categories 1-3),1,0.00,17,0.0000,,,N,,08/2024,Incumbent
43-5011.01,Freight Forwarders,4.C.3.d.8,Duration of Typical Work Week,CTP,Context (Categories 1-3),2,36.23,17,19.7802,8.4667,77.7207,Y,,08/2024,Incumbent
43-5011.01,Freight Forwarders,4.C.3.d.8,Duration of Typical Work Week,CTP,Context (Categories 1-3),3,63.77,17,19.7802,22.2793,91.5333,Y,,08/2024,Incumbent
43-5021.00,Couriers and Messengers,4.C.3.d.8,Duration of Typical Work Week,CT,Context,,1.96,20,0.0484,1.8563,2.0590,N,,07/2016,Incumbent
43-5021.00,Couriers and Messengers,4.C.3.d.8,Duration of Typical Work Week,CTP,Context (Categories 1-3),1,4.82,20,4.9229,0.5337,32.3562,N,,07/2016,Incumbent
43-5021.00,Couriers and Messengers,4.C.3.d.8,Duration of Typical Work Week,CTP,Context (Categories 1-3),2,94.59,20,5.0946,68.5230,99.2924,N,,07/2016,Incumbent
43-5021.00,Couriers and Messengers,4.C.3.d.8,Duration of Typical Work Week,CTP,Context (Categories 1-3),3,0.59,20,0.6802,0.0524,6.2984,N,,07/2016,Incumbent
43-5031.00,Public Safety Telecommunicators,4.C.3.d.8,Duration of Typical Work Week,CT,Context,,2.51,24,0.1734,2.1520,2.8696,N,,08/2023,Incumbent
43-5031.00,Public Safety Telecommunicators,4.C.3.d.8,Duration of Typical Work Week,CTP,Context (Categories 1-3),1,0.00,24,0.0000,,,N,,08/2023,Incumbent
43-5031.00,Public Safety Telecommunicators,4.C.3.d.8,Duration of Typical Work Week,CTP,Context (Categories 1-3),2,48.92,24,17.3449,18.5555,80.1013,N,,08/2023,Incumbent
43-5031.00,Public Safety Telecommunicators,4.C.3.d.8,Duration of Typical Work Week,CTP,Context (Categories 1-3),3,51.08,24,17.3449,19.8987,81.4445,N,,08/2023,Incumbent
43-5032.00,"Dispatchers, Except Police, Fire, and Ambulance",4.C.3.d.8,Duration of Typical Work Week,CT,Context,,2.62,20,0.1910,2.2186,3.0000,N,,08/2021,Incumbent
43-5032.00,"Dispatchers, Except Police, Fire, and Ambulance",4.C.3.d.8,Duration of Typical Work Week,CTP,Context (Categories 1-3),1,13.61,20,9.2424,2.9524,44.9459,N,,08/2021,Incumbent
43-5032.00,"Dispatchers, Except Police, Fire, and Ambulance",4.C.3.d.8,Duration of Typical Work Week,CTP,Context (Categories 1-3),2,10.93,20,7.3598,2.4600,37.3875,N,,08/2021,Incumbent
43-5032.00,"Dispatchers, Except Police, Fire, and Ambulance",4.C.3.d.8,Duration of Typical Work Week,CTP,Context (Categories 1-3),3,75.46,20,11.1394,46.6091,91.5441,N,,08/2021,Incumbent
43-5041.00,"Meter Readers, Utilities",4.C.3.d.8,Duration of Typical Work Week,CT,Context,,1.82,28,0.1513,1.5126,2.1336,N,,07/2016,Incumbent
43-5041.00,"Meter Readers, Utilities",4.C.3.d.8,Duration of Typical Work Week,CTP,Context (Categories 1-3),1,24.88,28,14.1609,6.5402,61.0547,N,,07/2016,Incumbent
43-5041.00,"Meter Readers, Utilities",4.C.3.d.8,Duration of Typical Work Week,CTP,Context (Categories 1-3),2,67.93,28,15.1138,33.7854,89.7912,N,,07/2016,Incumbent
43-5041.00,"Meter Readers, Utilities",4.C.3.d.8,Duration of Typical Work Week,CTP,Context (Categories 1-3),3,7.19,28,5.3091,1.4896,28.3902,N,,07/2016,Incumbent
43-5051.00,Postal Service Clerks,4.C.3.d.8,Duration of Typical Work Week,CT,Context,,2.29,34,0.1093,2.0661,2.5110,N,,07/2016,Incumbent
43-5051.00,Postal Service Clerks,4.C.3.d.8,Duration of Typical Work Week,CTP,Context (Categories 1-3),1,2.63,34,1.9106,0.5885,10.9716,N,,07/2016,Incumbent
43-5051.00,Postal Service Clerks,4.C.3.d.8,Duration of Typical Work Week,CTP,Context (Categories 1-3),2,65.88,34,11.2344,41.1247,84.2229,N,,07/2016,Incumbent
43-5051.00,Postal Service Clerks,4.C.3.d.8,Duration of Typical Work Week,CTP,Context (Categories 1-3),3,31.49,34,10.9190,14.0982,56.2754,N,,07/2016,Incumbent
43-5052.00,Postal Service Mail Carriers,4.C.3.d.8,Duration of Typical Work Week,CT,Context,,2.23,45,0.1430,1.9439,2.5201,N,,07/2016,Incumbent
43-5052.00,Postal Service Mail Carriers,4.C.3.d.8,Duration of Typical Work Week,CTP,Context (Categories 1-3),1,20.25,45,6.6915,9.9193,36.9163,N,,07/2016,Incumbent
43-5052.00,Postal Service Mail Carriers,4.C.3.d.8,Duration of Typical Work Week,CTP,Context (Categories 1-3),2,36.31,45,8.7667,20.9839,55.0351,N,,07/2016,Incumbent
43-5052.00,Postal Service Mail Carriers,4.C.3.d.8,Duration of Typical Work Week,CTP,Context (Categories 1-3),3,43.44,45,9.7892,25.6025,63.1624,N,,07/2016,Incumbent
43-5053.00,"Postal Service Mail Sorters, Processors, and Processing Machine Operators",4.C.3.d.8,Duration of Typical Work Week,CT,Context,,2.32,43,0.0890,2.1415,2.5008,N,,07/2016,Incumbent
43-5053.00,"Postal Service Mail Sorters, Processors, and Processing Machine Operators",4.C.3.d.8,Duration of Typical Work Week,CTP,Context (Categories 1-3),1,4.69,43,4.1263,0.7581,24.0706,N,,07/2016,Incumbent
43-5053.00,"Postal Service Mail Sorters, Processors, and Processing Machine Operators",4.C.3.d.8,Duration of Typical Work Week,CTP,Context (Categories 1-3),2,58.50,43,10.3944,37.2705,76.9854,N,,07/2016,Incumbent
43-5053.00,"Postal Service Mail Sorters, Processors, and Processing Machine Operators",4.C.3.d.8,Duration of Typical Work Week,CTP,Context (Categories 1-3),3,36.81,43,8.7533,21.4174,55.4528,N,,07/2016,Incumbent
43-5061.00,"Production, Planning, and Expediting Clerks",4.C.3.d.8,Duration of Typical Work Week,CT,Context,,2.71,25,0.1051,2.4969,2.9305,N,,08/2022,Incumbent
43-5061.00,"Production, Planning, and Expediting Clerks",4.C.3.d.8,Duration of Typical Work Week,CTP,Context (Categories 1-3),1,0.00,25,0.0000,,,N,,08/2022,Incumbent
43-5061.00,"Production, Planning, and Expediting Clerks",4.C.3.d.8,Duration of Typical Work Week,CTP,Context (Categories 1-3),2,28.63,25,10.5050,12.1931,53.6869,N,,08/2022,Incumbent
43-5061.00,"Production, Planning, and Expediting Clerks",4.C.3.d.8,Duration of Typical Work Week,CTP,Context (Categories 1-3),3,71.37,25,10.5050,46.3131,87.8069,N,,08/2022,Incumbent
43-5071.00,"Shipping, Receiving, and Inventory Clerks",4.C.3.d.8,Duration of Typical Work Week,CT,Context,,2.28,22,0.1349,2.0009,2.5621,N,,08/2019,Incumbent
43-5071.00,"Shipping, Receiving, and Inventory Clerks",4.C.3.d.8,Duration of Typical Work Week,CTP,Context (Categories 1-3),1,0.91,22,0.9593,0.1017,7.7090,N,,08/2019,Incumbent
43-5071.00,"Shipping, Receiving, and Inventory Clerks",4.C.3.d.8,Duration of Typical Work Week,CTP,Context (Categories 1-3),2,70.02,22,13.6221,37.7270,90.0075,N,,08/2019,Incumbent
43-5071.00,"Shipping, Receiving, and Inventory Clerks",4.C.3.d.8,Duration of Typical Work Week,CTP,Context (Categories 1-3),3,29.06,22,13.5244,9.4780,61.5831,N,,08/2019,Incumbent
43-5111.00,"Weighers, Measurers, Checkers, and Samplers, Recordkeeping",4.C.3.d.8,Duration of Typical Work Week,CT,Context,,2.28,31,0.2751,1.7132,2.8370,N,,08/2018,Incumbent
43-5111.00,"Weighers, Measurers, Checkers, and Samplers, Recordkeeping",4.C.3.d.8,Duration of Typical Work Week,CTP,Context (Categories 1-3),1,16.08,31,11.4102,3.2948,51.8636,N,,08/2018,Incumbent
43-5111.00,"Weighers, Measurers, Checkers, and Samplers, Recordkeeping",4.C.3.d.8,Duration of Typical Work Week,CTP,Context (Categories 1-3),2,40.33,31,8.3810,24.9194,57.9220,N,,08/2018,Incumbent
43-5111.00,"Weighers, Measurers, Checkers, and Samplers, Recordkeeping",4.C.3.d.8,Duration of Typical Work Week,CTP,Context (Categories 1-3),3,43.59,31,16.8336,16.0304,75.7734,N,,08/2018,Incumbent
43-6011.00,Executive Secretaries and Executive Administrative Assistants,4.C.3.d.8,Duration of Typical Work Week,CT,Context,,2.20,45,0.1115,1.9754,2.4248,N,,07/2017,Incumbent
43-6011.00,Executive Secretaries and Executive Administrative Assistants,4.C.3.d.8,Duration of Typical Work Week,CTP,Context (Categories 1-3),1,6.83,45,3.6734,2.2402,19.0046,N,,07/2017,Incumbent
43-6011.00,Executive Secretaries and Executive Administrative Assistants,4.C.3.d.8,Duration of Typical Work Week,CTP,Context (Categories 1-3),2,66.33,45,11.0369,42.1145,84.2076,N,,07/2017,Incumbent
43-6011.00,Executive Secretaries and Executive Administrative Assistants,4.C.3.d.8,Duration of Typical Work Week,CTP,Context (Categories 1-3),3,26.84,45,10.4671,11.1366,51.7895,N,,07/2017,Incumbent
43-6012.00,Legal Secretaries and Administrative Assistants,4.C.3.d.8,Duration of Typical Work Week,CT,Context,,1.66,22,0.1602,1.3307,1.9971,N,,08/2024,Incumbent
43-6012.00,Legal Secretaries and Administrative Assistants,4.C.3.d.8,Duration of Typical Work Week,CTP,Context (Categories 1-3),1,35.31,22,15.8553,11.4168,69.8070,N,,08/2024,Incumbent
43-6012.00,Legal Secretaries and Administrative Assistants,4.C.3.d.8,Duration of Typical Work Week,CTP,Context (Categories 1-3),2,62.98,22,15.8831,29.2096,87.5264,N,,08/2024,Incumbent
43-6012.00,Legal Secretaries and Administrative Assistants,4.C.3.d.8,Duration of Typical Work Week,CTP,Context (Categories 1-3),3,1.70,22,1.7601,0.1945,13.3594,N,,08/2024,Incumbent
43-6013.00,Medical Secretaries and Administrative Assistants,4.C.3.d.8,Duration of Typical Work Week,CT,Context,,1.67,30,0.1458,1.3710,1.9676,N,,08/2021,Incumbent
43-6013.00,Medical Secretaries and Administrative Assistants,4.C.3.d.8,Duration of Typical Work Week,CTP,Context (Categories 1-3),1,39.46,30,10.8837,20.4275,62.3349,N,,08/2021,Incumbent
43-6013.00,Medical Secretaries and Administrative Assistants,4.C.3.d.8,Duration of Typical Work Week,CTP,Context (Categories 1-3),2,54.15,30,10.2212,33.7222,73.2680,N,,08/2021,Incumbent
43-6013.00,Medical Secretaries and Administrative Assistants,4.C.3.d.8,Duration of Typical Work Week,CTP,Context (Categories 1-3),3,6.39,30,6.3348,0.7772,37.3149,N,,08/2021,Incumbent
43-6014.00,"Secretaries and Administrative Assistants, Except Legal, Medical, and Executive",4.C.3.d.8,Duration of Typical Work Week,CT,Context,,1.99,54,0.1900,1.6067,2.3689,N,,08/2019,Incumbent
43-6014.00,"Secretaries and Administrative Assistants, Except Legal, Medical, and Executive",4.C.3.d.8,Duration of Typical Work Week,CTP,Context (Categories 1-3),1,25.49,54,8.3043,12.4563,45.1214,N,,08/2019,Incumbent
43-6014.00,"Secretaries and Administrative Assistants, Except Legal, Medical, and Executive",4.C.3.d.8,Duration of Typical Work Week,CTP,Context (Categories 1-3),2,50.25,54,10.8665,29.6925,70.7174,N,,08/2019,Incumbent
43-6014.00,"Secretaries and Administrative Assistants, Except Legal, Medical, and Executive",4.C.3.d.8,Duration of Typical Work Week,CTP,Context (Categories 1-3),3,24.27,54,13.0617,7.1518,57.1368,N,,08/2019,Incumbent
43-9021.00,Data Entry Keyers,4.C.3.d.8,Duration of Typical Work Week,CT,Context,,1.92,19,0.1155,1.6779,2.1630,N,,08/2018,Incumbent
43-9021.00,Data Entry Keyers,4.C.3.d.8,Duration of Typical Work Week,CTP,Context (Categories 1-3),1,25.61,19,11.7571,8.6051,55.7301,N,,08/2018,Incumbent
43-9021.00,Data Entry Keyers,4.C.3.d.8,Duration of Typical Work Week,CTP,Context (Categories 1-3),2,56.73,19,13.6952,28.8804,80.8938,N,,08/2018,Incumbent
43-9021.00,Data Entry Keyers,4.C.3.d.8,Duration of Typical Work Week,CTP,Context (Categories 1-3),3,17.66,19,4.7124,9.7903,29.7581,N,,08/2018,Incumbent
43-9022.00,Word Processors and Typists,4.C.3.d.8,Duration of Typical Work Week,CT,Context,,1.90,34,0.0986,1.7022,2.1034,N,,07/2017,Incumbent
43-9022.00,Word Processors and Typists,4.C.3.d.8,Duration of Typical Work Week,CTP,Context (Categories 1-3),1,15.63,34,8.2483,4.9352,39.8089,N,,07/2017,Incumbent
43-9022.00,Word Processors and Typists,4.C.3.d.8,Duration of Typical Work Week,CTP,Context (Categories 1-3),2,78.45,34,10.1020,51.9098,92.4706,N,,07/2017,Incumbent
43-9022.00,Word Processors and Typists,4.C.3.d.8,Duration of Typical Work Week,CTP,Context (Categories 1-3),3,5.91,34,5.6217,0.7984,32.9292,N,,07/2017,Incumbent
43-9031.00,Desktop Publishers,4.C.3.d.8,Duration of Typical Work Week,CT,Context,,2.22,21,0.2423,1.7125,2.7232,N,,08/2021,Incumbent
43-9031.00,Desktop Publishers,4.C.3.d.8,Duration of Typical Work Week,CTP,Context (Categories 1-3),1,14.23,21,10.9552,2.4886,51.8984,N,,08/2021,Incumbent
43-9031.00,Desktop Publishers,4.C.3.d.8,Duration of Typical Work Week,CTP,Context (Categories 1-3),2,49.75,21,19.9700,15.7593,83.9750,Y,,08/2021,Incumbent
43-9031.00,Desktop Publishers,4.C.3.d.8,Duration of Typical Work Week,CTP,Context (Categories 1-3),3,36.02,21,19.3097,8.9274,76.3728,Y,,08/2021,Incumbent
43-9041.00,Insurance Claims and Policy Processing Clerks,4.C.3.d.8,Duration of Typical Work Week,CT,Context,,1.82,52,0.1267,1.5698,2.0783,N,,08/2022,Incumbent
43-9041.00,Insurance Claims and Policy Processing Clerks,4.C.3.d.8,Duration of Typical Work Week,CTP,Context (Categories 1-3),1,30.67,52,8.6334,16.3768,49.9913,N,,08/2022,Incumbent
43-9041.00,Insurance Claims and Policy Processing Clerks,4.C.3.d.8,Duration of Typical Work Week,CTP,Context (Categories 1-3),2,56.25,52,8.0161,40.0653,71.1997,N,,08/2022,Incumbent
43-9041.00,Insurance Claims and Policy Processing Clerks,4.C.3.d.8,Duration of Typical Work Week,CTP,Context (Categories 1-3),3,13.08,52,6.1481,4.8353,30.8258,N,,08/2022,Incumbent
43-9051.00,"Mail Clerks and Mail Machine Operators, Except Postal Service",4.C.3.d.8,Duration of Typical Work Week,CT,Context,,2.24,31,0.3521,1.5237,2.9618,N,,07/2016,Incumbent
43-9051.00,"Mail Clerks and Mail Machine Operators, Except Postal Service",4.C.3.d.8,Duration of Typical Work Week,CTP,Context (Categories 1-3),1,17.89,31,9.5502,5.4603,45.1144,N,,07/2016,Incumbent
43-9051.00,"Mail Clerks and Mail Machine Operators, Except Postal Service",4.C.3.d.8,Duration of Typical Work Week,CTP,Context (Categories 1-3),2,39.94,31,19.3077,11.3887,77.4852,Y,,07/2016,Incumbent
43-9051.00,"Mail Clerks and Mail Machine Operators, Except Postal Service",4.C.3.d.8,Duration of Typical Work Week,CTP,Context (Categories 1-3),3,42.17,31,26.7389,7.2078,87.2513,Y,,07/2016,Incumbent
43-9061.00,"Office Clerks, General",4.C.3.d.8,Duration of Typical Work Week,CT,Context,,1.89,82,0.0922,1.7112,2.0782,N,,08/2018,Incumbent
43-9061.00,"Office Clerks, General",4.C.3.d.8,Duration of Typical Work Week,CTP,Context (Categories 1-3),1,25.68,82,7.7831,13.3091,43.7528,N,,08/2018,Incumbent
43-9061.00,"Office Clerks, General",4.C.3.d.8,Duration of Typical Work Week,CTP,Context (Categories 1-3),2,59.17,82,9.9647,38.9442,76.7044,N,,08/2018,Incumbent
43-9061.00,"Office Clerks, General",4.C.3.d.8,Duration of Typical Work Week,CTP,Context (Categories 1-3),3,15.15,82,5.6214,6.9570,29.8830,N,,08/2018,Incumbent
43-9071.00,"Office Machine Operators, Except Computer",4.C.3.d.8,Duration of Typical Work Week,CT,Context,,1.79,19,0.1236,1.5340,2.0536,N,,07/2017,Incumbent
43-9071.00,"Office Machine Operators, Except Computer",4.C.3.d.8,Duration of Typical Work Week,CTP,Context (Categories 1-3),1,28.78,19,11.3199,11.2413,56.3209,N,,07/2017,Incumbent
43-9071.00,"Office Machine Operators, Except Computer",4.C.3.d.8,Duration of Typical Work Week,CTP,Context (Categories 1-3),2,63.06,19,13.8839,32.7948,85.6539,N,,07/2017,Incumbent
43-9071.00,"Office Machine Operators, Except Computer",4.C.3.d.8,Duration of Typical Work Week,CTP,Context (Categories 1-3),3,8.16,19,6.6847,1.3466,36.6566,N,,07/2017,Incumbent
43-9081.00,Proofreaders and Copy Markers,4.C.3.d.8,Duration of Typical Work Week,CT,Context,,1.53,18,0.1915,1.1266,1.9347,N,,07/2016,Incumbent
43-9081.00,Proofreaders and Copy Markers,4.C.3.d.8,Duration of Typical Work Week,CTP,Context (Categories 1-3),1,47.33,18,19.1620,15.0734,81.9755,Y,,07/2016,Incumbent
43-9081.00,Proofreaders and Copy Markers,4.C.3.d.8,Duration of Typical Work Week,CTP,Context (Categories 1-3),2,52.28,18,19.1824,17.7850,84.7286,Y,,07/2016,Incumbent
43-9081.00,Proofreaders and Copy Markers,4.C.3.d.8,Duration of Typical Work Week,CTP,Context (Categories 1-3),3,0.39,18,0.4183,0.0420,3.6022,N,,07/2016,Incumbent
43-9111.00,Statistical Assistants,4.C.3.d.8,Duration of Typical Work Week,CT,Context,,2.30,37,0.1468,1.9984,2.5940,N,,07/2015,Incumbent
43-9111.00,Statistical Assistants,4.C.3.d.8,Duration of Typical Work Week,CTP,Context (Categories 1-3),1,10.49,37,5.6275,3.3602,28.3247,N,,07/2015,Incumbent
43-9111.00,Statistical Assistants,4.C.3.d.8,Duration of Typical Work Week,CTP,Context (Categories 1-3),2,49.40,37,13.2373,25.0075,74.0741,N,,07/2015,Incumbent
43-9111.00,Statistical Assistants,4.C.3.d.8,Duration of Typical Work Week,CTP,Context (Categories 1-3),3,40.11,37,12.7961,18.5264,66.3636,N,,07/2015,Incumbent
45-1011.00,"First-Line Supervisors of Farming, Fishing, and Forestry Workers",4.C.3.d.8,Duration of Typical Work Week,CT,Context,,2.66,98,0.0637,2.5378,2.7907,N,,08/2022,Incumbent
45-1011.00,"First-Line Supervisors of Farming, Fishing, and Forestry Workers",4.C.3.d.8,Duration of Typical Work Week,CTP,Context (Categories 1-3),1,0.00,98,0.0000,,,N,,08/2022,Incumbent
45-1011.00,"First-Line Supervisors of Farming, Fishing, and Forestry Workers",4.C.3.d.8,Duration of Typical Work Week,CTP,Context (Categories 1-3),2,33.57,98,6.3721,22.2794,47.1210,N,,08/2022,Incumbent
45-1011.00,"First-Line Supervisors of Farming, Fishing, and Forestry Workers",4.C.3.d.8,Duration of Typical Work Week,CTP,Context (Categories 1-3),3,66.43,98,6.3721,52.8790,77.7206,N,,08/2022,Incumbent
45-2011.00,Agricultural Inspectors,4.C.3.d.8,Duration of Typical Work Week,CT,Context,,2.18,31,0.1640,1.8422,2.5119,N,,07/2013,Incumbent
45-2011.00,Agricultural Inspectors,4.C.3.d.8,Duration of Typical Work Week,CTP,Context (Categories 1-3),1,22.33,31,8.6128,9.4450,44.2189,N,,07/2013,Incumbent
45-2011.00,Agricultural Inspectors,4.C.3.d.8,Duration of Typical Work Week,CTP,Context (Categories 1-3),2,37.63,31,7.2041,24.3760,53.0358,N,,07/2013,Incumbent
45-2011.00,Agricultural Inspectors,4.C.3.d.8,Duration of Typical Work Week,CTP,Context (Categories 1-3),3,40.04,31,9.2831,23.2616,59.5271,N,,07/2013,Incumbent
45-2021.00,Animal Breeders,4.C.3.d.8,Duration of Typical Work Week,CT,Context,,1.95,16,0.3482,1.2091,2.6936,N,,08/2018,Incumbent
45-2021.00,Animal Breeders,4.C.3.d.8,Duration of Typical Work Week,CTP,Context (Categories 1-3),1,52.11,16,17.3836,19.7774,82.7670,N,,08/2018,Incumbent
45-2021.00,Animal Breeders,4.C.3.d.8,Duration of Typical Work Week,CTP,Context (Categories 1-3),2,0.64,16,0.6662,0.0700,5.6376,N,,08/2018,Incumbent
45-2021.00,Animal Breeders,4.C.3.d.8,Duration of Typical Work Week,CTP,Context (Categories 1-3),3,47.25,16,17.4460,16.7677,79.9262,N,,08/2018,Incumbent
45-2041.00,"Graders and Sorters, Agricultural Products",4.C.3.d.8,Duration of Typical Work Week,CT,Context,,2.27,19,0.2578,1.7248,2.8079,N,,07/2017,Incumbent
45-2041.00,"Graders and Sorters, Agricultural Products",4.C.3.d.8,Duration of Typical Work Week,CTP,Context (Categories 1-3),1,16.84,19,11.0644,3.7102,51.5708,N,,07/2017,Incumbent
45-2041.00,"Graders and Sorters, Agricultural Products",4.C.3.d.8,Duration of Typical Work Week,CTP,Context (Categories 1-3),2,39.68,19,14.9954,14.9936,71.0416,N,,07/2017,Incumbent
45-2041.00,"Graders and Sorters, Agricultural Products",4.C.3.d.8,Duration of Typical Work Week,CTP,Context (Categories 1-3),3,43.48,19,17.9501,14.2214,78.1113,N,,07/2017,Incumbent
45-2091.00,Agricultural Equipment Operators,4.C.3.d.8,Duration of Typical Work Week,CT,Context,,2.69,24,0.2832,2.0998,3.0000,N,,08/2019,Incumbent
45-2091.00,Agricultural Equipment Operators,4.C.3.d.8,Duration of Typical Work Week,CTP,Context (Categories 1-3),1,15.53,24,14.1612,1.9325,63.1702,N,,08/2019,Incumbent
45-2091.00,Agricultural Equipment Operators,4.C.3.d.8,Duration of Typical Work Week,CTP,Context (Categories 1-3),2,0.37,24,0.2765,0.0803,1.7150,N,,08/2019,Incumbent
45-2091.00,Agricultural Equipment Operators,4.C.3.d.8,Duration of Typical Work Week,CTP,Context (Categories 1-3),3,84.10,24,14.1600,37.1733,97.9281,N,,08/2019,Incumbent
45-2092.00,"Farmworkers and Laborers, Crop, Nursery, and Greenhouse",4.C.3.d.8,Duration of Typical Work Week,CT,Context,,2.43,50,0.1800,2.0724,2.7958,N,,08/2022,Incumbent
45-2092.00,"Farmworkers and Laborers, Crop, Nursery, and Greenhouse",4.C.3.d.8,Duration of Typical Work Week,CTP,Context (Categories 1-3),1,12.91,50,5.6715,5.1048,29.0031,N,,08/2022,Incumbent
45-2092.00,"Farmworkers and Laborers, Crop, Nursery, and Greenhouse",4.C.3.d.8,Duration of Typical Work Week,CTP,Context (Categories 1-3),2,30.77,50,9.7672,15.0297,52.7605,N,,08/2022,Incumbent
45-2092.00,"Farmworkers and Laborers, Crop, Nursery, and Greenhouse",4.C.3.d.8,Duration of Typical Work Week,CTP,Context (Categories 1-3),3,56.32,50,13.3222,30.2771,79.2882,N,,08/2022,Incumbent
45-2093.00,"Farmworkers, Farm, Ranch, and Aquacultural Animals",4.C.3.d.8,Duration of Typical Work Week,CT,Context,,2.08,27,0.2082,1.6496,2.5054,N,,08/2019,Incumbent
45-2093.00,"Farmworkers, Farm, Ranch, and Aquacultural Animals",4.C.3.d.8,Duration of Typical Work Week,CTP,Context (Categories 1-3),1,33.90,27,13.1344,13.3245,63.1141,N,,08/2019,Incumbent
45-2093.00,"Farmworkers, Farm, Ranch, and Aquacultural Animals",4.C.3.d.8,Duration of Typical Work Week,CTP,Context (Categories 1-3),2,24.45,27,15.2038,5.6261,63.7309,N,,08/2019,Incumbent
45-2093.00,"Farmworkers, Farm, Ranch, and Aquacultural Animals",4.C.3.d.8,Duration of Typical Work Week,CTP,Context (Categories 1-3),3,41.65,27,12.6395,19.6815,67.5202,N,,08/2019,Incumbent
45-3031.00,Fishing and Hunting Workers,4.C.3.d.8,Duration of Typical Work Week,CT,Context,,2.70,20,,,,,,08/2025,Occupational Expert
45-3031.00,Fishing and Hunting Workers,4.C.3.d.8,Duration of Typical Work Week,CTP,Context (Categories 1-3),1,10.00,20,,,,,,08/2025,Occupational Expert
45-3031.00,Fishing and Hunting Workers,4.C.3.d.8,Duration of Typical Work Week,CTP,Context (Categories 1-3),2,10.00,20,,,,,,08/2025,Occupational Expert
45-3031.00,Fishing and Hunting Workers,4.C.3.d.8,Duration of Typical Work Week,CTP,Context (Categories 1-3),3,80.00,20,,,,,,08/2025,Occupational Expert
45-4011.00,Forest and Conservation Workers,4.C.3.d.8,Duration of Typical Work Week,CT,Context,,2.07,21,0.1702,1.7149,2.4249,N,,08/2023,Incumbent
45-4011.00,Forest and Conservation Workers,4.C.3.d.8,Duration of Typical Work Week,CTP,Context (Categories 1-3),1,11.58,21,11.2788,1.2994,56.5828,N,,08/2023,Incumbent
45-4011.00,Forest and Conservation Workers,4.C.3.d.8,Duration of Typical Work Week,CTP,Context (Categories 1-3),2,69.85,21,14.9970,34.4043,91.0960,N,,08/2023,Incumbent
45-4011.00,Forest and Conservation Workers,4.C.3.d.8,Duration of Typical Work Week,CTP,Context (Categories 1-3),3,18.57,21,11.4035,4.5168,52.3701,N,,08/2023,Incumbent
45-4021.00,Fallers,4.C.3.d.8,Duration of Typical Work Week,CT,Context,,1.98,21,0.2356,1.4899,2.4730,N,,06/2007,Incumbent
45-4021.00,Fallers,4.C.3.d.8,Duration of Typical Work Week,CTP,Context (Categories 1-3),1,38.59,21,13.5169,16.0525,67.3759,N,,06/2007,Incumbent
45-4021.00,Fallers,4.C.3.d.8,Duration of Typical Work Week,CTP,Context (Categories 1-3),2,24.67,21,12.7783,7.2385,57.8841,N,,06/2007,Incumbent
45-4021.00,Fallers,4.C.3.d.8,Duration of Typical Work Week,CTP,Context (Categories 1-3),3,36.74,21,13.2881,14.9816,65.6834,N,,06/2007,Incumbent
45-4022.00,Logging Equipment Operators,4.C.3.d.8,Duration of Typical Work Week,CT,Context,,2.84,18,0.1279,2.5667,3.0000,N,,07/2017,Incumbent
45-4022.00,Logging Equipment Operators,4.C.3.d.8,Duration of Typical Work Week,CTP,Context (Categories 1-3),1,0.00,18,0.0000,,,N,,07/2017,Incumbent
45-4022.00,Logging Equipment Operators,4.C.3.d.8,Duration of Typical Work Week,CTP,Context (Categories 1-3),2,16.34,18,12.7944,2.6377,58.4584,N,,07/2017,Incumbent
45-4022.00,Logging Equipment Operators,4.C.3.d.8,Duration of Typical Work Week,CTP,Context (Categories 1-3),3,83.66,18,12.7944,41.5416,97.3623,N,,07/2017,Incumbent
45-4023.00,Log Graders and Scalers,4.C.3.d.8,Duration of Typical Work Week,CT,Context,,2.68,27,0.1316,2.4065,2.9476,N,,07/2017,Incumbent
45-4023.00,Log Graders and Scalers,4.C.3.d.8,Duration of Typical Work Week,CTP,Context (Categories 1-3),1,1.45,27,1.4701,0.1777,10.8578,N,,07/2017,Incumbent
45-4023.00,Log Graders and Scalers,4.C.3.d.8,Duration of Typical Work Week,CTP,Context (Categories 1-3),2,29.39,27,12.9622,10.3375,60.0477,N,,07/2017,Incumbent
45-4023.00,Log Graders and Scalers,4.C.3.d.8,Duration of Typical Work Week,CTP,Context (Categories 1-3),3,69.16,27,12.9805,39.0921,88.6786,N,,07/2017,Incumbent
47-1011.00,First-Line Supervisors of Construction Trades and Extraction Workers,4.C.3.d.8,Duration of Typical Work Week,CT,Context,,2.63,33,0.1140,2.3949,2.8593,N,,08/2020,Incumbent
47-1011.00,First-Line Supervisors of Construction Trades and Extraction Workers,4.C.3.d.8,Duration of Typical Work Week,CTP,Context (Categories 1-3),1,0.00,33,0.0000,,,N,,08/2020,Incumbent
47-1011.00,First-Line Supervisors of Construction Trades and Extraction Workers,4.C.3.d.8,Duration of Typical Work Week,CTP,Context (Categories 1-3),2,37.29,33,11.4007,18.0512,61.6155,N,,08/2020,Incumbent
47-1011.00,First-Line Supervisors of Construction Trades and Extraction Workers,4.C.3.d.8,Duration of Typical Work Week,CTP,Context (Categories 1-3),3,62.71,33,11.4007,38.3845,81.9488,N,,08/2020,Incumbent
47-1011.03,Solar Energy Installation Managers,4.C.3.d.8,Duration of Typical Work Week,CT,Context,,2.62,19,0.1475,2.3095,2.9294,N,,08/2024,Incumbent
47-1011.03,Solar Energy Installation Managers,4.C.3.d.8,Duration of Typical Work Week,CTP,Context (Categories 1-3),1,0.00,19,0.0000,,,N,,08/2024,Incumbent
47-1011.03,Solar Energy Installation Managers,4.C.3.d.8,Duration of Typical Work Week,CTP,Context (Categories 1-3),2,38.05,19,14.7548,14.1580,69.5883,N,,08/2024,Incumbent
47-1011.03,Solar Energy Installation Managers,4.C.3.d.8,Duration of Typical Work Week,CTP,Context (Categories 1-3),3,61.95,19,14.7548,30.4117,85.8420,N,,08/2024,Incumbent
47-2011.00,Boilermakers,4.C.3.d.8,Duration of Typical Work Week,CT,Context,,2.80,17,0.1096,2.5639,3.0000,N,,08/2025,Incumbent
47-2011.00,Boilermakers,4.C.3.d.8,Duration of Typical Work Week,CTP,Context (Categories 1-3),1,0.00,17,0.0000,,,N,,08/2025,Incumbent
47-2011.00,Boilermakers,4.C.3.d.8,Duration of Typical Work Week,CTP,Context (Categories 1-3),2,20.38,17,10.9580,5.7605,51.7206,N,,08/2025,Incumbent
47-2011.00,Boilermakers,4.C.3.d.8,Duration of Typical Work Week,CTP,Context (Categories 1-3),3,79.62,17,10.9580,48.2794,94.2395,N,,08/2025,Incumbent
47-2021.00,Brickmasons and Blockmasons,4.C.3.d.8,Duration of Typical Work Week,CT,Context,,2.20,16,0.1007,1.9837,2.4132,N,,08/2018,Incumbent
47-2021.00,Brickmasons and Blockmasons,4.C.3.d.8,Duration of Typical Work Week,CTP,Context (Categories 1-3),1,3.20,16,3.4342,0.3087,26.0257,N,,08/2018,Incumbent
47-2021.00,Brickmasons and Blockmasons,4.C.3.d.8,Duration of Typical Work Week,CTP,Context (Categories 1-3),2,73.76,16,9.4781,49.7442,88.8688,N,,08/2018,Incumbent
47-2021.00,Brickmasons and Blockmasons,4.C.3.d.8,Duration of Typical Work Week,CTP,Context (Categories 1-3),3,23.04,16,9.1583,9.0576,47.3753,N,,08/2018,Incumbent
47-2022.00,Stonemasons,4.C.3.d.8,Duration of Typical Work Week,CT,Context,,1.64,18,0.2111,1.1920,2.0827,N,,08/2025,Incumbent
47-2022.00,Stonemasons,4.C.3.d.8,Duration of Typical Work Week,CTP,Context (Categories 1-3),1,38.20,18,20.9910,8.6523,80.1385,Y,,08/2025,Incumbent
47-2022.00,Stonemasons,4.C.3.d.8,Duration of Typical Work Week,CTP,Context (Categories 1-3),2,59.86,18,20.9932,19.0967,90.4040,Y,,08/2025,Incumbent
47-2022.00,Stonemasons,4.C.3.d.8,Duration of Typical Work Week,CTP,Context (Categories 1-3),3,1.94,18,1.5758,0.3423,10.2068,N,,08/2025,Incumbent
47-2031.00,Carpenters,4.C.3.d.8,Duration of Typical Work Week,CT,Context,,2.37,42,0.1451,2.0736,2.6596,N,,08/2022,Incumbent
47-2031.00,Carpenters,4.C.3.d.8,Duration of Typical Work Week,CTP,Context (Categories 1-3),1,0.00,42,0.0000,,,N,,08/2022,Incumbent
47-2031.00,Carpenters,4.C.3.d.8,Duration of Typical Work Week,CTP,Context (Categories 1-3),2,63.34,42,14.5083,32.8508,85.9211,N,,08/2022,Incumbent
47-2031.00,Carpenters,4.C.3.d.8,Duration of Typical Work Week,CTP,Context (Categories 1-3),3,36.66,42,14.5083,14.0789,67.1492,N,,08/2022,Incumbent
47-2041.00,Carpet Installers,4.C.3.d.8,Duration of Typical Work Week,CT,Context,,2.24,22,0.2672,1.6800,2.7912,N,,07/2011,Incumbent
47-2041.00,Carpet Installers,4.C.3.d.8,Duration of Typical Work Week,CTP,Context (Categories 1-3),1,23.18,22,12.3910,6.6257,56.1902,N,,07/2011,Incumbent
47-2041.00,Carpet Installers,4.C.3.d.8,Duration of Typical Work Week,CTP,Context (Categories 1-3),2,30.09,22,10.0552,13.7401,53.7692,N,,07/2011,Incumbent
47-2041.00,Carpet Installers,4.C.3.d.8,Duration of Typical Work Week,CTP,Context (Categories 1-3),3,46.73,22,15.9340,18.8162,76.8577,N,,07/2011,Incumbent
47-2042.00,"Floor Layers, Except Carpet, Wood, and Hard Tiles",4.C.3.d.8,Duration of Typical Work Week,CT,Context,,1.90,15,0.3724,1.0969,2.6943,N,,12/2005,Incumbent
47-2042.00,"Floor Layers, Except Carpet, Wood, and Hard Tiles",4.C.3.d.8,Duration of Typical Work Week,CTP,Context (Categories 1-3),1,45.10,15,17.0869,15.7555,78.3071,N,,12/2005,Incumbent
47-2042.00,"Floor Layers, Except Carpet, Wood, and Hard Tiles",4.C.3.d.8,Duration of Typical Work Week,CTP,Context (Categories 1-3),2,20.23,15,12.2556,4.7397,56.3868,N,,12/2005,Incumbent
47-2042.00,"Floor Layers, Except Carpet, Wood, and Hard Tiles",4.C.3.d.8,Duration of Typical Work Week,CTP,Context (Categories 1-3),3,34.66,15,21.8281,6.2915,80.7413,Y,,12/2005,Incumbent
47-2043.00,Floor Sanders and Finishers,4.C.3.d.8,Duration of Typical Work Week,CT,Context,,2.08,18,0.1746,1.7069,2.4437,N,,08/2021,Incumbent
47-2043.00,Floor Sanders and Finishers,4.C.3.d.8,Duration of Typical Work Week,CTP,Context (Categories 1-3),1,15.51,18,11.2330,2.9212,52.8310,N,,08/2021,Incumbent
47-2043.00,Floor Sanders and Finishers,4.C.3.d.8,Duration of Typical Work Week,CTP,Context (Categories 1-3),2,61.45,18,14.8600,29.7929,85.6903,N,,08/2021,Incumbent
47-2043.00,Floor Sanders and Finishers,4.C.3.d.8,Duration of Typical Work Week,CTP,Context (Categories 1-3),3,23.04,18,11.6912,6.9310,54.6123,N,,08/2021,Incumbent
47-2044.00,Tile and Stone Setters,4.C.3.d.8,Duration of Typical Work Week,CT,Context,,2.42,20,0.1473,2.1161,2.7325,N,,08/2023,Incumbent
47-2044.00,Tile and Stone Setters,4.C.3.d.8,Duration of Typical Work Week,CTP,Context (Categories 1-3),1,0.00,20,0.0000,,,N,,08/2023,Incumbent
47-2044.00,Tile and Stone Setters,4.C.3.d.8,Duration of Typical Work Week,CTP,Context (Categories 1-3),2,57.57,20,14.7253,27.7543,82.7320,N,,08/2023,Incumbent
47-2044.00,Tile and Stone Setters,4.C.3.d.8,Duration of Typical Work Week,CTP,Context (Categories 1-3),3,42.43,20,14.7253,17.2680,72.2457,N,,08/2023,Incumbent
47-2051.00,Cement Masons and Concrete Finishers,4.C.3.d.8,Duration of Typical Work Week,CT,Context,,2.22,18,0.3009,1.5837,2.8534,N,,08/2018,Incumbent
47-2051.00,Cement Masons and Concrete Finishers,4.C.3.d.8,Duration of Typical Work Week,CTP,Context (Categories 1-3),1,26.20,18,13.4088,7.5939,60.5273,N,,08/2018,Incumbent
47-2051.00,Cement Masons and Concrete Finishers,4.C.3.d.8,Duration of Typical Work Week,CTP,Context (Categories 1-3),2,25.75,18,12.2185,8.2619,57.1828,N,,08/2018,Incumbent
47-2051.00,Cement Masons and Concrete Finishers,4.C.3.d.8,Duration of Typical Work Week,CTP,Context (Categories 1-3),3,48.05,18,18.6421,16.0618,81.7225,Y,,08/2018,Incumbent
47-2053.00,Terrazzo Workers and Finishers,4.C.3.d.8,Duration of Typical Work Week,CT,Context,,2.08,23,0.0740,1.9306,2.2374,N,,07/2015,Incumbent
47-2053.00,Terrazzo Workers and Finishers,4.C.3.d.8,Duration of Typical Work Week,CTP,Context (Categories 1-3),1,5.01,23,3.2338,1.2699,17.7570,N,,07/2015,Incumbent
47-2053.00,Terrazzo Workers and Finishers,4.C.3.d.8,Duration of Typical Work Week,CTP,Context (Categories 1-3),2,81.59,23,6.1663,65.4171,91.2147,N,,07/2015,Incumbent
47-2053.00,Terrazzo Workers and Finishers,4.C.3.d.8,Duration of Typical Work Week,CTP,Context (Categories 1-3),3,13.40,23,5.9923,5.0389,31.1084,N,,07/2015,Incumbent
47-2061.00,Construction Laborers,4.C.3.d.8,Duration of Typical Work Week,CT,Context,,2.02,21,0.2092,1.5828,2.4554,N,,08/2020,Incumbent
47-2061.00,Construction Laborers,4.C.3.d.8,Duration of Typical Work Week,CTP,Context (Categories 1-3),1,15.84,21,9.8050,3.8985,46.6069,N,,08/2020,Incumbent
47-2061.00,Construction Laborers,4.C.3.d.8,Duration of Typical Work Week,CTP,Context (Categories 1-3),2,66.41,21,13.6994,35.4485,87.6834,N,,08/2020,Incumbent
47-2061.00,Construction Laborers,4.C.3.d.8,Duration of Typical Work Week,CTP,Context (Categories 1-3),3,17.75,21,14.7124,2.5696,63.8466,N,,08/2020,Incumbent
47-2071.00,"Paving, Surfacing, and Tamping Equipment Operators",4.C.3.d.8,Duration of Typical Work Week,CT,Context,,2.30,15,0.1033,2.0803,2.5236,N,,08/2020,Incumbent
47-2071.00,"Paving, Surfacing, and Tamping Equipment Operators",4.C.3.d.8,Duration of Typical Work Week,CTP,Context (Categories 1-3),1,0.00,15,0.0000,,,N,,08/2020,Incumbent
47-2071.00,"Paving, Surfacing, and Tamping Equipment Operators",4.C.3.d.8,Duration of Typical Work Week,CTP,Context (Categories 1-3),2,69.80,15,10.3328,44.6845,86.8689,N,,08/2020,Incumbent
47-2071.00,"Paving, Surfacing, and Tamping Equipment Operators",4.C.3.d.8,Duration of Typical Work Week,CTP,Context (Categories 1-3),3,30.20,15,10.3328,13.1311,55.3155,N,,08/2020,Incumbent
47-2072.00,Pile Driver Operators,4.C.3.d.8,Duration of Typical Work Week,CT,Context,,2.40,24,0.1129,2.1655,2.6326,N,,08/2018,Incumbent
47-2072.00,Pile Driver Operators,4.C.3.d.8,Duration of Typical Work Week,CTP,Context (Categories 1-3),1,0.00,24,0.0000,,,N,,08/2018,Incumbent
47-2072.00,Pile Driver Operators,4.C.3.d.8,Duration of Typical Work Week,CTP,Context (Categories 1-3),2,60.10,24,11.2886,36.2552,79.9518,N,,08/2018,Incumbent
47-2072.00,Pile Driver Operators,4.C.3.d.8,Duration of Typical Work Week,CTP,Context (Categories 1-3),3,39.90,24,11.2886,20.0482,63.7448,N,,08/2018,Incumbent
47-2073.00,Operating Engineers and Other Construction Equipment Operators,4.C.3.d.8,Duration of Typical Work Week,CT,Context,,2.51,22,0.3180,1.8457,3.0000,N,,08/2020,Incumbent
47-2073.00,Operating Engineers and Other Construction Equipment Operators,4.C.3.d.8,Duration of Typical Work Week,CTP,Context (Categories 1-3),1,0.00,22,0.0000,,,N,,08/2020,Incumbent
47-2073.00,Operating Engineers and Other Construction Equipment Operators,4.C.3.d.8,Duration of Typical Work Week,CTP,Context (Categories 1-3),2,49.29,22,31.8042,6.4501,93.2004,Y,,08/2020,Incumbent
47-2073.00,Operating Engineers and Other Construction Equipment Operators,4.C.3.d.8,Duration of Typical Work Week,CTP,Context (Categories 1-3),3,50.71,22,31.8042,6.7996,93.5499,Y,,08/2020,Incumbent
47-2081.00,Drywall and Ceiling Tile Installers,4.C.3.d.8,Duration of Typical Work Week,CT,Context,,1.90,22,0.1283,1.6363,2.1700,N,,07/2016,Incumbent
47-2081.00,Drywall and Ceiling Tile Installers,4.C.3.d.8,Duration of Typical Work Week,CTP,Context (Categories 1-3),1,18.96,22,11.0920,4.9530,51.2154,N,,07/2016,Incumbent
47-2081.00,Drywall and Ceiling Tile Installers,4.C.3.d.8,Duration of Typical Work Week,CTP,Context (Categories 1-3),2,71.77,22,11.4518,43.9717,89.1743,N,,07/2016,Incumbent
47-2081.00,Drywall and Ceiling Tile Installers,4.C.3.d.8,Duration of Typical Work Week,CTP,Context (Categories 1-3),3,9.27,22,4.9876,2.8921,25.9634,N,,07/2016,Incumbent
47-2082.00,Tapers,4.C.3.d.8,Duration of Typical Work Week,CT,Context,,1.96,21,0.1507,1.6453,2.2738,N,,07/2015,Incumbent
47-2082.00,Tapers,4.C.3.d.8,Duration of Typical Work Week,CTP,Context (Categories 1-3),1,14.57,21,8.7887,3.7647,42.6565,N,,07/2015,Incumbent
47-2082.00,Tapers,4.C.3.d.8,Duration of Typical Work Week,CTP,Context (Categories 1-3),2,74.90,21,11.5845,45.2131,91.5193,N,,07/2015,Incumbent
47-2082.00,Tapers,4.C.3.d.8,Duration of Typical Work Week,CTP,Context (Categories 1-3),3,10.53,21,10.1658,1.2229,52.7844,N,,07/2015,Incumbent
47-2111.00,Electricians,4.C.3.d.8,Duration of Typical Work Week,CT,Context,,2.35,18,0.2026,1.9260,2.7810,N,,08/2022,Incumbent
47-2111.00,Electricians,4.C.3.d.8,Duration of Typical Work Week,CTP,Context (Categories 1-3),1,0.00,18,0.0000,,,N,,08/2022,Incumbent
47-2111.00,Electricians,4.C.3.d.8,Duration of Typical Work Week,CTP,Context (Categories 1-3),2,64.65,18,20.2619,21.9808,92.2330,Y,,08/2022,Incumbent
47-2111.00,Electricians,4.C.3.d.8,Duration of Typical Work Week,CTP,Context (Categories 1-3),3,35.35,18,20.2619,7.7670,78.0192,Y,,08/2022,Incumbent
47-2121.00,Glaziers,4.C.3.d.8,Duration of Typical Work Week,CT,Context,,2.13,26,0.1408,1.8435,2.4233,N,,08/2023,Incumbent
47-2121.00,Glaziers,4.C.3.d.8,Duration of Typical Work Week,CTP,Context (Categories 1-3),1,9.26,26,6.9433,1.8274,35.8825,N,,08/2023,Incumbent
47-2121.00,Glaziers,4.C.3.d.8,Duration of Typical Work Week,CTP,Context (Categories 1-3),2,68.13,26,11.3902,42.0543,86.2989,N,,08/2023,Incumbent
47-2121.00,Glaziers,4.C.3.d.8,Duration of Typical Work Week,CTP,Context (Categories 1-3),3,22.61,26,10.7575,7.6064,50.8910,N,,08/2023,Incumbent
47-2131.00,"Insulation Workers, Floor, Ceiling, and Wall",4.C.3.d.8,Duration of Typical Work Week,CT,Context,,1.99,22,0.1194,1.7451,2.2419,N,,07/2015,Incumbent
47-2131.00,"Insulation Workers, Floor, Ceiling, and Wall",4.C.3.d.8,Duration of Typical Work Week,CTP,Context (Categories 1-3),1,16.76,22,10.1463,4.2509,47.7447,N,,07/2015,Incumbent
47-2131.00,"Insulation Workers, Floor, Ceiling, and Wall",4.C.3.d.8,Duration of Typical Work Week,CTP,Context (Categories 1-3),2,67.12,22,14.1301,35.0264,88.5459,N,,07/2015,Incumbent
47-2131.00,"Insulation Workers, Floor, Ceiling, and Wall",4.C.3.d.8,Duration of Typical Work Week,CTP,Context (Categories 1-3),3,16.12,22,8.2595,5.1159,40.6356,N,,07/2015,Incumbent
47-2132.00,"Insulation Workers, Mechanical",4.C.3.d.8,Duration of Typical Work Week,CT,Context,,2.26,30,0.1048,2.0447,2.4735,N,,08/2023,Incumbent
47-2132.00,"Insulation Workers, Mechanical",4.C.3.d.8,Duration of Typical Work Week,CTP,Context (Categories 1-3),1,0.00,30,0.0000,,,N,,08/2023,Incumbent
47-2132.00,"Insulation Workers, Mechanical",4.C.3.d.8,Duration of Typical Work Week,CTP,Context (Categories 1-3),2,74.09,30,10.4836,48.3437,89.7300,N,,08/2023,Incumbent
47-2132.00,"Insulation Workers, Mechanical",4.C.3.d.8,Duration of Typical Work Week,CTP,Context (Categories 1-3),3,25.91,30,10.4836,10.2700,51.6563,N,,08/2023,Incumbent
47-2141.00,"Painters, Construction and Maintenance",4.C.3.d.8,Duration of Typical Work Week,CT,Context,,1.99,20,0.2281,1.5163,2.4712,N,,08/2025,Incumbent
47-2141.00,"Painters, Construction and Maintenance",4.C.3.d.8,Duration of Typical Work Week,CTP,Context (Categories 1-3),1,17.03,20,17.7643,1.4564,74.0353,Y,,08/2025,Incumbent
47-2141.00,"Painters, Construction and Maintenance",4.C.3.d.8,Duration of Typical Work Week,CTP,Context (Categories 1-3),2,66.56,20,23.7009,17.6484,94.8695,Y,,08/2025,Incumbent
47-2141.00,"Painters, Construction and Maintenance",4.C.3.d.8,Duration of Typical Work Week,CTP,Context (Categories 1-3),3,16.41,20,15.0155,1.9455,65.9997,Y,,08/2025,Incumbent
47-2142.00,Paperhangers,4.C.3.d.8,Duration of Typical Work Week,CT,Context,,2.12,26,0.0805,1.9578,2.2893,N,,06/2008,Incumbent
47-2142.00,Paperhangers,4.C.3.d.8,Duration of Typical Work Week,CTP,Context (Categories 1-3),1,2.71,26,2.1160,0.5323,12.6908,N,,06/2008,Incumbent
47-2142.00,Paperhangers,4.C.3.d.8,Duration of Typical Work Week,CTP,Context (Categories 1-3),2,82.22,26,8.6594,57.7210,93.9973,N,,06/2008,Incumbent
47-2142.00,Paperhangers,4.C.3.d.8,Duration of Typical Work Week,CTP,Context (Categories 1-3),3,15.07,26,8.0881,4.6052,39.4690,N,,06/2008,Incumbent
47-2151.00,Pipelayers,4.C.3.d.8,Duration of Typical Work Week,CT,Context,,2.17,14,0.1076,1.9415,2.4062,N,,08/2025,Incumbent
47-2151.00,Pipelayers,4.C.3.d.8,Duration of Typical Work Week,CTP,Context (Categories 1-3),1,0.00,14,0.0000,,,Y,,08/2025,Incumbent
47-2151.00,Pipelayers,4.C.3.d.8,Duration of Typical Work Week,CTP,Context (Categories 1-3),2,82.62,14,10.7552,48.5209,95.9949,N,,08/2025,Incumbent
47-2151.00,Pipelayers,4.C.3.d.8,Duration of Typical Work Week,CTP,Context (Categories 1-3),3,17.38,14,10.7552,4.0051,51.4791,N,,08/2025,Incumbent
47-2152.00,"Plumbers, Pipefitters, and Steamfitters",4.C.3.d.8,Duration of Typical Work Week,CT,Context,,2.27,45,0.1381,1.9925,2.5490,N,,08/2022,Incumbent
47-2152.00,"Plumbers, Pipefitters, and Steamfitters",4.C.3.d.8,Duration of Typical Work Week,CTP,Context (Categories 1-3),1,0.00,45,0.0000,,,N,,08/2022,Incumbent
47-2152.00,"Plumbers, Pipefitters, and Steamfitters",4.C.3.d.8,Duration of Typical Work Week,CTP,Context (Categories 1-3),2,72.93,45,13.8053,39.6927,91.6837,N,,08/2022,Incumbent
47-2152.00,"Plumbers, Pipefitters, and Steamfitters",4.C.3.d.8,Duration of Typical Work Week,CTP,Context (Categories 1-3),3,27.07,45,13.8053,8.3163,60.3073,N,,08/2022,Incumbent
47-2152.04,Solar Thermal Installers and Technicians,4.C.3.d.8,Duration of Typical Work Week,CT,Context,,2.32,16,0.1774,1.9401,2.6963,N,,07/2015,Incumbent
47-2152.04,Solar Thermal Installers and Technicians,4.C.3.d.8,Duration of Typical Work Week,CTP,Context (Categories 1-3),1,8.53,16,5.6392,1.9568,30.3274,N,,07/2015,Incumbent
47-2152.04,Solar Thermal Installers and Technicians,4.C.3.d.8,Duration of Typical Work Week,CTP,Context (Categories 1-3),2,51.13,16,16.9144,19.8181,81.5769,N,,07/2015,Incumbent
47-2152.04,Solar Thermal Installers and Technicians,4.C.3.d.8,Duration of Typical Work Week,CTP,Context (Categories 1-3),3,40.35,16,16.3889,13.6762,74.2753,N,,07/2015,Incumbent
47-2161.00,Plasterers and Stucco Masons,4.C.3.d.8,Duration of Typical Work Week,CT,Context,,1.92,22,0.0955,1.7209,2.1183,N,,07/2015,Incumbent
47-2161.00,Plasterers and Stucco Masons,4.C.3.d.8,Duration of Typical Work Week,CTP,Context (Categories 1-3),1,11.02,22,8.6130,1.9559,43.4834,N,,07/2015,Incumbent
47-2161.00,Plasterers and Stucco Masons,4.C.3.d.8,Duration of Typical Work Week,CTP,Context (Categories 1-3),2,85.99,22,8.7034,57.7381,96.5024,N,,07/2015,Incumbent
47-2161.00,Plasterers and Stucco Masons,4.C.3.d.8,Duration of Typical Work Week,CTP,Context (Categories 1-3),3,2.98,22,3.0557,0.3410,21.6493,N,,07/2015,Incumbent
47-2171.00,Reinforcing Iron and Rebar Workers,4.C.3.d.8,Duration of Typical Work Week,CT,Context,,1.72,21,0.1544,1.3976,2.0419,N,,07/2015,Incumbent
47-2171.00,Reinforcing Iron and Rebar Workers,4.C.3.d.8,Duration of Typical Work Week,CTP,Context (Categories 1-3),1,28.03,21,15.4449,7.3076,65.7914,N,,07/2015,Incumbent
47-2171.00,Reinforcing Iron and Rebar Workers,4.C.3.d.8,Duration of Typical Work Week,CTP,Context (Categories 1-3),2,71.97,21,15.4449,34.2086,92.6924,N,,07/2015,Incumbent
47-2171.00,Reinforcing Iron and Rebar Workers,4.C.3.d.8,Duration of Typical Work Week,CTP,Context (Categories 1-3),3,0.00,21,0.0000,,,N,,07/2015,Incumbent
47-2181.00,Roofers,4.C.3.d.8,Duration of Typical Work Week,CT,Context,,2.12,21,0.2233,1.6495,2.5810,N,,07/2015,Incumbent
47-2181.00,Roofers,4.C.3.d.8,Duration of Typical Work Week,CTP,Context (Categories 1-3),1,21.86,21,13.2742,5.2421,58.5939,N,,07/2015,Incumbent
47-2181.00,Roofers,4.C.3.d.8,Duration of Typical Work Week,CTP,Context (Categories 1-3),2,44.75,21,12.6278,21.8218,70.1550,N,,07/2015,Incumbent
47-2181.00,Roofers,4.C.3.d.8,Duration of Typical Work Week,CTP,Context (Categories 1-3),3,33.39,21,12.3603,13.5857,61.5038,N,,07/2015,Incumbent
47-2211.00,Sheet Metal Workers,4.C.3.d.8,Duration of Typical Work Week,CT,Context,,2.28,15,0.1724,1.9098,2.6494,N,,08/2023,Incumbent
47-2211.00,Sheet Metal Workers,4.C.3.d.8,Duration of Typical Work Week,CTP,Context (Categories 1-3),1,0.00,15,0.0000,,,N,,08/2023,Incumbent
47-2211.00,Sheet Metal Workers,4.C.3.d.8,Duration of Typical Work Week,CTP,Context (Categories 1-3),2,72.04,15,17.2423,29.1202,94.1713,N,,08/2023,Incumbent
47-2211.00,Sheet Metal Workers,4.C.3.d.8,Duration of Typical Work Week,CTP,Context (Categories 1-3),3,27.96,15,17.2423,5.8287,70.8798,N,,08/2023,Incumbent
47-2221.00,Structural Iron and Steel Workers,4.C.3.d.8,Duration of Typical Work Week,CT,Context,,2.32,39,0.1118,2.0964,2.5490,N,,07/2015,Incumbent
47-2221.00,Structural Iron and Steel Workers,4.C.3.d.8,Duration of Typical Work Week,CTP,Context (Categories 1-3),1,5.38,39,5.2853,0.6901,31.7500,N,,07/2015,Incumbent
47-2221.00,Structural Iron and Steel Workers,4.C.3.d.8,Duration of Typical Work Week,CTP,Context (Categories 1-3),2,56.97,39,7.3985,41.8144,70.9205,N,,07/2015,Incumbent
47-2221.00,Structural Iron and Steel Workers,4.C.3.d.8,Duration of Typical Work Week,CTP,Context (Categories 1-3),3,37.65,39,7.8687,23.4529,54.3443,N,,07/2015,Incumbent
47-2231.00,Solar Photovoltaic Installers,4.C.3.d.8,Duration of Typical Work Week,CT,Context,,2.12,24,0.1714,1.7618,2.4709,N,,08/2024,Incumbent
47-2231.00,Solar Photovoltaic Installers,4.C.3.d.8,Duration of Typical Work Week,CTP,Context (Categories 1-3),1,14.85,24,10.0633,3.2549,47.4985,N,,08/2024,Incumbent
47-2231.00,Solar Photovoltaic Installers,4.C.3.d.8,Duration of Typical Work Week,CTP,Context (Categories 1-3),2,58.66,24,12.7953,32.2629,80.8646,N,,08/2024,Incumbent
47-2231.00,Solar Photovoltaic Installers,4.C.3.d.8,Duration of Typical Work Week,CTP,Context (Categories 1-3),3,26.49,24,11.2888,9.7972,54.4523,N,,08/2024,Incumbent
47-3011.00,"Helpers--Brickmasons, Blockmasons, Stonemasons, and Tile and Marble Setters",4.C.3.d.8,Duration of Typical Work Week,CT,Context,,2.03,21,0.1643,1.6839,2.3694,N,,07/2013,Incumbent
47-3011.00,"Helpers--Brickmasons, Blockmasons, Stonemasons, and Tile and Marble Setters",4.C.3.d.8,Duration of Typical Work Week,CTP,Context (Categories 1-3),1,21.64,21,11.2469,6.4745,52.4170,N,,07/2013,Incumbent
47-3011.00,"Helpers--Brickmasons, Blockmasons, Stonemasons, and Tile and Marble Setters",4.C.3.d.8,Duration of Typical Work Week,CTP,Context (Categories 1-3),2,54.05,21,14.0352,26.5751,79.2715,N,,07/2013,Incumbent
47-3011.00,"Helpers--Brickmasons, Blockmasons, Stonemasons, and Tile and Marble Setters",4.C.3.d.8,Duration of Typical Work Week,CTP,Context (Categories 1-3),3,24.31,21,10.3442,9.0397,50.9207,N,,07/2013,Incumbent
47-3012.00,Helpers--Carpenters,4.C.3.d.8,Duration of Typical Work Week,CT,Context,,2.06,21,0.2134,1.6181,2.5084,N,,07/2013,Incumbent
47-3012.00,Helpers--Carpenters,4.C.3.d.8,Duration of Typical Work Week,CTP,Context (Categories 1-3),1,20.52,21,11.3596,5.6928,52.4669,N,,07/2013,Incumbent
47-3012.00,Helpers--Carpenters,4.C.3.d.8,Duration of Typical Work Week,CTP,Context (Categories 1-3),2,52.64,21,13.2830,26.7825,77.1560,N,,07/2013,Incumbent
47-3012.00,Helpers--Carpenters,4.C.3.d.8,Duration of Typical Work Week,CTP,Context (Categories 1-3),3,26.84,21,13.6700,7.9093,61.0511,N,,07/2013,Incumbent
47-3013.00,Helpers--Electricians,4.C.3.d.8,Duration of Typical Work Week,CT,Context,,1.98,24,0.0408,1.8977,2.0664,N,,08/2023,Incumbent
47-3013.00,Helpers--Electricians,4.C.3.d.8,Duration of Typical Work Week,CTP,Context (Categories 1-3),1,3.94,24,3.9967,0.4579,26.7344,N,,08/2023,Incumbent
47-3013.00,Helpers--Electricians,4.C.3.d.8,Duration of Typical Work Week,CTP,Context (Categories 1-3),2,93.92,24,4.5598,74.7528,98.7749,N,,08/2023,Incumbent
47-3013.00,Helpers--Electricians,4.C.3.d.8,Duration of Typical Work Week,CTP,Context (Categories 1-3),3,2.14,24,1.6530,0.4270,10.0591,N,,08/2023,Incumbent
47-3014.00,"Helpers--Painters, Paperhangers, Plasterers, and Stucco Masons",4.C.3.d.8,Duration of Typical Work Week,CT,Context,,2.05,29,0.0386,1.9677,2.1259,N,,06/2007,Incumbent
47-3014.00,"Helpers--Painters, Paperhangers, Plasterers, and Stucco Masons",4.C.3.d.8,Duration of Typical Work Week,CTP,Context (Categories 1-3),1,1.85,29,1.8976,0.2195,13.8469,N,,06/2007,Incumbent
47-3014.00,"Helpers--Painters, Paperhangers, Plasterers, and Stucco Masons",4.C.3.d.8,Duration of Typical Work Week,CTP,Context (Categories 1-3),2,91.63,29,4.2748,77.7532,97.1639,N,,06/2007,Incumbent
47-3014.00,"Helpers--Painters, Paperhangers, Plasterers, and Stucco Masons",4.C.3.d.8,Duration of Typical Work Week,CTP,Context (Categories 1-3),3,6.53,29,3.6038,2.0403,18.9731,N,,06/2007,Incumbent
47-3015.00,"Helpers--Pipelayers, Plumbers, Pipefitters, and Steamfitters",4.C.3.d.8,Duration of Typical Work Week,CT,Context,,2.33,19,0.1280,2.0612,2.5991,N,,07/2011,Incumbent
47-3015.00,"Helpers--Pipelayers, Plumbers, Pipefitters, and Steamfitters",4.C.3.d.8,Duration of Typical Work Week,CTP,Context (Categories 1-3),1,0.00,19,0.0000,,,N,,07/2011,Incumbent
47-3015.00,"Helpers--Pipelayers, Plumbers, Pipefitters, and Steamfitters",4.C.3.d.8,Duration of Typical Work Week,CTP,Context (Categories 1-3),2,66.99,19,12.8008,37.5547,87.2557,N,,07/2011,Incumbent
47-3015.00,"Helpers--Pipelayers, Plumbers, Pipefitters, and Steamfitters",4.C.3.d.8,Duration of Typical Work Week,CTP,Context (Categories 1-3),3,33.01,19,12.8008,12.7443,62.4453,N,,07/2011,Incumbent
47-3016.00,Helpers--Roofers,4.C.3.d.8,Duration of Typical Work Week,CT,Context,,2.01,30,0.2742,1.4510,2.5728,N,,06/2008,Incumbent
47-3016.00,Helpers--Roofers,4.C.3.d.8,Duration of Typical Work Week,CTP,Context (Categories 1-3),1,33.43,30,13.4474,12.7368,63.3470,N,,06/2008,Incumbent
47-3016.00,Helpers--Roofers,4.C.3.d.8,Duration of Typical Work Week,CTP,Context (Categories 1-3),2,31.94,30,12.5432,12.6032,60.4352,N,,06/2008,Incumbent
47-3016.00,Helpers--Roofers,4.C.3.d.8,Duration of Typical Work Week,CTP,Context (Categories 1-3),3,34.62,30,16.5494,10.6132,70.2600,N,,06/2008,Incumbent
47-4011.00,Construction and Building Inspectors,4.C.3.d.8,Duration of Typical Work Week,CT,Context,,2.04,25,,,,,,08/2024,Occupational Expert
47-4011.00,Construction and Building Inspectors,4.C.3.d.8,Duration of Typical Work Week,CTP,Context (Categories 1-3),1,16.00,25,,,,,,08/2024,Occupational Expert
47-4011.00,Construction and Building Inspectors,4.C.3.d.8,Duration of Typical Work Week,CTP,Context (Categories 1-3),2,64.00,25,,,,,,08/2024,Occupational Expert
47-4011.00,Construction and Building Inspectors,4.C.3.d.8,Duration of Typical Work Week,CTP,Context (Categories 1-3),3,20.00,25,,,,,,08/2024,Occupational Expert
47-4011.01,Energy Auditors,4.C.3.d.8,Duration of Typical Work Week,CT,Context,,2.31,29,,,,,,08/2022,Occupational Expert
47-4011.01,Energy Auditors,4.C.3.d.8,Duration of Typical Work Week,CTP,Context (Categories 1-3),1,3.45,29,,,,,,08/2022,Occupational Expert
47-4011.01,Energy Auditors,4.C.3.d.8,Duration of Typical Work Week,CTP,Context (Categories 1-3),2,62.07,29,,,,,,08/2022,Occupational Expert
47-4011.01,Energy Auditors,4.C.3.d.8,Duration of Typical Work Week,CTP,Context (Categories 1-3),3,34.48,29,,,,,,08/2022,Occupational Expert
47-4021.00,Elevator and Escalator Installers and Repairers,4.C.3.d.8,Duration of Typical Work Week,CT,Context,,2.74,19,0.0886,2.5549,2.9273,N,,08/2023,Incumbent
47-4021.00,Elevator and Escalator Installers and Repairers,4.C.3.d.8,Duration of Typical Work Week,CTP,Context (Categories 1-3),1,0.12,19,0.1337,0.0106,1.2765,N,,08/2023,Incumbent
47-4021.00,Elevator and Escalator Installers and Repairers,4.C.3.d.8,Duration of Typical Work Week,CTP,Context (Categories 1-3),2,25.66,19,8.8399,11.5326,47.7471,N,,08/2023,Incumbent
47-4021.00,Elevator and Escalator Installers and Repairers,4.C.3.d.8,Duration of Typical Work Week,CTP,Context (Categories 1-3),3,74.22,19,8.8509,52.1419,88.3873,N,,08/2023,Incumbent
47-4031.00,Fence Erectors,4.C.3.d.8,Duration of Typical Work Week,CT,Context,,2.11,18,0.1005,1.8971,2.3213,N,,08/2019,Incumbent
47-4031.00,Fence Erectors,4.C.3.d.8,Duration of Typical Work Week,CTP,Context (Categories 1-3),1,0.00,18,0.0000,,,N,,08/2019,Incumbent
47-4031.00,Fence Erectors,4.C.3.d.8,Duration of Typical Work Week,CTP,Context (Categories 1-3),2,89.08,18,10.0515,47.9713,98.6336,N,,08/2019,Incumbent
47-4031.00,Fence Erectors,4.C.3.d.8,Duration of Typical Work Week,CTP,Context (Categories 1-3),3,10.92,18,10.0515,1.3664,52.0287,N,,08/2019,Incumbent
47-4041.00,Hazardous Materials Removal Workers,4.C.3.d.8,Duration of Typical Work Week,CT,Context,,2.05,21,0.0266,1.9918,2.1026,N,,07/2015,Incumbent
47-4041.00,Hazardous Materials Removal Workers,4.C.3.d.8,Duration of Typical Work Week,CTP,Context (Categories 1-3),1,13.12,21,9.6487,2.5203,46.8845,N,,07/2015,Incumbent
47-4041.00,Hazardous Materials Removal Workers,4.C.3.d.8,Duration of Typical Work Week,CTP,Context (Categories 1-3),2,69.03,21,19.6048,24.7619,93.7876,Y,,07/2015,Incumbent
47-4041.00,Hazardous Materials Removal Workers,4.C.3.d.8,Duration of Typical Work Week,CTP,Context (Categories 1-3),3,17.84,21,10.1293,4.8886,47.8602,N,,07/2015,Incumbent
47-4051.00,Highway Maintenance Workers,4.C.3.d.8,Duration of Typical Work Week,CT,Context,,2.01,27,0.0071,1.9941,2.0232,N,,07/2017,Incumbent
47-4051.00,Highway Maintenance Workers,4.C.3.d.8,Duration of Typical Work Week,CTP,Context (Categories 1-3),1,0.00,27,0.0000,,,N,,07/2017,Incumbent
47-4051.00,Highway Maintenance Workers,4.C.3.d.8,Duration of Typical Work Week,CTP,Context (Categories 1-3),2,99.14,27,0.7072,95.4550,99.8412,N,,07/2017,Incumbent
47-4051.00,Highway Maintenance Workers,4.C.3.d.8,Duration of Typical Work Week,CTP,Context (Categories 1-3),3,0.86,27,0.7072,0.1588,4.5450,N,,07/2017,Incumbent
47-4061.00,Rail-Track Laying and Maintenance Equipment Operators,4.C.3.d.8,Duration of Typical Work Week,CT,Context,,2.45,23,0.1029,2.2359,2.6629,N,,07/2015,Incumbent
47-4061.00,Rail-Track Laying and Maintenance Equipment Operators,4.C.3.d.8,Duration of Typical Work Week,CTP,Context (Categories 1-3),1,0.00,23,0.0000,,,N,,07/2015,Incumbent
47-4061.00,Rail-Track Laying and Maintenance Equipment Operators,4.C.3.d.8,Duration of Typical Work Week,CTP,Context (Categories 1-3),2,55.06,23,10.2948,34.0811,74.3839,N,,07/2015,Incumbent
47-4061.00,Rail-Track Laying and Maintenance Equipment Operators,4.C.3.d.8,Duration of Typical Work Week,CTP,Context (Categories 1-3),3,44.94,23,10.2948,25.6161,65.9189,N,,07/2015,Incumbent
47-4071.00,Septic Tank Servicers and Sewer Pipe Cleaners,4.C.3.d.8,Duration of Typical Work Week,CT,Context,,2.60,23,0.1551,2.2816,2.9251,N,,07/2017,Incumbent
47-4071.00,Septic Tank Servicers and Sewer Pipe Cleaners,4.C.3.d.8,Duration of Typical Work Week,CTP,Context (Categories 1-3),1,0.00,23,0.0000,,,N,,07/2017,Incumbent
47-4071.00,Septic Tank Servicers and Sewer Pipe Cleaners,4.C.3.d.8,Duration of Typical Work Week,CTP,Context (Categories 1-3),2,39.66,23,15.5140,14.6284,71.6027,N,,07/2017,Incumbent
47-4071.00,Septic Tank Servicers and Sewer Pipe Cleaners,4.C.3.d.8,Duration of Typical Work Week,CTP,Context (Categories 1-3),3,60.34,23,15.5140,28.3973,85.3716,N,,07/2017,Incumbent
47-4091.00,Segmental Pavers,4.C.3.d.8,Duration of Typical Work Week,CT,Context,,2.59,19,0.2867,1.9858,3.0000,N,,06/2008,Incumbent
47-4091.00,Segmental Pavers,4.C.3.d.8,Duration of Typical Work Week,CTP,Context (Categories 1-3),1,0.00,19,0.0000,,,N,,06/2008,Incumbent
47-4091.00,Segmental Pavers,4.C.3.d.8,Duration of Typical Work Week,CTP,Context (Categories 1-3),2,41.19,19,28.6680,5.5066,89.3805,Y,,06/2008,Incumbent
47-4091.00,Segmental Pavers,4.C.3.d.8,Duration of Typical Work Week,CTP,Context (Categories 1-3),3,58.81,19,28.6680,10.6195,94.4934,Y,,06/2008,Incumbent
47-4099.03,Weatherization Installers and Technicians,4.C.3.d.8,Duration of Typical Work Week,CT,Context,,2.04,23,,,,,,08/2020,Occupational Expert
47-4099.03,Weatherization Installers and Technicians,4.C.3.d.8,Duration of Typical Work Week,CTP,Context (Categories 1-3),1,4.35,23,,,,,,08/2020,Occupational Expert
47-4099.03,Weatherization Installers and Technicians,4.C.3.d.8,Duration of Typical Work Week,CTP,Context (Categories 1-3),2,86.96,23,,,,,,08/2020,Occupational Expert
47-4099.03,Weatherization Installers and Technicians,4.C.3.d.8,Duration of Typical Work Week,CTP,Context (Categories 1-3),3,8.70,23,,,,,,08/2020,Occupational Expert
47-5011.00,"Derrick Operators, Oil and Gas",4.C.3.d.8,Duration of Typical Work Week,CT,Context,,2.98,17,0.0181,2.9445,3.0000,N,,06/2006,Incumbent
47-5011.00,"Derrick Operators, Oil and Gas",4.C.3.d.8,Duration of Typical Work Week,CTP,Context (Categories 1-3),1,0.86,17,0.9045,0.0905,7.6244,N,,06/2006,Incumbent
47-5011.00,"Derrick Operators, Oil and Gas",4.C.3.d.8,Duration of Typical Work Week,CTP,Context (Categories 1-3),2,0.00,17,0.0000,,,N,,06/2006,Incumbent
47-5011.00,"Derrick Operators, Oil and Gas",4.C.3.d.8,Duration of Typical Work Week,CTP,Context (Categories 1-3),3,99.14,17,0.9045,92.3756,99.9095,N,,06/2006,Incumbent
47-5012.00,"Rotary Drill Operators, Oil and Gas",4.C.3.d.8,Duration of Typical Work Week,CT,Context,,2.97,27,0.0229,2.9275,3.0000,N,,12/2005,Incumbent
47-5012.00,"Rotary Drill Operators, Oil and Gas",4.C.3.d.8,Duration of Typical Work Week,CTP,Context (Categories 1-3),1,0.00,27,0.0000,,,N,,12/2005,Incumbent
47-5012.00,"Rotary Drill Operators, Oil and Gas",4.C.3.d.8,Duration of Typical Work Week,CTP,Context (Categories 1-3),2,2.55,27,2.2880,0.3916,14.8067,N,,12/2005,Incumbent
47-5012.00,"Rotary Drill Operators, Oil and Gas",4.C.3.d.8,Duration of Typical Work Week,CTP,Context (Categories 1-3),3,97.45,27,2.2880,85.1933,99.6084,N,,12/2005,Incumbent
47-5013.00,"Service Unit Operators, Oil and Gas",4.C.3.d.8,Duration of Typical Work Week,CT,Context,,2.86,18,0.1012,2.6514,3.0000,N,,07/2013,Incumbent
47-5013.00,"Service Unit Operators, Oil and Gas",4.C.3.d.8,Duration of Typical Work Week,CTP,Context (Categories 1-3),1,0.00,18,0.0000,,,N,,07/2013,Incumbent
47-5013.00,"Service Unit Operators, Oil and Gas",4.C.3.d.8,Duration of Typical Work Week,CTP,Context (Categories 1-3),2,13.51,18,10.1178,2.4533,49.2549,N,,07/2013,Incumbent
47-5013.00,"Service Unit Operators, Oil and Gas",4.C.3.d.8,Duration of Typical Work Week,CTP,Context (Categories 1-3),3,86.49,18,10.1178,50.7451,97.5467,N,,07/2013,Incumbent
47-5022.00,"Excavating and Loading Machine and Dragline Operators, Surface Mining",4.C.3.d.8,Duration of Typical Work Week,CT,Context,,2.81,27,0.0770,2.6475,2.9641,N,,07/2013,Incumbent
47-5022.00,"Excavating and Loading Machine and Dragline Operators, Surface Mining",4.C.3.d.8,Duration of Typical Work Week,CTP,Context (Categories 1-3),1,0.00,27,0.0000,,,N,,07/2013,Incumbent
47-5022.00,"Excavating and Loading Machine and Dragline Operators, Surface Mining",4.C.3.d.8,Duration of Typical Work Week,CTP,Context (Categories 1-3),2,19.42,27,7.7023,8.0547,39.8607,N,,07/2013,Incumbent
47-5022.00,"Excavating and Loading Machine and Dragline Operators, Surface Mining",4.C.3.d.8,Duration of Typical Work Week,CTP,Context (Categories 1-3),3,80.58,27,7.7023,60.1393,91.9453,N,,07/2013,Incumbent
47-5023.00,"Earth Drillers, Except Oil and Gas",4.C.3.d.8,Duration of Typical Work Week,CT,Context,,2.53,20,0.1350,2.2428,2.8077,N,,07/2017,Incumbent
47-5023.00,"Earth Drillers, Except Oil and Gas",4.C.3.d.8,Duration of Typical Work Week,CTP,Context (Categories 1-3),1,0.00,20,0.0000,,,N,,07/2017,Incumbent
47-5023.00,"Earth Drillers, Except Oil and Gas",4.C.3.d.8,Duration of Typical Work Week,CTP,Context (Categories 1-3),2,47.48,20,13.4966,22.5499,73.7258,N,,07/2017,Incumbent
47-5023.00,"Earth Drillers, Except Oil and Gas",4.C.3.d.8,Duration of Typical Work Week,CTP,Context (Categories 1-3),3,52.52,20,13.4966,26.2742,77.4501,N,,07/2017,Incumbent
47-5032.00,"Explosives Workers, Ordnance Handling Experts, and Blasters",4.C.3.d.8,Duration of Typical Work Week,CT,Context,,2.54,24,,,,,,06/2006,Occupational Expert
47-5032.00,"Explosives Workers, Ordnance Handling Experts, and Blasters",4.C.3.d.8,Duration of Typical Work Week,CTP,Context (Categories 1-3),1,4.17,24,,,,,,06/2006,Occupational Expert
47-5032.00,"Explosives Workers, Ordnance Handling Experts, and Blasters",4.C.3.d.8,Duration of Typical Work Week,CTP,Context (Categories 1-3),2,37.50,24,,,,,,06/2006,Occupational Expert
47-5032.00,"Explosives Workers, Ordnance Handling Experts, and Blasters",4.C.3.d.8,Duration of Typical Work Week,CTP,Context (Categories 1-3),3,58.33,24,,,,,,06/2006,Occupational Expert
47-5041.00,Continuous Mining Machine Operators,4.C.3.d.8,Duration of Typical Work Week,CT,Context,,2.47,21,0.1698,2.1145,2.8229,N,,07/2016,Incumbent
47-5041.00,Continuous Mining Machine Operators,4.C.3.d.8,Duration of Typical Work Week,CTP,Context (Categories 1-3),1,0.00,21,0.0000,,,N,,07/2016,Incumbent
47-5041.00,Continuous Mining Machine Operators,4.C.3.d.8,Duration of Typical Work Week,CTP,Context (Categories 1-3),2,53.13,21,16.9800,21.4661,82.4574,N,,07/2016,Incumbent
47-5041.00,Continuous Mining Machine Operators,4.C.3.d.8,Duration of Typical Work Week,CTP,Context (Categories 1-3),3,46.87,21,16.9800,17.5426,78.5339,N,,07/2016,Incumbent
47-5043.00,"Roof Bolters, Mining",4.C.3.d.8,Duration of Typical Work Week,CT,Context,,2.99,15,0.0134,2.9595,3.0000,N,,07/2017,Incumbent
47-5043.00,"Roof Bolters, Mining",4.C.3.d.8,Duration of Typical Work Week,CTP,Context (Categories 1-3),1,0.00,15,0.0000,,,N,,07/2017,Incumbent
47-5043.00,"Roof Bolters, Mining",4.C.3.d.8,Duration of Typical Work Week,CTP,Context (Categories 1-3),2,1.18,15,1.3378,0.1014,12.2897,N,,07/2017,Incumbent
47-5043.00,"Roof Bolters, Mining",4.C.3.d.8,Duration of Typical Work Week,CTP,Context (Categories 1-3),3,98.82,15,1.3378,87.7103,99.8986,N,,07/2017,Incumbent
47-5044.00,"Loading and Moving Machine Operators, Underground Mining",4.C.3.d.8,Duration of Typical Work Week,CT,Context,,2.79,38,0.0762,2.6379,2.9465,N,,08/2022,Incumbent
47-5044.00,"Loading and Moving Machine Operators, Underground Mining",4.C.3.d.8,Duration of Typical Work Week,CTP,Context (Categories 1-3),1,0.00,38,0.0000,,,N,,08/2022,Incumbent
47-5044.00,"Loading and Moving Machine Operators, Underground Mining",4.C.3.d.8,Duration of Typical Work Week,CTP,Context (Categories 1-3),2,20.78,38,7.6155,9.3152,40.1088,N,,08/2022,Incumbent
47-5044.00,"Loading and Moving Machine Operators, Underground Mining",4.C.3.d.8,Duration of Typical Work Week,CTP,Context (Categories 1-3),3,79.22,38,7.6155,59.8912,90.6848,N,,08/2022,Incumbent
47-5051.00,"Rock Splitters, Quarry",4.C.3.d.8,Duration of Typical Work Week,CT,Context,,2.07,14,0.1492,1.7518,2.3966,N,,06/2008,Incumbent
47-5051.00,"Rock Splitters, Quarry",4.C.3.d.8,Duration of Typical Work Week,CTP,Context (Categories 1-3),1,8.87,14,7.7312,1.2191,43.4474,N,,06/2008,Incumbent
47-5051.00,"Rock Splitters, Quarry",4.C.3.d.8,Duration of Typical Work Week,CTP,Context (Categories 1-3),2,74.83,14,10.9465,45.8598,91.2557,N,,06/2008,Incumbent
47-5051.00,"Rock Splitters, Quarry",4.C.3.d.8,Duration of Typical Work Week,CTP,Context (Categories 1-3),3,16.30,14,10.5585,3.5273,50.8972,N,,06/2008,Incumbent
47-5071.00,"Roustabouts, Oil and Gas",4.C.3.d.8,Duration of Typical Work Week,CT,Context,,2.45,17,0.2309,1.9554,2.9346,N,,08/2023,Incumbent
47-5071.00,"Roustabouts, Oil and Gas",4.C.3.d.8,Duration of Typical Work Week,CTP,Context (Categories 1-3),1,0.52,17,0.5606,0.0517,4.9722,N,,08/2023,Incumbent
47-5071.00,"Roustabouts, Oil and Gas",4.C.3.d.8,Duration of Typical Work Week,CTP,Context (Categories 1-3),2,54.46,17,23.0809,14.2602,89.5852,Y,,08/2023,Incumbent
47-5071.00,"Roustabouts, Oil and Gas",4.C.3.d.8,Duration of Typical Work Week,CTP,Context (Categories 1-3),3,45.02,17,23.0810,10.1857,85.5309,Y,,08/2023,Incumbent
47-5081.00,Helpers--Extraction Workers,4.C.3.d.8,Duration of Typical Work Week,CT,Context,,2.93,16,0.0475,2.8267,3.0000,N,,08/2018,Incumbent
47-5081.00,Helpers--Extraction Workers,4.C.3.d.8,Duration of Typical Work Week,CTP,Context (Categories 1-3),1,1.73,16,1.8294,0.1784,14.8265,N,,08/2018,Incumbent
47-5081.00,Helpers--Extraction Workers,4.C.3.d.8,Duration of Typical Work Week,CTP,Context (Categories 1-3),2,3.74,16,3.0389,0.6406,19.0066,N,,08/2018,Incumbent
47-5081.00,Helpers--Extraction Workers,4.C.3.d.8,Duration of Typical Work Week,CTP,Context (Categories 1-3),3,94.52,16,3.5415,80.0630,98.6695,N,,08/2018,Incumbent
49-1011.00,"First-Line Supervisors of Mechanics, Installers, and Repairers",4.C.3.d.8,Duration of Typical Work Week,CT,Context,,2.53,45,0.1652,2.1980,2.8640,N,,08/2021,Incumbent
49-1011.00,"First-Line Supervisors of Mechanics, Installers, and Repairers",4.C.3.d.8,Duration of Typical Work Week,CTP,Context (Categories 1-3),1,0.00,45,0.0000,,,N,,08/2021,Incumbent
49-1011.00,"First-Line Supervisors of Mechanics, Installers, and Repairers",4.C.3.d.8,Duration of Typical Work Week,CTP,Context (Categories 1-3),2,46.90,45,16.5234,18.8263,77.0829,N,,08/2021,Incumbent
49-1011.00,"First-Line Supervisors of Mechanics, Installers, and Repairers",4.C.3.d.8,Duration of Typical Work Week,CTP,Context (Categories 1-3),3,53.10,45,16.5234,22.9171,81.1737,N,,08/2021,Incumbent
49-2011.00,"Computer, Automated Teller, and Office Machine Repairers",4.C.3.d.8,Duration of Typical Work Week,CT,Context,,2.18,24,0.1090,1.9589,2.4099,N,,07/2015,Incumbent
49-2011.00,"Computer, Automated Teller, and Office Machine Repairers",4.C.3.d.8,Duration of Typical Work Week,CTP,Context (Categories 1-3),1,0.21,24,0.2248,0.0231,1.8915,N,,07/2015,Incumbent
49-2011.00,"Computer, Automated Teller, and Office Machine Repairers",4.C.3.d.8,Duration of Typical Work Week,CTP,Context (Categories 1-3),2,81.14,24,10.9582,49.4452,94.9807,N,,07/2015,Incumbent
49-2011.00,"Computer, Automated Teller, and Office Machine Repairers",4.C.3.d.8,Duration of Typical Work Week,CTP,Context (Categories 1-3),3,18.65,24,10.9266,4.9137,50.4228,N,,07/2015,Incumbent
49-2021.00,"Radio, Cellular, and Tower Equipment Installers and Repairers",4.C.3.d.8,Duration of Typical Work Week,CT,Context,,2.39,22,0.1415,2.0915,2.6800,N,,08/2022,Incumbent
49-2021.00,"Radio, Cellular, and Tower Equipment Installers and Repairers",4.C.3.d.8,Duration of Typical Work Week,CTP,Context (Categories 1-3),1,0.00,22,0.0000,,,N,,08/2022,Incumbent
49-2021.00,"Radio, Cellular, and Tower Equipment Installers and Repairers",4.C.3.d.8,Duration of Typical Work Week,CTP,Context (Categories 1-3),2,61.42,22,14.1476,31.5078,84.6433,N,,08/2022,Incumbent
49-2021.00,"Radio, Cellular, and Tower Equipment Installers and Repairers",4.C.3.d.8,Duration of Typical Work Week,CTP,Context (Categories 1-3),3,38.58,22,14.1476,15.3567,68.4922,N,,08/2022,Incumbent
49-2022.00,"Telecommunications Equipment Installers and Repairers, Except Line Installers",4.C.3.d.8,Duration of Typical Work Week,CT,Context,,2.19,21,0.1915,1.7861,2.5850,N,,07/2017,Incumbent
49-2022.00,"Telecommunications Equipment Installers and Repairers, Except Line Installers",4.C.3.d.8,Duration of Typical Work Week,CTP,Context (Categories 1-3),1,9.93,21,10.7463,0.8907,57.4809,N,,07/2017,Incumbent
49-2022.00,"Telecommunications Equipment Installers and Repairers, Except Line Installers",4.C.3.d.8,Duration of Typical Work Week,CTP,Context (Categories 1-3),2,61.59,21,18.4359,23.9852,89.0675,Y,,07/2017,Incumbent
49-2022.00,"Telecommunications Equipment Installers and Repairers, Except Line Installers",4.C.3.d.8,Duration of Typical Work Week,CTP,Context (Categories 1-3),3,28.48,21,15.4199,7.5888,65.8909,N,,07/2017,Incumbent
49-2091.00,Avionics Technicians,4.C.3.d.8,Duration of Typical Work Week,CT,Context,,2.56,29,0.1472,2.2575,2.8607,N,,07/2015,Incumbent
49-2091.00,Avionics Technicians,4.C.3.d.8,Duration of Typical Work Week,CTP,Context (Categories 1-3),1,0.00,29,0.0000,,,N,,07/2015,Incumbent
49-2091.00,Avionics Technicians,4.C.3.d.8,Duration of Typical Work Week,CTP,Context (Categories 1-3),2,44.09,29,14.7229,18.8347,72.8304,N,,07/2015,Incumbent
49-2091.00,Avionics Technicians,4.C.3.d.8,Duration of Typical Work Week,CTP,Context (Categories 1-3),3,55.91,29,14.7229,27.1696,81.1653,N,,07/2015,Incumbent
49-2092.00,"Electric Motor, Power Tool, and Related Repairers",4.C.3.d.8,Duration of Typical Work Week,CT,Context,,2.29,24,0.1904,1.8984,2.6861,N,,07/2017,Incumbent
49-2092.00,"Electric Motor, Power Tool, and Related Repairers",4.C.3.d.8,Duration of Typical Work Week,CTP,Context (Categories 1-3),1,8.72,24,7.5779,1.3172,40.6322,N,,07/2017,Incumbent
49-2092.00,"Electric Motor, Power Tool, and Related Repairers",4.C.3.d.8,Duration of Typical Work Week,CTP,Context (Categories 1-3),2,53.32,24,15.3586,24.1710,80.3717,N,,07/2017,Incumbent
49-2092.00,"Electric Motor, Power Tool, and Related Repairers",4.C.3.d.8,Duration of Typical Work Week,CTP,Context (Categories 1-3),3,37.95,24,15.5478,13.5000,70.5623,N,,07/2017,Incumbent
49-2093.00,"Electrical and Electronics Installers and Repairers, Transportation Equipment",4.C.3.d.8,Duration of Typical Work Week,CT,Context,,2.34,17,0.2342,1.8393,2.8323,N,,08/2019,Incumbent
49-2093.00,"Electrical and Electronics Installers and Repairers, Transportation Equipment",4.C.3.d.8,Duration of Typical Work Week,CTP,Context (Categories 1-3),1,7.01,17,4.1856,1.8959,22.7243,N,,08/2019,Incumbent
49-2093.00,"Electrical and Electronics Installers and Repairers, Transportation Equipment",4.C.3.d.8,Duration of Typical Work Week,CTP,Context (Categories 1-3),2,52.40,17,21.3842,15.1703,87.1432,Y,,08/2019,Incumbent
49-2093.00,"Electrical and Electronics Installers and Repairers, Transportation Equipment",4.C.3.d.8,Duration of Typical Work Week,CTP,Context (Categories 1-3),3,40.59,17,22.0312,8.9654,82.5742,Y,,08/2019,Incumbent
49-2094.00,"Electrical and Electronics Repairers, Commercial and Industrial Equipment",4.C.3.d.8,Duration of Typical Work Week,CT,Context,,2.44,20,0.1157,2.1956,2.6800,N,,08/2021,Incumbent
49-2094.00,"Electrical and Electronics Repairers, Commercial and Industrial Equipment",4.C.3.d.8,Duration of Typical Work Week,CTP,Context (Categories 1-3),1,0.00,20,0.0000,,,N,,08/2021,Incumbent
49-2094.00,"Electrical and Electronics Repairers, Commercial and Industrial Equipment",4.C.3.d.8,Duration of Typical Work Week,CTP,Context (Categories 1-3),2,56.22,20,11.5713,32.4352,77.4545,N,,08/2021,Incumbent
49-2094.00,"Electrical and Electronics Repairers, Commercial and Industrial Equipment",4.C.3.d.8,Duration of Typical Work Week,CTP,Context (Categories 1-3),3,43.78,20,11.5713,22.5455,67.5648,N,,08/2021,Incumbent
49-2095.00,"Electrical and Electronics Repairers, Powerhouse, Substation, and Relay",4.C.3.d.8,Duration of Typical Work Week,CT,Context,,2.34,28,0.1683,1.9903,2.6809,N,,07/2017,Incumbent
49-2095.00,"Electrical and Electronics Repairers, Powerhouse, Substation, and Relay",4.C.3.d.8,Duration of Typical Work Week,CTP,Context (Categories 1-3),1,0.00,28,0.0000,,,N,,07/2017,Incumbent
49-2095.00,"Electrical and Electronics Repairers, Powerhouse, Substation, and Relay",4.C.3.d.8,Duration of Typical Work Week,CTP,Context (Categories 1-3),2,66.44,28,16.8271,29.6194,90.3038,N,,07/2017,Incumbent
49-2095.00,"Electrical and Electronics Repairers, Powerhouse, Substation, and Relay",4.C.3.d.8,Duration of Typical Work Week,CTP,Context (Categories 1-3),3,33.56,28,16.8271,9.6962,70.3806,N,,07/2017,Incumbent
49-2096.00,"Electronic Equipment Installers and Repairers, Motor Vehicles",4.C.3.d.8,Duration of Typical Work Week,CT,Context,,2.73,24,0.0716,2.5819,2.8781,N,,07/2016,Incumbent
49-2096.00,"Electronic Equipment Installers and Repairers, Motor Vehicles",4.C.3.d.8,Duration of Typical Work Week,CTP,Context (Categories 1-3),1,1.69,24,1.3705,0.3114,8.6489,N,,07/2016,Incumbent
49-2096.00,"Electronic Equipment Installers and Repairers, Motor Vehicles",4.C.3.d.8,Duration of Typical Work Week,CTP,Context (Categories 1-3),2,23.62,24,6.5966,12.6741,39.7173,N,,07/2016,Incumbent
49-2096.00,"Electronic Equipment Installers and Repairers, Motor Vehicles",4.C.3.d.8,Duration of Typical Work Week,CTP,Context (Categories 1-3),3,74.69,24,6.7452,58.5170,86.0599,N,,07/2016,Incumbent
49-2097.00,Audiovisual Equipment Installers and Repairers,4.C.3.d.8,Duration of Typical Work Week,CT,Context,,1.96,15,0.1719,1.5924,2.3296,N,,08/2023,Incumbent
49-2097.00,Audiovisual Equipment Installers and Repairers,4.C.3.d.8,Duration of Typical Work Week,CTP,Context (Categories 1-3),1,16.67,15,11.8701,3.1001,55.5662,N,,08/2023,Incumbent
49-2097.00,Audiovisual Equipment Installers and Repairers,4.C.3.d.8,Duration of Typical Work Week,CTP,Context (Categories 1-3),2,70.57,15,13.3147,37.7424,90.4590,N,,08/2023,Incumbent
49-2097.00,Audiovisual Equipment Installers and Repairers,4.C.3.d.8,Duration of Typical Work Week,CTP,Context (Categories 1-3),3,12.77,15,9.7693,2.1810,48.9927,N,,08/2023,Incumbent
49-2098.00,Security and Fire Alarm Systems Installers,4.C.3.d.8,Duration of Typical Work Week,CT,Context,,2.55,23,0.2023,2.1327,2.9719,N,,07/2015,Incumbent
49-2098.00,Security and Fire Alarm Systems Installers,4.C.3.d.8,Duration of Typical Work Week,CTP,Context (Categories 1-3),1,2.15,23,2.2755,0.2314,17.1803,N,,07/2015,Incumbent
49-2098.00,Security and Fire Alarm Systems Installers,4.C.3.d.8,Duration of Typical Work Week,CTP,Context (Categories 1-3),2,40.48,23,19.9563,10.8764,79.1195,Y,,07/2015,Incumbent
49-2098.00,Security and Fire Alarm Systems Installers,4.C.3.d.8,Duration of Typical Work Week,CTP,Context (Categories 1-3),3,57.38,23,19.9661,19.8468,87.9784,Y,,07/2015,Incumbent
49-3011.00,Aircraft Mechanics and Service Technicians,4.C.3.d.8,Duration of Typical Work Week,CT,Context,,2.24,21,0.1321,1.9612,2.5124,N,,08/2025,Incumbent
49-3011.00,Aircraft Mechanics and Service Technicians,4.C.3.d.8,Duration of Typical Work Week,CTP,Context (Categories 1-3),1,0.00,21,0.0000,,,N,,08/2025,Incumbent
49-3011.00,Aircraft Mechanics and Service Technicians,4.C.3.d.8,Duration of Typical Work Week,CTP,Context (Categories 1-3),2,76.32,21,13.2117,41.2265,93.6746,N,,08/2025,Incumbent
49-3011.00,Aircraft Mechanics and Service Technicians,4.C.3.d.8,Duration of Typical Work Week,CTP,Context (Categories 1-3),3,23.68,21,13.2117,6.3254,58.7735,N,,08/2025,Incumbent
49-3021.00,Automotive Body and Related Repairers,4.C.3.d.8,Duration of Typical Work Week,CT,Context,,2.66,16,0.1247,2.3944,2.9262,N,,08/2019,Incumbent
49-3021.00,Automotive Body and Related Repairers,4.C.3.d.8,Duration of Typical Work Week,CTP,Context (Categories 1-3),1,0.00,16,0.0000,,,N,,08/2019,Incumbent
49-3021.00,Automotive Body and Related Repairers,4.C.3.d.8,Duration of Typical Work Week,CTP,Context (Categories 1-3),2,33.97,16,12.4746,13.5885,62.7341,N,,08/2019,Incumbent
49-3021.00,Automotive Body and Related Repairers,4.C.3.d.8,Duration of Typical Work Week,CTP,Context (Categories 1-3),3,66.03,16,12.4746,37.2659,86.4115,N,,08/2019,Incumbent
49-3022.00,Automotive Glass Installers and Repairers,4.C.3.d.8,Duration of Typical Work Week,CT,Context,,2.13,16,0.1772,1.7568,2.5122,N,,07/2014,Incumbent
49-3022.00,Automotive Glass Installers and Repairers,4.C.3.d.8,Duration of Typical Work Week,CTP,Context (Categories 1-3),1,10.31,16,8.4952,1.5945,44.8964,N,,07/2014,Incumbent
49-3022.00,Automotive Glass Installers and Repairers,4.C.3.d.8,Duration of Typical Work Week,CTP,Context (Categories 1-3),2,65.94,16,16.2955,29.1954,90.0876,N,,07/2014,Incumbent
49-3022.00,Automotive Glass Installers and Repairers,4.C.3.d.8,Duration of Typical Work Week,CTP,Context (Categories 1-3),3,23.76,16,14.7504,5.2059,63.8694,N,,07/2014,Incumbent
49-3023.00,Automotive Service Technicians and Mechanics,4.C.3.d.8,Duration of Typical Work Week,CT,Context,,2.51,39,0.1180,2.2727,2.7503,N,,08/2022,Incumbent
49-3023.00,Automotive Service Technicians and Mechanics,4.C.3.d.8,Duration of Typical Work Week,CTP,Context (Categories 1-3),1,0.00,39,0.0000,,,N,,08/2022,Incumbent
49-3023.00,Automotive Service Technicians and Mechanics,4.C.3.d.8,Duration of Typical Work Week,CTP,Context (Categories 1-3),2,48.85,39,11.7951,26.8638,71.2940,N,,08/2022,Incumbent
49-3023.00,Automotive Service Technicians and Mechanics,4.C.3.d.8,Duration of Typical Work Week,CTP,Context (Categories 1-3),3,51.15,39,11.7951,28.7060,73.1362,N,,08/2022,Incumbent
49-3031.00,Bus and Truck Mechanics and Diesel Engine Specialists,4.C.3.d.8,Duration of Typical Work Week,CT,Context,,2.51,27,0.1612,2.1817,2.8446,N,,08/2022,Incumbent
49-3031.00,Bus and Truck Mechanics and Diesel Engine Specialists,4.C.3.d.8,Duration of Typical Work Week,CTP,Context (Categories 1-3),1,1.49,27,1.7352,0.1320,14.6991,N,,08/2022,Incumbent
49-3031.00,Bus and Truck Mechanics and Diesel Engine Specialists,4.C.3.d.8,Duration of Typical Work Week,CTP,Context (Categories 1-3),2,45.71,27,14.2483,20.5520,73.2675,N,,08/2022,Incumbent
49-3031.00,Bus and Truck Mechanics and Diesel Engine Specialists,4.C.3.d.8,Duration of Typical Work Week,CTP,Context (Categories 1-3),3,52.80,27,15.1155,24.3322,79.5581,N,,08/2022,Incumbent
49-3041.00,Farm Equipment Mechanics and Service Technicians,4.C.3.d.8,Duration of Typical Work Week,CT,Context,,2.43,31,0.1905,2.0385,2.8168,N,,08/2025,Incumbent
49-3041.00,Farm Equipment Mechanics and Service Technicians,4.C.3.d.8,Duration of Typical Work Week,CTP,Context (Categories 1-3),1,0.33,31,0.3355,0.0418,2.5775,N,,08/2025,Incumbent
49-3041.00,Farm Equipment Mechanics and Service Technicians,4.C.3.d.8,Duration of Typical Work Week,CTP,Context (Categories 1-3),2,56.57,31,19.0454,21.1027,86.3849,Y,,08/2025,Incumbent
49-3041.00,Farm Equipment Mechanics and Service Technicians,4.C.3.d.8,Duration of Typical Work Week,CTP,Context (Categories 1-3),3,43.10,31,19.0468,13.4221,78.7220,Y,,08/2025,Incumbent
49-3042.00,"Mobile Heavy Equipment Mechanics, Except Engines",4.C.3.d.8,Duration of Typical Work Week,CT,Context,,2.50,49,0.1089,2.2798,2.7178,N,,07/2017,Incumbent
49-3042.00,"Mobile Heavy Equipment Mechanics, Except Engines",4.C.3.d.8,Duration of Typical Work Week,CTP,Context (Categories 1-3),1,0.00,49,0.0000,,,N,,07/2017,Incumbent
49-3042.00,"Mobile Heavy Equipment Mechanics, Except Engines",4.C.3.d.8,Duration of Typical Work Week,CTP,Context (Categories 1-3),2,50.12,49,10.8925,29.5011,70.7011,N,,07/2017,Incumbent
49-3042.00,"Mobile Heavy Equipment Mechanics, Except Engines",4.C.3.d.8,Duration of Typical Work Week,CTP,Context (Categories 1-3),3,49.88,49,10.8925,29.2989,70.4989,N,,07/2017,Incumbent
49-3043.00,Rail Car Repairers,4.C.3.d.8,Duration of Typical Work Week,CT,Context,,2.44,28,0.1398,2.1532,2.7268,N,,08/2019,Incumbent
49-3043.00,Rail Car Repairers,4.C.3.d.8,Duration of Typical Work Week,CTP,Context (Categories 1-3),1,2.12,28,2.1399,0.2600,15.2405,N,,08/2019,Incumbent
49-3043.00,Rail Car Repairers,4.C.3.d.8,Duration of Typical Work Week,CTP,Context (Categories 1-3),2,51.76,28,13.0275,26.8909,75.7844,N,,08/2019,Incumbent
49-3043.00,Rail Car Repairers,4.C.3.d.8,Duration of Typical Work Week,CTP,Context (Categories 1-3),3,46.12,28,13.3407,22.1499,72.0337,N,,08/2019,Incumbent
49-3051.00,Motorboat Mechanics and Service Technicians,4.C.3.d.8,Duration of Typical Work Week,CT,Context,,2.41,31,0.1704,2.0593,2.7552,N,,07/2015,Incumbent
49-3051.00,Motorboat Mechanics and Service Technicians,4.C.3.d.8,Duration of Typical Work Week,CTP,Context (Categories 1-3),1,12.54,31,7.1723,3.6311,35.2814,N,,07/2015,Incumbent
49-3051.00,Motorboat Mechanics and Service Technicians,4.C.3.d.8,Duration of Typical Work Week,CTP,Context (Categories 1-3),2,34.20,31,10.1725,17.1171,56.6826,N,,07/2015,Incumbent
49-3051.00,Motorboat Mechanics and Service Technicians,4.C.3.d.8,Duration of Typical Work Week,CTP,Context (Categories 1-3),3,53.26,31,12.0608,29.7578,75.4002,N,,07/2015,Incumbent
49-3052.00,Motorcycle Mechanics,4.C.3.d.8,Duration of Typical Work Week,CT,Context,,2.40,16,0.2197,1.9306,2.8671,N,,08/2021,Incumbent
49-3052.00,Motorcycle Mechanics,4.C.3.d.8,Duration of Typical Work Week,CTP,Context (Categories 1-3),1,12.93,16,11.0716,1.7928,54.7102,N,,08/2021,Incumbent
49-3052.00,Motorcycle Mechanics,4.C.3.d.8,Duration of Typical Work Week,CTP,Context (Categories 1-3),2,34.25,16,12.7975,13.4330,63.6270,N,,08/2021,Incumbent
49-3052.00,Motorcycle Mechanics,4.C.3.d.8,Duration of Typical Work Week,CTP,Context (Categories 1-3),3,52.82,16,14.1634,24.9998,78.9871,N,,08/2021,Incumbent
49-3053.00,Outdoor Power Equipment and Other Small Engine Mechanics,4.C.3.d.8,Duration of Typical Work Week,CT,Context,,2.61,17,0.1649,2.2651,2.9642,N,,08/2018,Incumbent
49-3053.00,Outdoor Power Equipment and Other Small Engine Mechanics,4.C.3.d.8,Duration of Typical Work Week,CTP,Context (Categories 1-3),1,2.13,17,2.1771,0.2360,16.6362,N,,08/2018,Incumbent
49-3053.00,Outdoor Power Equipment and Other Small Engine Mechanics,4.C.3.d.8,Duration of Typical Work Week,CTP,Context (Categories 1-3),2,34.28,17,15.8569,10.4991,69.8729,N,,08/2018,Incumbent
49-3053.00,Outdoor Power Equipment and Other Small Engine Mechanics,4.C.3.d.8,Duration of Typical Work Week,CTP,Context (Categories 1-3),3,63.59,17,16.0284,28.7031,88.3439,N,,08/2018,Incumbent
49-3091.00,Bicycle Repairers,4.C.3.d.8,Duration of Typical Work Week,CT,Context,,1.61,16,0.2411,1.0931,2.1209,N,,07/2016,Incumbent
49-3091.00,Bicycle Repairers,4.C.3.d.8,Duration of Typical Work Week,CTP,Context (Categories 1-3),1,43.77,16,23.1468,9.4933,85.2484,Y,,07/2016,Incumbent
49-3091.00,Bicycle Repairers,4.C.3.d.8,Duration of Typical Work Week,CTP,Context (Categories 1-3),2,51.75,16,22.5306,13.5486,88.0084,Y,,07/2016,Incumbent
49-3091.00,Bicycle Repairers,4.C.3.d.8,Duration of Typical Work Week,CTP,Context (Categories 1-3),3,4.48,16,2.9538,1.0637,16.9636,N,,07/2016,Incumbent
49-3092.00,Recreational Vehicle Service Technicians,4.C.3.d.8,Duration of Typical Work Week,CT,Context,,2.29,21,0.1378,1.9987,2.5734,N,,08/2025,Incumbent
49-3092.00,Recreational Vehicle Service Technicians,4.C.3.d.8,Duration of Typical Work Week,CTP,Context (Categories 1-3),1,5.85,21,6.0782,0.6189,38.2955,N,,08/2025,Incumbent
49-3092.00,Recreational Vehicle Service Technicians,4.C.3.d.8,Duration of Typical Work Week,CTP,Context (Categories 1-3),2,59.69,21,15.3383,28.1486,84.8444,N,,08/2025,Incumbent
49-3092.00,Recreational Vehicle Service Technicians,4.C.3.d.8,Duration of Typical Work Week,CTP,Context (Categories 1-3),3,34.45,21,13.2502,13.3890,64.1246,N,,08/2025,Incumbent
49-3093.00,Tire Repairers and Changers,4.C.3.d.8,Duration of Typical Work Week,CT,Context,,2.49,26,0.1719,2.1392,2.8475,N,,07/2014,Incumbent
49-3093.00,Tire Repairers and Changers,4.C.3.d.8,Duration of Typical Work Week,CTP,Context (Categories 1-3),1,17.02,26,6.9729,6.9042,36.1820,N,,07/2014,Incumbent
49-3093.00,Tire Repairers and Changers,4.C.3.d.8,Duration of Typical Work Week,CTP,Context (Categories 1-3),2,16.63,26,9.7647,4.4693,45.9701,N,,07/2014,Incumbent
49-3093.00,Tire Repairers and Changers,4.C.3.d.8,Duration of Typical Work Week,CTP,Context (Categories 1-3),3,66.35,26,12.1189,39.1991,85.7772,N,,07/2014,Incumbent
49-9011.00,Mechanical Door Repairers,4.C.3.d.8,Duration of Typical Work Week,CT,Context,,2.48,36,0.1552,2.1639,2.7939,N,,07/2015,Incumbent
49-9011.00,Mechanical Door Repairers,4.C.3.d.8,Duration of Typical Work Week,CTP,Context (Categories 1-3),1,0.08,36,0.0662,0.0125,0.4495,N,,07/2015,Incumbent
49-9011.00,Mechanical Door Repairers,4.C.3.d.8,Duration of Typical Work Week,CTP,Context (Categories 1-3),2,51.96,36,15.5125,23.4486,79.2505,N,,07/2015,Incumbent
49-9011.00,Mechanical Door Repairers,4.C.3.d.8,Duration of Typical Work Week,CTP,Context (Categories 1-3),3,47.96,36,15.5138,20.6958,76.5021,N,,07/2015,Incumbent
49-9012.00,"Control and Valve Installers and Repairers, Except Mechanical Door",4.C.3.d.8,Duration of Typical Work Week,CT,Context,,2.39,33,0.1105,2.1604,2.6105,N,,07/2017,Incumbent
49-9012.00,"Control and Valve Installers and Repairers, Except Mechanical Door",4.C.3.d.8,Duration of Typical Work Week,CTP,Context (Categories 1-3),1,0.00,33,0.0000,,,N,,07/2017,Incumbent
49-9012.00,"Control and Valve Installers and Repairers, Except Mechanical Door",4.C.3.d.8,Duration of Typical Work Week,CTP,Context (Categories 1-3),2,61.45,33,11.0487,38.1379,80.4776,N,,07/2017,Incumbent
49-9012.00,"Control and Valve Installers and Repairers, Except Mechanical Door",4.C.3.d.8,Duration of Typical Work Week,CTP,Context (Categories 1-3),3,38.55,33,11.0487,19.5224,61.8621,N,,07/2017,Incumbent
49-9021.00,"Heating, Air Conditioning, and Refrigeration Mechanics and Installers",4.C.3.d.8,Duration of Typical Work Week,CT,Context,,2.24,39,0.1869,1.8637,2.6203,N,,08/2022,Incumbent
49-9021.00,"Heating, Air Conditioning, and Refrigeration Mechanics and Installers",4.C.3.d.8,Duration of Typical Work Week,CTP,Context (Categories 1-3),1,10.36,39,8.7454,1.6879,43.7487,N,,08/2022,Incumbent
49-9021.00,"Heating, Air Conditioning, and Refrigeration Mechanics and Installers",4.C.3.d.8,Duration of Typical Work Week,CTP,Context (Categories 1-3),2,55.08,39,7.0176,40.8477,68.5271,N,,08/2022,Incumbent
49-9021.00,"Heating, Air Conditioning, and Refrigeration Mechanics and Installers",4.C.3.d.8,Duration of Typical Work Week,CTP,Context (Categories 1-3),3,34.56,39,11.0799,16.3811,58.7435,N,,08/2022,Incumbent
49-9031.00,Home Appliance Repairers,4.C.3.d.8,Duration of Typical Work Week,CT,Context,,2.14,26,0.1717,1.7816,2.4890,N,,08/2018,Incumbent
49-9031.00,Home Appliance Repairers,4.C.3.d.8,Duration of Typical Work Week,CTP,Context (Categories 1-3),1,18.70,26,10.1006,5.5293,47.4689,N,,08/2018,Incumbent
49-9031.00,Home Appliance Repairers,4.C.3.d.8,Duration of Typical Work Week,CTP,Context (Categories 1-3),2,49.07,26,10.2192,29.3348,69.1075,N,,08/2018,Incumbent
49-9031.00,Home Appliance Repairers,4.C.3.d.8,Duration of Typical Work Week,CTP,Context (Categories 1-3),3,32.23,26,9.8827,15.7729,54.7002,N,,08/2018,Incumbent
49-9041.00,Industrial Machinery Mechanics,4.C.3.d.8,Duration of Typical Work Week,CT,Context,,2.47,24,0.1064,2.2514,2.6916,N,,08/2021,Incumbent
49-9041.00,Industrial Machinery Mechanics,4.C.3.d.8,Duration of Typical Work Week,CTP,Context (Categories 1-3),1,0.00,24,0.0000,,,N,,08/2021,Incumbent
49-9041.00,Industrial Machinery Mechanics,4.C.3.d.8,Duration of Typical Work Week,CTP,Context (Categories 1-3),2,52.85,24,10.6381,31.6681,73.0508,N,,08/2021,Incumbent
49-9041.00,Industrial Machinery Mechanics,4.C.3.d.8,Duration of Typical Work Week,CTP,Context (Categories 1-3),3,47.15,24,10.6381,26.9492,68.3319,N,,08/2021,Incumbent
49-9043.00,"Maintenance Workers, Machinery",4.C.3.d.8,Duration of Typical Work Week,CT,Context,,2.50,22,0.1506,2.1843,2.8107,N,,08/2024,Incumbent
49-9043.00,"Maintenance Workers, Machinery",4.C.3.d.8,Duration of Typical Work Week,CTP,Context (Categories 1-3),1,0.00,22,0.0000,,,N,,08/2024,Incumbent
49-9043.00,"Maintenance Workers, Machinery",4.C.3.d.8,Duration of Typical Work Week,CTP,Context (Categories 1-3),2,50.25,22,15.0608,22.3945,77.9524,N,,08/2024,Incumbent
49-9043.00,"Maintenance Workers, Machinery",4.C.3.d.8,Duration of Typical Work Week,CTP,Context (Categories 1-3),3,49.75,22,15.0608,22.0476,77.6055,N,,08/2024,Incumbent
49-9044.00,Millwrights,4.C.3.d.8,Duration of Typical Work Week,CT,Context,,2.77,22,,,,,,08/2024,Occupational Expert
49-9044.00,Millwrights,4.C.3.d.8,Duration of Typical Work Week,CTP,Context (Categories 1-3),1,4.55,22,,,,,,08/2024,Occupational Expert
49-9044.00,Millwrights,4.C.3.d.8,Duration of Typical Work Week,CTP,Context (Categories 1-3),2,13.64,22,,,,,,08/2024,Occupational Expert
49-9044.00,Millwrights,4.C.3.d.8,Duration of Typical Work Week,CTP,Context (Categories 1-3),3,81.82,22,,,,,,08/2024,Occupational Expert
49-9045.00,"Refractory Materials Repairers, Except Brickmasons",4.C.3.d.8,Duration of Typical Work Week,CT,Context,,2.96,24,0.0271,2.9056,3.0000,N,,06/2007,Incumbent
49-9045.00,"Refractory Materials Repairers, Except Brickmasons",4.C.3.d.8,Duration of Typical Work Week,CTP,Context (Categories 1-3),1,0.00,24,0.0000,,,N,,06/2007,Incumbent
49-9045.00,"Refractory Materials Repairers, Except Brickmasons",4.C.3.d.8,Duration of Typical Work Week,CTP,Context (Categories 1-3),2,3.84,24,2.7084,0.8654,15.4116,N,,06/2007,Incumbent
49-9045.00,"Refractory Materials Repairers, Except Brickmasons",4.C.3.d.8,Duration of Typical Work Week,CTP,Context (Categories 1-3),3,96.16,24,2.7084,84.5884,99.1346,N,,06/2007,Incumbent
49-9051.00,Electrical Power-Line Installers and Repairers,4.C.3.d.8,Duration of Typical Work Week,CT,Context,,2.59,23,0.0624,2.4616,2.7204,N,,08/2021,Incumbent
49-9051.00,Electrical Power-Line Installers and Repairers,4.C.3.d.8,Duration of Typical Work Week,CTP,Context (Categories 1-3),1,0.00,23,0.0000,,,N,,08/2021,Incumbent
49-9051.00,Electrical Power-Line Installers and Repairers,4.C.3.d.8,Duration of Typical Work Week,CTP,Context (Categories 1-3),2,40.90,23,6.2407,28.8339,54.1750,N,,08/2021,Incumbent
49-9051.00,Electrical Power-Line Installers and Repairers,4.C.3.d.8,Duration of Typical Work Week,CTP,Context (Categories 1-3),3,59.10,23,6.2407,45.8250,71.1661,N,,08/2021,Incumbent
49-9052.00,Telecommunications Line Installers and Repairers,4.C.3.d.8,Duration of Typical Work Week,CT,Context,,2.40,28,0.1741,2.0394,2.7537,N,,07/2015,Incumbent
49-9052.00,Telecommunications Line Installers and Repairers,4.C.3.d.8,Duration of Typical Work Week,CTP,Context (Categories 1-3),1,6.69,28,5.6804,1.0977,31.6787,N,,07/2015,Incumbent
49-9052.00,Telecommunications Line Installers and Repairers,4.C.3.d.8,Duration of Typical Work Week,CTP,Context (Categories 1-3),2,46.96,28,10.0728,27.8538,66.9924,N,,07/2015,Incumbent
49-9052.00,Telecommunications Line Installers and Repairers,4.C.3.d.8,Duration of Typical Work Week,CTP,Context (Categories 1-3),3,46.35,28,13.0365,22.7604,71.6965,N,,07/2015,Incumbent
49-9061.00,Camera and Photographic Equipment Repairers,4.C.3.d.8,Duration of Typical Work Week,CT,Context,,1.88,19,0.2230,1.4136,2.3507,N,,07/2015,Incumbent
49-9061.00,Camera and Photographic Equipment Repairers,4.C.3.d.8,Duration of Typical Work Week,CTP,Context (Categories 1-3),1,42.74,19,12.4512,20.3994,68.4886,N,,07/2015,Incumbent
49-9061.00,Camera and Photographic Equipment Repairers,4.C.3.d.8,Duration of Typical Work Week,CTP,Context (Categories 1-3),2,26.31,19,11.3334,9.4681,54.9407,N,,07/2015,Incumbent
49-9061.00,Camera and Photographic Equipment Repairers,4.C.3.d.8,Duration of Typical Work Week,CTP,Context (Categories 1-3),3,30.95,19,12.5645,11.5307,60.6523,N,,07/2015,Incumbent
49-9062.00,Medical Equipment Repairers,4.C.3.d.8,Duration of Typical Work Week,CT,Context,,2.18,28,0.1383,1.8943,2.4618,N,,08/2023,Incumbent
49-9062.00,Medical Equipment Repairers,4.C.3.d.8,Duration of Typical Work Week,CTP,Context (Categories 1-3),1,9.99,28,6.8606,2.2682,34.6848,N,,08/2023,Incumbent
49-9062.00,Medical Equipment Repairers,4.C.3.d.8,Duration of Typical Work Week,CTP,Context (Categories 1-3),2,62.21,28,12.7272,35.1533,83.3316,N,,08/2023,Incumbent
49-9062.00,Medical Equipment Repairers,4.C.3.d.8,Duration of Typical Work Week,CTP,Context (Categories 1-3),3,27.80,28,11.3822,10.7342,55.2078,N,,08/2023,Incumbent
49-9063.00,Musical Instrument Repairers and Tuners,4.C.3.d.8,Duration of Typical Work Week,CT,Context,,2.38,21,,,,,,08/2025,Occupational Expert
49-9063.00,Musical Instrument Repairers and Tuners,4.C.3.d.8,Duration of Typical Work Week,CTP,Context (Categories 1-3),1,0.00,21,,,,,,08/2025,Occupational Expert
49-9063.00,Musical Instrument Repairers and Tuners,4.C.3.d.8,Duration of Typical Work Week,CTP,Context (Categories 1-3),2,61.90,21,,,,,,08/2025,Occupational Expert
49-9063.00,Musical Instrument Repairers and Tuners,4.C.3.d.8,Duration of Typical Work Week,CTP,Context (Categories 1-3),3,38.10,21,,,,,,08/2025,Occupational Expert
49-9064.00,Watch and Clock Repairers,4.C.3.d.8,Duration of Typical Work Week,CT,Context,,2.35,18,0.2526,1.8150,2.8809,N,,08/2018,Incumbent
49-9064.00,Watch and Clock Repairers,4.C.3.d.8,Duration of Typical Work Week,CTP,Context (Categories 1-3),1,12.65,18,12.4079,1.3369,60.7507,N,,08/2018,Incumbent
49-9064.00,Watch and Clock Repairers,4.C.3.d.8,Duration of Typical Work Week,CTP,Context (Categories 1-3),2,39.91,18,16.7689,13.1855,74.3821,N,,08/2018,Incumbent
49-9064.00,Watch and Clock Repairers,4.C.3.d.8,Duration of Typical Work Week,CTP,Context (Categories 1-3),3,47.44,18,17.4836,17.0554,79.8509,N,,08/2018,Incumbent
49-9071.00,"Maintenance and Repair Workers, General",4.C.3.d.8,Duration of Typical Work Week,CT,Context,,2.62,54,0.1252,2.3738,2.8759,N,,08/2021,Incumbent
49-9071.00,"Maintenance and Repair Workers, General",4.C.3.d.8,Duration of Typical Work Week,CTP,Context (Categories 1-3),1,0.00,54,0.0000,,,N,,08/2021,Incumbent
49-9071.00,"Maintenance and Repair Workers, General",4.C.3.d.8,Duration of Typical Work Week,CTP,Context (Categories 1-3),2,37.52,54,12.5165,17.0657,63.6658,N,,08/2021,Incumbent
49-9071.00,"Maintenance and Repair Workers, General",4.C.3.d.8,Duration of Typical Work Week,CTP,Context (Categories 1-3),3,62.48,54,12.5165,36.3342,82.9343,N,,08/2021,Incumbent
49-9081.00,Wind Turbine Service Technicians,4.C.3.d.8,Duration of Typical Work Week,CT,Context,,2.60,30,0.1346,2.3273,2.8779,N,,08/2021,Incumbent
49-9081.00,Wind Turbine Service Technicians,4.C.3.d.8,Duration of Typical Work Week,CTP,Context (Categories 1-3),1,0.00,30,0.0000,,,N,,08/2021,Incumbent
49-9081.00,Wind Turbine Service Technicians,4.C.3.d.8,Duration of Typical Work Week,CTP,Context (Categories 1-3),2,39.74,30,13.4610,17.2793,67.5536,N,,08/2021,Incumbent
49-9081.00,Wind Turbine Service Technicians,4.C.3.d.8,Duration of Typical Work Week,CTP,Context (Categories 1-3),3,60.26,30,13.4610,32.4464,82.7207,N,,08/2021,Incumbent
49-9091.00,"Coin, Vending, and Amusement Machine Servicers and Repairers",4.C.3.d.8,Duration of Typical Work Week,CT,Context,,2.51,26,0.1427,2.2186,2.8064,N,,07/2017,Incumbent
49-9091.00,"Coin, Vending, and Amusement Machine Servicers and Repairers",4.C.3.d.8,Duration of Typical Work Week,CTP,Context (Categories 1-3),1,0.00,26,0.0000,,,N,,07/2017,Incumbent
49-9091.00,"Coin, Vending, and Amusement Machine Servicers and Repairers",4.C.3.d.8,Duration of Typical Work Week,CTP,Context (Categories 1-3),2,48.75,26,14.2701,22.6841,75.5178,N,,07/2017,Incumbent
49-9091.00,"Coin, Vending, and Amusement Machine Servicers and Repairers",4.C.3.d.8,Duration of Typical Work Week,CTP,Context (Categories 1-3),3,51.25,26,14.2701,24.4822,77.3159,N,,07/2017,Incumbent
49-9092.00,Commercial Divers,4.C.3.d.8,Duration of Typical Work Week,CT,Context,,2.30,23,0.1984,1.8897,2.7125,N,,07/2015,Incumbent
49-9092.00,Commercial Divers,4.C.3.d.8,Duration of Typical Work Week,CTP,Context (Categories 1-3),1,16.39,23,8.5175,5.1261,41.5700,N,,07/2015,Incumbent
49-9092.00,Commercial Divers,4.C.3.d.8,Duration of Typical Work Week,CTP,Context (Categories 1-3),2,37.11,23,10.2440,19.1871,59.4530,N,,07/2015,Incumbent
49-9092.00,Commercial Divers,4.C.3.d.8,Duration of Typical Work Week,CTP,Context (Categories 1-3),3,46.50,23,13.2926,22.2984,72.4697,N,,07/2015,Incumbent
49-9094.00,Locksmiths and Safe Repairers,4.C.3.d.8,Duration of Typical Work Week,CT,Context,,2.50,26,,,,,,08/2025,Occupational Expert
49-9094.00,Locksmiths and Safe Repairers,4.C.3.d.8,Duration of Typical Work Week,CTP,Context (Categories 1-3),1,3.85,26,,,,,,08/2025,Occupational Expert
49-9094.00,Locksmiths and Safe Repairers,4.C.3.d.8,Duration of Typical Work Week,CTP,Context (Categories 1-3),2,42.31,26,,,,,,08/2025,Occupational Expert
49-9094.00,Locksmiths and Safe Repairers,4.C.3.d.8,Duration of Typical Work Week,CTP,Context (Categories 1-3),3,53.85,26,,,,,,08/2025,Occupational Expert
49-9095.00,Manufactured Building and Mobile Home Installers,4.C.3.d.8,Duration of Typical Work Week,CT,Context,,2.74,15,0.2251,2.2559,3.0000,N,,06/2007,Incumbent
49-9095.00,Manufactured Building and Mobile Home Installers,4.C.3.d.8,Duration of Typical Work Week,CTP,Context (Categories 1-3),1,12.54,15,11.2586,1.5622,56.4466,N,,06/2007,Incumbent
49-9095.00,Manufactured Building and Mobile Home Installers,4.C.3.d.8,Duration of Typical Work Week,CTP,Context (Categories 1-3),2,1.05,15,0.7014,0.2493,4.3180,N,,06/2007,Incumbent
49-9095.00,Manufactured Building and Mobile Home Installers,4.C.3.d.8,Duration of Typical Work Week,CTP,Context (Categories 1-3),3,86.41,15,11.2616,44.8453,98.0273,N,,06/2007,Incumbent
49-9096.00,Riggers,4.C.3.d.8,Duration of Typical Work Week,CT,Context,,2.55,17,0.1388,2.2560,2.8444,N,,08/2020,Incumbent
49-9096.00,Riggers,4.C.3.d.8,Duration of Typical Work Week,CTP,Context (Categories 1-3),1,0.00,17,0.0000,,,N,,08/2020,Incumbent
49-9096.00,Riggers,4.C.3.d.8,Duration of Typical Work Week,CTP,Context (Categories 1-3),2,44.98,17,13.8799,19.9340,72.8588,N,,08/2020,Incumbent
49-9096.00,Riggers,4.C.3.d.8,Duration of Typical Work Week,CTP,Context (Categories 1-3),3,55.02,17,13.8799,27.1412,80.0660,N,,08/2020,Incumbent
49-9097.00,Signal and Track Switch Repairers,4.C.3.d.8,Duration of Typical Work Week,CT,Context,,2.39,17,0.1888,1.9870,2.7874,N,,08/2021,Incumbent
49-9097.00,Signal and Track Switch Repairers,4.C.3.d.8,Duration of Typical Work Week,CTP,Context (Categories 1-3),1,0.00,17,0.0000,,,N,,08/2021,Incumbent
49-9097.00,Signal and Track Switch Repairers,4.C.3.d.8,Duration of Typical Work Week,CTP,Context (Categories 1-3),2,61.28,17,18.8796,22.6588,89.5280,Y,,08/2021,Incumbent
49-9097.00,Signal and Track Switch Repairers,4.C.3.d.8,Duration of Typical Work Week,CTP,Context (Categories 1-3),3,38.72,17,18.8796,10.4720,77.3412,Y,,08/2021,Incumbent
49-9098.00,"Helpers--Installation, Maintenance, and Repair Workers",4.C.3.d.8,Duration of Typical Work Week,CT,Context,,2.21,31,0.1324,1.9414,2.4822,N,,08/2020,Incumbent
49-9098.00,"Helpers--Installation, Maintenance, and Repair Workers",4.C.3.d.8,Duration of Typical Work Week,CTP,Context (Categories 1-3),1,8.27,31,5.8667,1.8230,30.4339,N,,08/2020,Incumbent
49-9098.00,"Helpers--Installation, Maintenance, and Repair Workers",4.C.3.d.8,Duration of Typical Work Week,CTP,Context (Categories 1-3),2,62.28,31,10.4325,40.0011,80.3533,N,,08/2020,Incumbent
49-9098.00,"Helpers--Installation, Maintenance, and Repair Workers",4.C.3.d.8,Duration of Typical Work Week,CTP,Context (Categories 1-3),3,29.45,31,10.3754,13.0847,53.6489,N,,08/2020,Incumbent
49-9099.01,Geothermal Technicians,4.C.3.d.8,Duration of Typical Work Week,CT,Context,,2.69,22,0.1150,2.4460,2.9241,N,,08/2020,Incumbent
49-9099.01,Geothermal Technicians,4.C.3.d.8,Duration of Typical Work Week,CTP,Context (Categories 1-3),1,2.81,22,2.9550,0.3033,21.5378,N,,08/2020,Incumbent
49-9099.01,Geothermal Technicians,4.C.3.d.8,Duration of Typical Work Week,CTP,Context (Categories 1-3),2,25.88,22,9.1590,11.4532,48.5183,N,,08/2020,Incumbent
49-9099.01,Geothermal Technicians,4.C.3.d.8,Duration of Typical Work Week,CTP,Context (Categories 1-3),3,71.31,22,9.9645,47.4442,87.2532,N,,08/2020,Incumbent
51-1011.00,First-Line Supervisors of Production and Operating Workers,4.C.3.d.8,Duration of Typical Work Week,CT,Context,,2.83,35,0.0756,2.6789,2.9861,N,,08/2020,Incumbent
51-1011.00,First-Line Supervisors of Production and Operating Workers,4.C.3.d.8,Duration of Typical Work Week,CTP,Context (Categories 1-3),1,0.00,35,0.0000,,,N,,08/2020,Incumbent
51-1011.00,First-Line Supervisors of Production and Operating Workers,4.C.3.d.8,Duration of Typical Work Week,CTP,Context (Categories 1-3),2,16.75,35,7.5592,6.2681,37.7130,N,,08/2020,Incumbent
51-1011.00,First-Line Supervisors of Production and Operating Workers,4.C.3.d.8,Duration of Typical Work Week,CTP,Context (Categories 1-3),3,83.25,35,7.5592,62.2870,93.7319,N,,08/2020,Incumbent
51-2011.00,"Aircraft Structure, Surfaces, Rigging, and Systems Assemblers",4.C.3.d.8,Duration of Typical Work Week,CT,Context,,2.55,33,0.2058,2.1302,2.9688,N,,07/2015,Incumbent
51-2011.00,"Aircraft Structure, Surfaces, Rigging, and Systems Assemblers",4.C.3.d.8,Duration of Typical Work Week,CTP,Context (Categories 1-3),1,9.34,33,7.9283,1.5063,40.9618,N,,07/2015,Incumbent
51-2011.00,"Aircraft Structure, Surfaces, Rigging, and Systems Assemblers",4.C.3.d.8,Duration of Typical Work Week,CTP,Context (Categories 1-3),2,26.37,33,13.7879,7.7756,60.3401,N,,07/2015,Incumbent
51-2011.00,"Aircraft Structure, Surfaces, Rigging, and Systems Assemblers",4.C.3.d.8,Duration of Typical Work Week,CTP,Context (Categories 1-3),3,64.29,33,15.6222,31.0435,87.8048,N,,07/2015,Incumbent
51-2021.00,"Coil Winders, Tapers, and Finishers",4.C.3.d.8,Duration of Typical Work Week,CT,Context,,2.14,19,0.0566,2.0196,2.2575,N,,07/2017,Incumbent
51-2021.00,"Coil Winders, Tapers, and Finishers",4.C.3.d.8,Duration of Typical Work Week,CTP,Context (Categories 1-3),1,0.00,19,0.0000,,,N,,07/2017,Incumbent
51-2021.00,"Coil Winders, Tapers, and Finishers",4.C.3.d.8,Duration of Typical Work Week,CTP,Context (Categories 1-3),2,86.14,19,5.6630,69.6467,94.3960,N,,07/2017,Incumbent
51-2021.00,"Coil Winders, Tapers, and Finishers",4.C.3.d.8,Duration of Typical Work Week,CTP,Context (Categories 1-3),3,13.86,19,5.6630,5.6040,30.3533,N,,07/2017,Incumbent
51-2022.00,Electrical and Electronic Equipment Assemblers,4.C.3.d.8,Duration of Typical Work Week,CT,Context,,2.26,31,0.1182,2.0206,2.5036,N,,07/2013,Incumbent
51-2022.00,Electrical and Electronic Equipment Assemblers,4.C.3.d.8,Duration of Typical Work Week,CTP,Context (Categories 1-3),1,0.00,31,0.0000,,,N,,07/2013,Incumbent
51-2022.00,Electrical and Electronic Equipment Assemblers,4.C.3.d.8,Duration of Typical Work Week,CTP,Context (Categories 1-3),2,73.79,31,11.8245,44.6805,90.7503,N,,07/2013,Incumbent
51-2022.00,Electrical and Electronic Equipment Assemblers,4.C.3.d.8,Duration of Typical Work Week,CTP,Context (Categories 1-3),3,26.21,31,11.8245,9.2497,55.3195,N,,07/2013,Incumbent
51-2023.00,Electromechanical Equipment Assemblers,4.C.3.d.8,Duration of Typical Work Week,CT,Context,,2.28,22,0.1164,2.0345,2.5185,N,,07/2017,Incumbent
51-2023.00,Electromechanical Equipment Assemblers,4.C.3.d.8,Duration of Typical Work Week,CTP,Context (Categories 1-3),1,0.00,22,0.0000,,,N,,07/2017,Incumbent
51-2023.00,Electromechanical Equipment Assemblers,4.C.3.d.8,Duration of Typical Work Week,CTP,Context (Categories 1-3),2,72.35,22,11.6366,43.8362,89.7667,N,,07/2017,Incumbent
51-2023.00,Electromechanical Equipment Assemblers,4.C.3.d.8,Duration of Typical Work Week,CTP,Context (Categories 1-3),3,27.65,22,11.6366,10.2333,56.1638,N,,07/2017,Incumbent
51-2031.00,Engine and Other Machine Assemblers,4.C.3.d.8,Duration of Typical Work Week,CT,Context,,2.38,38,0.1209,2.1362,2.6262,N,,07/2014,Incumbent
51-2031.00,Engine and Other Machine Assemblers,4.C.3.d.8,Duration of Typical Work Week,CTP,Context (Categories 1-3),1,0.99,38,1.0202,0.1222,7.5919,N,,07/2014,Incumbent
51-2031.00,Engine and Other Machine Assemblers,4.C.3.d.8,Duration of Typical Work Week,CTP,Context (Categories 1-3),2,59.89,38,12.0787,35.0286,80.5326,N,,07/2014,Incumbent
51-2031.00,Engine and Other Machine Assemblers,4.C.3.d.8,Duration of Typical Work Week,CTP,Context (Categories 1-3),3,39.11,38,12.0429,18.7370,64.1542,N,,07/2014,Incumbent
51-2041.00,Structural Metal Fabricators and Fitters,4.C.3.d.8,Duration of Typical Work Week,CT,Context,,2.65,32,0.1316,2.3791,2.9161,N,,08/2024,Incumbent
51-2041.00,Structural Metal Fabricators and Fitters,4.C.3.d.8,Duration of Typical Work Week,CTP,Context (Categories 1-3),1,0.00,32,0.0000,,,N,,08/2024,Incumbent
51-2041.00,Structural Metal Fabricators and Fitters,4.C.3.d.8,Duration of Typical Work Week,CTP,Context (Categories 1-3),2,35.24,32,13.1644,14.3672,63.8280,N,,08/2024,Incumbent
51-2041.00,Structural Metal Fabricators and Fitters,4.C.3.d.8,Duration of Typical Work Week,CTP,Context (Categories 1-3),3,64.76,32,13.1644,36.1720,85.6328,N,,08/2024,Incumbent
51-2051.00,Fiberglass Laminators and Fabricators,4.C.3.d.8,Duration of Typical Work Week,CT,Context,,2.30,21,0.1558,1.9765,2.6267,N,,08/2020,Incumbent
51-2051.00,Fiberglass Laminators and Fabricators,4.C.3.d.8,Duration of Typical Work Week,CTP,Context (Categories 1-3),1,3.72,21,4.0031,0.3733,28.4674,N,,08/2020,Incumbent
51-2051.00,Fiberglass Laminators and Fabricators,4.C.3.d.8,Duration of Typical Work Week,CTP,Context (Categories 1-3),2,62.40,21,19.1414,23.2339,90.1016,Y,,08/2020,Incumbent
51-2051.00,Fiberglass Laminators and Fabricators,4.C.3.d.8,Duration of Typical Work Week,CTP,Context (Categories 1-3),3,33.88,21,16.9883,9.5294,71.3661,N,,08/2020,Incumbent
51-2061.00,Timing Device Assemblers and Adjusters,4.C.3.d.8,Duration of Typical Work Week,CT,Context,,1.49,12,0.2515,1.0000,2.0458,N,,06/2008,Incumbent
51-2061.00,Timing Device Assemblers and Adjusters,4.C.3.d.8,Duration of Typical Work Week,CTP,Context (Categories 1-3),1,52.80,12,24.5603,11.3349,90.7306,Y,,06/2008,Incumbent
51-2061.00,Timing Device Assemblers and Adjusters,4.C.3.d.8,Duration of Typical Work Week,CTP,Context (Categories 1-3),2,45.19,12,24.0768,8.8457,87.5058,Y,,06/2008,Incumbent
51-2061.00,Timing Device Assemblers and Adjusters,4.C.3.d.8,Duration of Typical Work Week,CTP,Context (Categories 1-3),3,2.01,12,1.7318,0.2965,12.4257,N,,06/2008,Incumbent
51-2092.00,Team Assemblers,4.C.3.d.8,Duration of Typical Work Week,CT,Context,,2.45,33,0.1248,2.1996,2.7078,N,,08/2020,Incumbent
51-2092.00,Team Assemblers,4.C.3.d.8,Duration of Typical Work Week,CTP,Context (Categories 1-3),1,0.00,33,0.0000,,,N,,08/2020,Incumbent
51-2092.00,Team Assemblers,4.C.3.d.8,Duration of Typical Work Week,CTP,Context (Categories 1-3),2,54.63,33,12.4753,30.1648,77.0484,N,,08/2020,Incumbent
51-2092.00,Team Assemblers,4.C.3.d.8,Duration of Typical Work Week,CTP,Context (Categories 1-3),3,45.37,33,12.4753,22.9516,69.8352,N,,08/2020,Incumbent
51-3011.00,Bakers,4.C.3.d.8,Duration of Typical Work Week,CT,Context,,2.16,31,0.1617,1.8254,2.4857,N,,07/2015,Incumbent
51-3011.00,Bakers,4.C.3.d.8,Duration of Typical Work Week,CTP,Context (Categories 1-3),1,12.49,31,8.9413,2.6164,43.1384,N,,07/2015,Incumbent
51-3011.00,Bakers,4.C.3.d.8,Duration of Typical Work Week,CTP,Context (Categories 1-3),2,59.46,31,12.6608,33.4124,81.0888,N,,07/2015,Incumbent
51-3011.00,Bakers,4.C.3.d.8,Duration of Typical Work Week,CTP,Context (Categories 1-3),3,28.04,31,11.4399,10.9096,55.3674,N,,07/2015,Incumbent
51-3021.00,Butchers and Meat Cutters,4.C.3.d.8,Duration of Typical Work Week,CT,Context,,1.64,24,0.1657,1.2986,1.9841,N,,07/2016,Incumbent
51-3021.00,Butchers and Meat Cutters,4.C.3.d.8,Duration of Typical Work Week,CTP,Context (Categories 1-3),1,46.86,24,13.1467,22.8316,72.4409,N,,07/2016,Incumbent
51-3021.00,Butchers and Meat Cutters,4.C.3.d.8,Duration of Typical Work Week,CTP,Context (Categories 1-3),2,42.14,24,12.0304,20.7902,66.9017,N,,07/2016,Incumbent
51-3021.00,Butchers and Meat Cutters,4.C.3.d.8,Duration of Typical Work Week,CTP,Context (Categories 1-3),3,11.00,24,6.0671,3.3134,30.8157,N,,07/2016,Incumbent
51-3022.00,"Meat, Poultry, and Fish Cutters and Trimmers",4.C.3.d.8,Duration of Typical Work Week,CT,Context,,2.57,16,0.2540,2.0267,3.0000,N,,07/2017,Incumbent
51-3022.00,"Meat, Poultry, and Fish Cutters and Trimmers",4.C.3.d.8,Duration of Typical Work Week,CTP,Context (Categories 1-3),1,1.46,16,1.6390,0.1305,14.3857,N,,07/2017,Incumbent
51-3022.00,"Meat, Poultry, and Fish Cutters and Trimmers",4.C.3.d.8,Duration of Typical Work Week,CTP,Context (Categories 1-3),2,40.28,16,24.6281,7.0680,85.6718,Y,,07/2017,Incumbent
51-3022.00,"Meat, Poultry, and Fish Cutters and Trimmers",4.C.3.d.8,Duration of Typical Work Week,CTP,Context (Categories 1-3),3,58.26,16,24.9617,13.5367,92.5642,Y,,07/2017,Incumbent
51-3023.00,Slaughterers and Meat Packers,4.C.3.d.8,Duration of Typical Work Week,CT,Context,,2.42,15,0.1937,2.0048,2.8358,N,,07/2017,Incumbent
51-3023.00,Slaughterers and Meat Packers,4.C.3.d.8,Duration of Typical Work Week,CTP,Context (Categories 1-3),1,16.18,15,9.1322,4.3540,44.9996,N,,07/2017,Incumbent
51-3023.00,Slaughterers and Meat Packers,4.C.3.d.8,Duration of Typical Work Week,CTP,Context (Categories 1-3),2,25.62,15,15.2402,5.8329,65.6886,N,,07/2017,Incumbent
51-3023.00,Slaughterers and Meat Packers,4.C.3.d.8,Duration of Typical Work Week,CTP,Context (Categories 1-3),3,58.21,15,14.8457,27.3369,83.7563,N,,07/2017,Incumbent
51-3091.00,"Food and Tobacco Roasting, Baking, and Drying Machine Operators and Tenders",4.C.3.d.8,Duration of Typical Work Week,CT,Context,,2.49,27,0.1842,2.1122,2.8695,N,,07/2017,Incumbent
51-3091.00,"Food and Tobacco Roasting, Baking, and Drying Machine Operators and Tenders",4.C.3.d.8,Duration of Typical Work Week,CTP,Context (Categories 1-3),1,0.00,27,0.0000,,,N,,07/2017,Incumbent
51-3091.00,"Food and Tobacco Roasting, Baking, and Drying Machine Operators and Tenders",4.C.3.d.8,Duration of Typical Work Week,CTP,Context (Categories 1-3),2,50.92,27,18.4215,18.5669,82.5187,Y,,07/2017,Incumbent
51-3091.00,"Food and Tobacco Roasting, Baking, and Drying Machine Operators and Tenders",4.C.3.d.8,Duration of Typical Work Week,CTP,Context (Categories 1-3),3,49.08,27,18.4215,17.4813,81.4331,Y,,07/2017,Incumbent
51-3092.00,Food Batchmakers,4.C.3.d.8,Duration of Typical Work Week,CT,Context,,2.25,19,0.2139,1.7976,2.6964,N,,08/2021,Incumbent
51-3092.00,Food Batchmakers,4.C.3.d.8,Duration of Typical Work Week,CTP,Context (Categories 1-3),1,14.20,19,11.5875,2.1948,54.9671,N,,08/2021,Incumbent
51-3092.00,Food Batchmakers,4.C.3.d.8,Duration of Typical Work Week,CTP,Context (Categories 1-3),2,46.90,19,17.4503,16.8491,79.3789,N,,08/2021,Incumbent
51-3092.00,Food Batchmakers,4.C.3.d.8,Duration of Typical Work Week,CTP,Context (Categories 1-3),3,38.90,19,15.7082,13.7058,71.8497,N,,08/2021,Incumbent
51-3093.00,Food Cooking Machine Operators and Tenders,4.C.3.d.8,Duration of Typical Work Week,CT,Context,,2.12,20,0.2269,1.6402,2.5901,N,,08/2021,Incumbent
51-3093.00,Food Cooking Machine Operators and Tenders,4.C.3.d.8,Duration of Typical Work Week,CTP,Context (Categories 1-3),1,25.70,20,18.4075,4.3958,72.2327,Y,,08/2021,Incumbent
51-3093.00,Food Cooking Machine Operators and Tenders,4.C.3.d.8,Duration of Typical Work Week,CTP,Context (Categories 1-3),2,37.09,20,20.7652,8.3858,79.1550,Y,,08/2021,Incumbent
51-3093.00,Food Cooking Machine Operators and Tenders,4.C.3.d.8,Duration of Typical Work Week,CTP,Context (Categories 1-3),3,37.21,20,11.5852,17.3522,62.5913,N,,08/2021,Incumbent
51-4021.00,"Extruding and Drawing Machine Setters, Operators, and Tenders, Metal and Plastic",4.C.3.d.8,Duration of Typical Work Week,CT,Context,,2.61,20,0.0781,2.4424,2.7694,N,,07/2015,Incumbent
51-4021.00,"Extruding and Drawing Machine Setters, Operators, and Tenders, Metal and Plastic",4.C.3.d.8,Duration of Typical Work Week,CTP,Context (Categories 1-3),1,0.00,20,0.0000,,,N,,07/2015,Incumbent
51-4021.00,"Extruding and Drawing Machine Setters, Operators, and Tenders, Metal and Plastic",4.C.3.d.8,Duration of Typical Work Week,CTP,Context (Categories 1-3),2,39.41,20,7.8104,24.6973,56.3263,N,,07/2015,Incumbent
51-4021.00,"Extruding and Drawing Machine Setters, Operators, and Tenders, Metal and Plastic",4.C.3.d.8,Duration of Typical Work Week,CTP,Context (Categories 1-3),3,60.59,20,7.8104,43.6737,75.3027,N,,07/2015,Incumbent
51-4022.00,"Forging Machine Setters, Operators, and Tenders, Metal and Plastic",4.C.3.d.8,Duration of Typical Work Week,CT,Context,,2.74,13,0.1136,2.4954,2.9903,N,,07/2016,Incumbent
51-4022.00,"Forging Machine Setters, Operators, and Tenders, Metal and Plastic",4.C.3.d.8,Duration of Typical Work Week,CTP,Context (Categories 1-3),1,0.00,13,0.0000,,,Y,,07/2016,Incumbent
51-4022.00,"Forging Machine Setters, Operators, and Tenders, Metal and Plastic",4.C.3.d.8,Duration of Typical Work Week,CTP,Context (Categories 1-3),2,25.72,13,11.3562,8.6587,55.8350,N,,07/2016,Incumbent
51-4022.00,"Forging Machine Setters, Operators, and Tenders, Metal and Plastic",4.C.3.d.8,Duration of Typical Work Week,CTP,Context (Categories 1-3),3,74.28,13,11.3562,44.1650,91.3413,N,,07/2016,Incumbent
51-4023.00,"Rolling Machine Setters, Operators, and Tenders, Metal and Plastic",4.C.3.d.8,Duration of Typical Work Week,CT,Context,,2.40,28,0.1191,2.1568,2.6455,N,,08/2018,Incumbent
51-4023.00,"Rolling Machine Setters, Operators, and Tenders, Metal and Plastic",4.C.3.d.8,Duration of Typical Work Week,CTP,Context (Categories 1-3),1,0.00,28,0.0000,,,N,,08/2018,Incumbent
51-4023.00,"Rolling Machine Setters, Operators, and Tenders, Metal and Plastic",4.C.3.d.8,Duration of Typical Work Week,CTP,Context (Categories 1-3),2,59.89,28,11.9091,35.0592,80.5017,N,,08/2018,Incumbent
51-4023.00,"Rolling Machine Setters, Operators, and Tenders, Metal and Plastic",4.C.3.d.8,Duration of Typical Work Week,CTP,Context (Categories 1-3),3,40.11,28,11.9091,19.4983,64.9408,N,,08/2018,Incumbent
51-4031.00,"Cutting, Punching, and Press Machine Setters, Operators, and Tenders, Metal and Plastic",4.C.3.d.8,Duration of Typical Work Week,CT,Context,,2.31,17,0.2058,1.8692,2.7419,N,,08/2025,Incumbent
51-4031.00,"Cutting, Punching, and Press Machine Setters, Operators, and Tenders, Metal and Plastic",4.C.3.d.8,Duration of Typical Work Week,CTP,Context (Categories 1-3),1,2.30,17,2.0660,0.3326,14.2035,N,,08/2025,Incumbent
51-4031.00,"Cutting, Punching, and Press Machine Setters, Operators, and Tenders, Metal and Plastic",4.C.3.d.8,Duration of Typical Work Week,CTP,Context (Categories 1-3),2,64.85,17,20.8999,20.8964,92.7996,Y,,08/2025,Incumbent
51-4031.00,"Cutting, Punching, and Press Machine Setters, Operators, and Tenders, Metal and Plastic",4.C.3.d.8,Duration of Typical Work Week,CTP,Context (Categories 1-3),3,32.85,17,20.6384,6.3074,78.0476,Y,,08/2025,Incumbent
51-4032.00,"Drilling and Boring Machine Tool Setters, Operators, and Tenders, Metal and Plastic",4.C.3.d.8,Duration of Typical Work Week,CT,Context,,2.79,32,0.0950,2.5968,2.9844,N,,08/2022,Incumbent
51-4032.00,"Drilling and Boring Machine Tool Setters, Operators, and Tenders, Metal and Plastic",4.C.3.d.8,Duration of Typical Work Week,CTP,Context (Categories 1-3),1,0.00,32,0.0000,,,N,,08/2022,Incumbent
51-4032.00,"Drilling and Boring Machine Tool Setters, Operators, and Tenders, Metal and Plastic",4.C.3.d.8,Duration of Typical Work Week,CTP,Context (Categories 1-3),2,20.94,32,9.5017,7.5912,46.0579,N,,08/2022,Incumbent
51-4032.00,"Drilling and Boring Machine Tool Setters, Operators, and Tenders, Metal and Plastic",4.C.3.d.8,Duration of Typical Work Week,CTP,Context (Categories 1-3),3,79.06,32,9.5017,53.9421,92.4088,N,,08/2022,Incumbent
51-4033.00,"Grinding, Lapping, Polishing, and Buffing Machine Tool Setters, Operators, and Tenders, Metal and Plastic",4.C.3.d.8,Duration of Typical Work Week,CT,Context,,2.38,29,0.1261,2.1216,2.6382,N,,07/2016,Incumbent
51-4033.00,"Grinding, Lapping, Polishing, and Buffing Machine Tool Setters, Operators, and Tenders, Metal and Plastic",4.C.3.d.8,Duration of Typical Work Week,CTP,Context (Categories 1-3),1,2.56,29,2.4732,0.3429,16.6915,N,,07/2016,Incumbent
51-4033.00,"Grinding, Lapping, Polishing, and Buffing Machine Tool Setters, Operators, and Tenders, Metal and Plastic",4.C.3.d.8,Duration of Typical Work Week,CTP,Context (Categories 1-3),2,56.89,29,11.3832,33.7764,77.3513,N,,07/2016,Incumbent
51-4033.00,"Grinding, Lapping, Polishing, and Buffing Machine Tool Setters, Operators, and Tenders, Metal and Plastic",4.C.3.d.8,Duration of Typical Work Week,CTP,Context (Categories 1-3),3,40.55,29,11.7538,20.0783,64.9328,N,,07/2016,Incumbent
51-4034.00,"Lathe and Turning Machine Tool Setters, Operators, and Tenders, Metal and Plastic",4.C.3.d.8,Duration of Typical Work Week,CT,Context,,2.41,24,0.1582,2.0816,2.7361,N,,08/2024,Incumbent
51-4034.00,"Lathe and Turning Machine Tool Setters, Operators, and Tenders, Metal and Plastic",4.C.3.d.8,Duration of Typical Work Week,CTP,Context (Categories 1-3),1,0.00,24,0.0000,,,N,,08/2024,Incumbent
51-4034.00,"Lathe and Turning Machine Tool Setters, Operators, and Tenders, Metal and Plastic",4.C.3.d.8,Duration of Typical Work Week,CTP,Context (Categories 1-3),2,59.12,24,15.8189,27.1871,84.8491,N,,08/2024,Incumbent
51-4034.00,"Lathe and Turning Machine Tool Setters, Operators, and Tenders, Metal and Plastic",4.C.3.d.8,Duration of Typical Work Week,CTP,Context (Categories 1-3),3,40.88,24,15.8189,15.1509,72.8129,N,,08/2024,Incumbent
51-4035.00,"Milling and Planing Machine Setters, Operators, and Tenders, Metal and Plastic",4.C.3.d.8,Duration of Typical Work Week,CT,Context,,2.44,22,0.1874,2.0495,2.8290,N,,08/2023,Incumbent
51-4035.00,"Milling and Planing Machine Setters, Operators, and Tenders, Metal and Plastic",4.C.3.d.8,Duration of Typical Work Week,CTP,Context (Categories 1-3),1,6.47,22,6.0644,0.8520,35.7423,N,,08/2023,Incumbent
51-4035.00,"Milling and Planing Machine Setters, Operators, and Tenders, Metal and Plastic",4.C.3.d.8,Duration of Typical Work Week,CTP,Context (Categories 1-3),2,43.14,22,12.4932,20.8299,68.6351,N,,08/2023,Incumbent
51-4035.00,"Milling and Planing Machine Setters, Operators, and Tenders, Metal and Plastic",4.C.3.d.8,Duration of Typical Work Week,CTP,Context (Categories 1-3),3,50.39,22,14.7272,22.9789,77.5703,N,,08/2023,Incumbent
51-4041.00,Machinists,4.C.3.d.8,Duration of Typical Work Week,CT,Context,,2.44,30,0.1124,2.2121,2.6717,N,,08/2020,Incumbent
51-4041.00,Machinists,4.C.3.d.8,Duration of Typical Work Week,CTP,Context (Categories 1-3),1,0.00,30,0.0000,,,N,,08/2020,Incumbent
51-4041.00,Machinists,4.C.3.d.8,Duration of Typical Work Week,CTP,Context (Categories 1-3),2,55.81,30,11.2359,33.2201,76.2301,N,,08/2020,Incumbent
51-4041.00,Machinists,4.C.3.d.8,Duration of Typical Work Week,CTP,Context (Categories 1-3),3,44.19,30,11.2359,23.7699,66.7799,N,,08/2020,Incumbent
51-4051.00,Metal-Refining Furnace Operators and Tenders,4.C.3.d.8,Duration of Typical Work Week,CT,Context,,2.63,22,0.1564,2.3088,2.9594,N,,08/2018,Incumbent
51-4051.00,Metal-Refining Furnace Operators and Tenders,4.C.3.d.8,Duration of Typical Work Week,CTP,Context (Categories 1-3),1,0.80,22,0.8291,0.0921,6.6054,N,,08/2018,Incumbent
51-4051.00,Metal-Refining Furnace Operators and Tenders,4.C.3.d.8,Duration of Typical Work Week,CTP,Context (Categories 1-3),2,34.99,22,15.4855,11.5544,68.9166,N,,08/2018,Incumbent
51-4051.00,Metal-Refining Furnace Operators and Tenders,4.C.3.d.8,Duration of Typical Work Week,CTP,Context (Categories 1-3),3,64.21,22,15.5430,30.5331,87.9857,N,,08/2018,Incumbent
51-4052.00,"Pourers and Casters, Metal",4.C.3.d.8,Duration of Typical Work Week,CT,Context,,2.48,22,0.1880,2.0847,2.8666,N,,08/2024,Incumbent
51-4052.00,"Pourers and Casters, Metal",4.C.3.d.8,Duration of Typical Work Week,CTP,Context (Categories 1-3),1,0.00,22,0.0000,,,N,,08/2024,Incumbent
51-4052.00,"Pourers and Casters, Metal",4.C.3.d.8,Duration of Typical Work Week,CTP,Context (Categories 1-3),2,52.44,22,18.7995,18.6956,84.0936,Y,,08/2024,Incumbent
51-4052.00,"Pourers and Casters, Metal",4.C.3.d.8,Duration of Typical Work Week,CTP,Context (Categories 1-3),3,47.56,22,18.7995,15.9064,81.3044,Y,,08/2024,Incumbent
51-4061.00,"Model Makers, Metal and Plastic",4.C.3.d.8,Duration of Typical Work Week,CT,Context,,2.70,19,0.1156,2.4554,2.9411,N,,08/2025,Incumbent
51-4061.00,"Model Makers, Metal and Plastic",4.C.3.d.8,Duration of Typical Work Week,CTP,Context (Categories 1-3),1,0.00,19,0.0000,,,N,,08/2025,Incumbent
51-4061.00,"Model Makers, Metal and Plastic",4.C.3.d.8,Duration of Typical Work Week,CTP,Context (Categories 1-3),2,30.18,19,11.5603,12.0086,57.7802,N,,08/2025,Incumbent
51-4061.00,"Model Makers, Metal and Plastic",4.C.3.d.8,Duration of Typical Work Week,CTP,Context (Categories 1-3),3,69.82,19,11.5603,42.2198,87.9914,N,,08/2025,Incumbent
51-4062.00,"Patternmakers, Metal and Plastic",4.C.3.d.8,Duration of Typical Work Week,CT,Context,,2.54,24,0.2339,2.0581,3.0000,N,,07/2017,Incumbent
51-4062.00,"Patternmakers, Metal and Plastic",4.C.3.d.8,Duration of Typical Work Week,CTP,Context (Categories 1-3),1,0.14,24,0.1436,0.0162,1.1723,N,,07/2017,Incumbent
51-4062.00,"Patternmakers, Metal and Plastic",4.C.3.d.8,Duration of Typical Work Week,CTP,Context (Categories 1-3),2,45.53,24,23.3541,10.6481,85.4313,Y,,07/2017,Incumbent
51-4062.00,"Patternmakers, Metal and Plastic",4.C.3.d.8,Duration of Typical Work Week,CTP,Context (Categories 1-3),3,54.33,24,23.3701,14.4946,89.3022,Y,,07/2017,Incumbent
51-4071.00,Foundry Mold and Coremakers,4.C.3.d.8,Duration of Typical Work Week,CT,Context,,2.81,21,0.1122,2.5763,3.0000,N,,08/2023,Incumbent
51-4071.00,Foundry Mold and Coremakers,4.C.3.d.8,Duration of Typical Work Week,CTP,Context (Categories 1-3),1,0.00,21,0.0000,,,N,,08/2023,Incumbent
51-4071.00,Foundry Mold and Coremakers,4.C.3.d.8,Duration of Typical Work Week,CTP,Context (Categories 1-3),2,18.96,21,11.2236,4.8512,51.7766,N,,08/2023,Incumbent
51-4071.00,Foundry Mold and Coremakers,4.C.3.d.8,Duration of Typical Work Week,CTP,Context (Categories 1-3),3,81.04,21,11.2236,48.2234,95.1488,N,,08/2023,Incumbent
51-4072.00,"Molding, Coremaking, and Casting Machine Setters, Operators, and Tenders, Metal and Plastic",4.C.3.d.8,Duration of Typical Work Week,CT,Context,,2.64,30,0.1116,2.4142,2.8708,N,,07/2016,Incumbent
51-4072.00,"Molding, Coremaking, and Casting Machine Setters, Operators, and Tenders, Metal and Plastic",4.C.3.d.8,Duration of Typical Work Week,CTP,Context (Categories 1-3),1,0.00,30,0.0000,,,N,,07/2016,Incumbent
51-4072.00,"Molding, Coremaking, and Casting Machine Setters, Operators, and Tenders, Metal and Plastic",4.C.3.d.8,Duration of Typical Work Week,CTP,Context (Categories 1-3),2,35.75,30,11.1624,17.0781,60.0539,N,,07/2016,Incumbent
51-4072.00,"Molding, Coremaking, and Casting Machine Setters, Operators, and Tenders, Metal and Plastic",4.C.3.d.8,Duration of Typical Work Week,CTP,Context (Categories 1-3),3,64.25,30,11.1624,39.9461,82.9219,N,,07/2016,Incumbent
51-4081.00,"Multiple Machine Tool Setters, Operators, and Tenders, Metal and Plastic",4.C.3.d.8,Duration of Typical Work Week,CT,Context,,2.61,16,0.1306,2.3285,2.8853,N,,08/2021,Incumbent
51-4081.00,"Multiple Machine Tool Setters, Operators, and Tenders, Metal and Plastic",4.C.3.d.8,Duration of Typical Work Week,CTP,Context (Categories 1-3),1,0.00,16,0.0000,,,N,,08/2021,Incumbent
51-4081.00,"Multiple Machine Tool Setters, Operators, and Tenders, Metal and Plastic",4.C.3.d.8,Duration of Typical Work Week,CTP,Context (Categories 1-3),2,39.31,16,13.0616,16.7786,67.5365,N,,08/2021,Incumbent
51-4081.00,"Multiple Machine Tool Setters, Operators, and Tenders, Metal and Plastic",4.C.3.d.8,Duration of Typical Work Week,CTP,Context (Categories 1-3),3,60.69,16,13.0616,32.4635,83.2214,N,,08/2021,Incumbent
51-4111.00,Tool and Die Makers,4.C.3.d.8,Duration of Typical Work Week,CT,Context,,2.46,18,0.1886,2.0648,2.8605,N,,08/2021,Incumbent
51-4111.00,Tool and Die Makers,4.C.3.d.8,Duration of Typical Work Week,CTP,Context (Categories 1-3),1,0.00,18,0.0000,,,N,,08/2021,Incumbent
51-4111.00,Tool and Die Makers,4.C.3.d.8,Duration of Typical Work Week,CTP,Context (Categories 1-3),2,53.74,18,18.8585,18.9883,85.1969,Y,,08/2021,Incumbent
51-4111.00,Tool and Die Makers,4.C.3.d.8,Duration of Typical Work Week,CTP,Context (Categories 1-3),3,46.26,18,18.8585,14.8031,81.0117,Y,,08/2021,Incumbent
51-4121.00,"Welders, Cutters, Solderers, and Brazers",4.C.3.d.8,Duration of Typical Work Week,CT,Context,,2.35,42,0.1016,2.1421,2.5524,N,,08/2022,Incumbent
51-4121.00,"Welders, Cutters, Solderers, and Brazers",4.C.3.d.8,Duration of Typical Work Week,CTP,Context (Categories 1-3),1,0.00,42,0.0000,,,N,,08/2022,Incumbent
51-4121.00,"Welders, Cutters, Solderers, and Brazers",4.C.3.d.8,Duration of Typical Work Week,CTP,Context (Categories 1-3),2,65.28,42,10.1579,43.1978,82.2936,N,,08/2022,Incumbent
51-4121.00,"Welders, Cutters, Solderers, and Brazers",4.C.3.d.8,Duration of Typical Work Week,CTP,Context (Categories 1-3),3,34.72,42,10.1579,17.7064,56.8022,N,,08/2022,Incumbent
51-4122.00,"Welding, Soldering, and Brazing Machine Setters, Operators, and Tenders",4.C.3.d.8,Duration of Typical Work Week,CT,Context,,2.42,25,0.1391,2.1315,2.7058,N,,08/2024,Incumbent
51-4122.00,"Welding, Soldering, and Brazing Machine Setters, Operators, and Tenders",4.C.3.d.8,Duration of Typical Work Week,CTP,Context (Categories 1-3),1,5.99,25,5.0864,0.9763,29.1388,N,,08/2024,Incumbent
51-4122.00,"Welding, Soldering, and Brazing Machine Setters, Operators, and Tenders",4.C.3.d.8,Duration of Typical Work Week,CTP,Context (Categories 1-3),2,46.16,25,11.3260,25.0788,68.7129,N,,08/2024,Incumbent
51-4122.00,"Welding, Soldering, and Brazing Machine Setters, Operators, and Tenders",4.C.3.d.8,Duration of Typical Work Week,CTP,Context (Categories 1-3),3,47.85,25,11.6205,25.9787,70.5816,N,,08/2024,Incumbent
51-4191.00,"Heat Treating Equipment Setters, Operators, and Tenders, Metal and Plastic",4.C.3.d.8,Duration of Typical Work Week,CT,Context,,2.56,24,0.1384,2.2688,2.8415,N,,07/2016,Incumbent
51-4191.00,"Heat Treating Equipment Setters, Operators, and Tenders, Metal and Plastic",4.C.3.d.8,Duration of Typical Work Week,CTP,Context (Categories 1-3),1,0.00,24,0.0000,,,N,,07/2016,Incumbent
51-4191.00,"Heat Treating Equipment Setters, Operators, and Tenders, Metal and Plastic",4.C.3.d.8,Duration of Typical Work Week,CTP,Context (Categories 1-3),2,44.48,24,13.8414,20.0842,71.8664,N,,07/2016,Incumbent
51-4191.00,"Heat Treating Equipment Setters, Operators, and Tenders, Metal and Plastic",4.C.3.d.8,Duration of Typical Work Week,CTP,Context (Categories 1-3),3,55.52,24,13.8414,28.1336,79.9158,N,,07/2016,Incumbent
51-4192.00,"Layout Workers, Metal and Plastic",4.C.3.d.8,Duration of Typical Work Week,CT,Context,,2.62,20,0.1534,2.2958,2.9380,N,,08/2018,Incumbent
51-4192.00,"Layout Workers, Metal and Plastic",4.C.3.d.8,Duration of Typical Work Week,CTP,Context (Categories 1-3),1,0.00,20,0.0000,,,N,,08/2018,Incumbent
51-4192.00,"Layout Workers, Metal and Plastic",4.C.3.d.8,Duration of Typical Work Week,CTP,Context (Categories 1-3),2,38.31,20,15.3419,13.7633,70.7302,N,,08/2018,Incumbent
51-4192.00,"Layout Workers, Metal and Plastic",4.C.3.d.8,Duration of Typical Work Week,CTP,Context (Categories 1-3),3,61.69,20,15.3419,29.2698,86.2367,N,,08/2018,Incumbent
51-4193.00,"Plating Machine Setters, Operators, and Tenders, Metal and Plastic",4.C.3.d.8,Duration of Typical Work Week,CT,Context,,2.34,29,0.1805,1.9739,2.7135,N,,07/2016,Incumbent
51-4193.00,"Plating Machine Setters, Operators, and Tenders, Metal and Plastic",4.C.3.d.8,Duration of Typical Work Week,CTP,Context (Categories 1-3),1,0.00,29,0.0000,,,N,,07/2016,Incumbent
51-4193.00,"Plating Machine Setters, Operators, and Tenders, Metal and Plastic",4.C.3.d.8,Duration of Typical Work Week,CTP,Context (Categories 1-3),2,65.63,29,18.0524,27.0412,90.7717,N,,07/2016,Incumbent
51-4193.00,"Plating Machine Setters, Operators, and Tenders, Metal and Plastic",4.C.3.d.8,Duration of Typical Work Week,CTP,Context (Categories 1-3),3,34.37,29,18.0524,9.2283,72.9588,N,,07/2016,Incumbent
51-4194.00,"Tool Grinders, Filers, and Sharpeners",4.C.3.d.8,Duration of Typical Work Week,CT,Context,,2.48,22,0.1232,2.2240,2.7363,N,,07/2016,Incumbent
51-4194.00,"Tool Grinders, Filers, and Sharpeners",4.C.3.d.8,Duration of Typical Work Week,CTP,Context (Categories 1-3),1,0.28,22,0.2870,0.0315,2.3656,N,,07/2016,Incumbent
51-4194.00,"Tool Grinders, Filers, and Sharpeners",4.C.3.d.8,Duration of Typical Work Week,CTP,Context (Categories 1-3),2,51.43,22,12.2655,27.6119,74.6207,N,,07/2016,Incumbent
51-4194.00,"Tool Grinders, Filers, and Sharpeners",4.C.3.d.8,Duration of Typical Work Week,CTP,Context (Categories 1-3),3,48.29,22,12.2885,25.1280,72.2124,N,,07/2016,Incumbent
51-5111.00,Prepress Technicians and Workers,4.C.3.d.8,Duration of Typical Work Week,CT,Context,,1.94,31,0.1490,1.6310,2.2398,N,,07/2016,Incumbent
51-5111.00,Prepress Technicians and Workers,4.C.3.d.8,Duration of Typical Work Week,CTP,Context (Categories 1-3),1,25.61,31,10.1944,10.3505,50.6643,N,,07/2016,Incumbent
51-5111.00,Prepress Technicians and Workers,4.C.3.d.8,Duration of Typical Work Week,CTP,Context (Categories 1-3),2,55.23,31,11.5317,32.2480,76.1794,N,,07/2016,Incumbent
51-5111.00,Prepress Technicians and Workers,4.C.3.d.8,Duration of Typical Work Week,CTP,Context (Categories 1-3),3,19.15,31,8.5803,7.0984,42.3501,N,,07/2016,Incumbent
51-5112.00,Printing Press Operators,4.C.3.d.8,Duration of Typical Work Week,CT,Context,,2.41,21,0.1407,2.1127,2.6996,N,,08/2020,Incumbent
51-5112.00,Printing Press Operators,4.C.3.d.8,Duration of Typical Work Week,CTP,Context (Categories 1-3),1,0.00,21,0.0000,,,N,,08/2020,Incumbent
51-5112.00,Printing Press Operators,4.C.3.d.8,Duration of Typical Work Week,CTP,Context (Categories 1-3),2,59.39,21,14.0669,30.2254,83.1548,N,,08/2020,Incumbent
51-5112.00,Printing Press Operators,4.C.3.d.8,Duration of Typical Work Week,CTP,Context (Categories 1-3),3,40.61,21,14.0669,16.8452,69.7746,N,,08/2020,Incumbent
51-5113.00,Print Binding and Finishing Workers,4.C.3.d.8,Duration of Typical Work Week,CT,Context,,2.01,26,0.1457,1.7088,2.3090,N,,07/2015,Incumbent
51-5113.00,Print Binding and Finishing Workers,4.C.3.d.8,Duration of Typical Work Week,CTP,Context (Categories 1-3),1,13.89,26,9.3056,3.1476,44.4698,N,,07/2015,Incumbent
51-5113.00,Print Binding and Finishing Workers,4.C.3.d.8,Duration of Typical Work Week,CTP,Context (Categories 1-3),2,71.33,26,11.4024,44.1039,88.6909,N,,07/2015,Incumbent
51-5113.00,Print Binding and Finishing Workers,4.C.3.d.8,Duration of Typical Work Week,CTP,Context (Categories 1-3),3,14.78,26,9.1950,3.7141,43.8201,N,,07/2015,Incumbent
51-6011.00,Laundry and Dry-Cleaning Workers,4.C.3.d.8,Duration of Typical Work Week,CT,Context,,1.87,32,0.1011,1.6687,2.0812,N,,07/2015,Incumbent
51-6011.00,Laundry and Dry-Cleaning Workers,4.C.3.d.8,Duration of Typical Work Week,CTP,Context (Categories 1-3),1,25.88,32,8.1485,12.8060,45.3708,N,,07/2015,Incumbent
51-6011.00,Laundry and Dry-Cleaning Workers,4.C.3.d.8,Duration of Typical Work Week,CTP,Context (Categories 1-3),2,60.74,32,11.3996,36.8518,80.3981,N,,07/2015,Incumbent
51-6011.00,Laundry and Dry-Cleaning Workers,4.C.3.d.8,Duration of Typical Work Week,CTP,Context (Categories 1-3),3,13.38,32,7.0507,4.2726,34.8178,N,,07/2015,Incumbent
51-6021.00,"Pressers, Textile, Garment, and Related Materials",4.C.3.d.8,Duration of Typical Work Week,CT,Context,,1.92,22,0.0524,1.8065,2.0245,N,,07/2017,Incumbent
51-6021.00,"Pressers, Textile, Garment, and Related Materials",4.C.3.d.8,Duration of Typical Work Week,CTP,Context (Categories 1-3),1,9.40,22,5.2275,2.8153,27.1057,N,,07/2017,Incumbent
51-6021.00,"Pressers, Textile, Garment, and Related Materials",4.C.3.d.8,Duration of Typical Work Week,CTP,Context (Categories 1-3),2,89.65,22,5.3940,72.1111,96.6651,N,,07/2017,Incumbent
51-6021.00,"Pressers, Textile, Garment, and Related Materials",4.C.3.d.8,Duration of Typical Work Week,CTP,Context (Categories 1-3),3,0.95,22,0.9799,0.1106,7.7003,N,,07/2017,Incumbent
51-6031.00,Sewing Machine Operators,4.C.3.d.8,Duration of Typical Work Week,CT,Context,,2.13,40,0.1240,1.8805,2.3821,N,,07/2017,Incumbent
51-6031.00,Sewing Machine Operators,4.C.3.d.8,Duration of Typical Work Week,CTP,Context (Categories 1-3),1,11.62,40,4.4504,5.1916,24.0078,N,,07/2017,Incumbent
51-6031.00,Sewing Machine Operators,4.C.3.d.8,Duration of Typical Work Week,CTP,Context (Categories 1-3),2,63.62,40,10.8233,40.4473,81.8311,N,,07/2017,Incumbent
51-6031.00,Sewing Machine Operators,4.C.3.d.8,Duration of Typical Work Week,CTP,Context (Categories 1-3),3,24.75,40,10.7526,9.2833,51.3961,N,,07/2017,Incumbent
51-6041.00,Shoe and Leather Workers and Repairers,4.C.3.d.8,Duration of Typical Work Week,CT,Context,,2.12,17,0.2830,1.5236,2.7234,N,,08/2022,Incumbent
51-6041.00,Shoe and Leather Workers and Repairers,4.C.3.d.8,Duration of Typical Work Week,CTP,Context (Categories 1-3),1,23.07,17,11.5547,7.0134,54.3834,N,,08/2022,Incumbent
51-6041.00,Shoe and Leather Workers and Repairers,4.C.3.d.8,Duration of Typical Work Week,CTP,Context (Categories 1-3),2,41.51,17,22.9202,8.7551,84.0030,Y,,08/2022,Incumbent
51-6041.00,Shoe and Leather Workers and Repairers,4.C.3.d.8,Duration of Typical Work Week,CTP,Context (Categories 1-3),3,35.42,17,23.0115,6.1025,82.2291,Y,,08/2022,Incumbent
51-6042.00,Shoe Machine Operators and Tenders,4.C.3.d.8,Duration of Typical Work Week,CT,Context,,1.84,19,0.1415,1.5448,2.1392,N,,08/2024,Incumbent
51-6042.00,Shoe Machine Operators and Tenders,4.C.3.d.8,Duration of Typical Work Week,CTP,Context (Categories 1-3),1,29.86,19,12.3493,10.9775,59.5012,N,,08/2024,Incumbent
51-6042.00,Shoe Machine Operators and Tenders,4.C.3.d.8,Duration of Typical Work Week,CTP,Context (Categories 1-3),2,56.09,19,18.9900,20.1796,86.5839,Y,,08/2024,Incumbent
51-6042.00,Shoe Machine Operators and Tenders,4.C.3.d.8,Duration of Typical Work Week,CTP,Context (Categories 1-3),3,14.05,19,11.3081,2.2368,53.8924,N,,08/2024,Incumbent
51-6051.00,"Sewers, Hand",4.C.3.d.8,Duration of Typical Work Week,CT,Context,,2.12,16,0.2338,1.6192,2.6158,N,,08/2024,Incumbent
51-6051.00,"Sewers, Hand",4.C.3.d.8,Duration of Typical Work Week,CTP,Context (Categories 1-3),1,14.16,16,13.4653,1.5304,63.6315,N,,08/2024,Incumbent
51-6051.00,"Sewers, Hand",4.C.3.d.8,Duration of Typical Work Week,CTP,Context (Categories 1-3),2,59.94,16,24.8798,14.1174,93.1586,Y,,08/2024,Incumbent
51-6051.00,"Sewers, Hand",4.C.3.d.8,Duration of Typical Work Week,CTP,Context (Categories 1-3),3,25.91,16,20.0358,3.6416,76.3863,Y,,08/2024,Incumbent
51-6052.00,"Tailors, Dressmakers, and Custom Sewers",4.C.3.d.8,Duration of Typical Work Week,CT,Context,,2.22,22,0.2159,1.7731,2.6712,N,,08/2020,Incumbent
51-6052.00,"Tailors, Dressmakers, and Custom Sewers",4.C.3.d.8,Duration of Typical Work Week,CTP,Context (Categories 1-3),1,20.38,22,8.4658,7.9573,43.0985,N,,08/2020,Incumbent
51-6052.00,"Tailors, Dressmakers, and Custom Sewers",4.C.3.d.8,Duration of Typical Work Week,CTP,Context (Categories 1-3),2,37.03,22,17.0376,11.4025,72.8822,N,,08/2020,Incumbent
51-6052.00,"Tailors, Dressmakers, and Custom Sewers",4.C.3.d.8,Duration of Typical Work Week,CTP,Context (Categories 1-3),3,42.59,22,17.5098,14.3347,76.6869,N,,08/2020,Incumbent
51-6061.00,Textile Bleaching and Dyeing Machine Operators and Tenders,4.C.3.d.8,Duration of Typical Work Week,CT,Context,,1.90,15,0.1773,1.5182,2.2787,N,,08/2023,Incumbent
51-6061.00,Textile Bleaching and Dyeing Machine Operators and Tenders,4.C.3.d.8,Duration of Typical Work Week,CTP,Context (Categories 1-3),1,21.54,15,10.0411,7.1265,49.5388,N,,08/2023,Incumbent
51-6061.00,Textile Bleaching and Dyeing Machine Operators and Tenders,4.C.3.d.8,Duration of Typical Work Week,CTP,Context (Categories 1-3),2,67.08,15,11.1354,40.8643,85.7372,N,,08/2023,Incumbent
51-6061.00,Textile Bleaching and Dyeing Machine Operators and Tenders,4.C.3.d.8,Duration of Typical Work Week,CTP,Context (Categories 1-3),3,11.38,15,10.8790,1.2539,56.4932,N,,08/2023,Incumbent
51-6062.00,"Textile Cutting Machine Setters, Operators, and Tenders",4.C.3.d.8,Duration of Typical Work Week,CT,Context,,2.16,21,0.1144,1.9249,2.4021,N,,08/2019,Incumbent
51-6062.00,"Textile Cutting Machine Setters, Operators, and Tenders",4.C.3.d.8,Duration of Typical Work Week,CTP,Context (Categories 1-3),1,4.97,21,4.3857,0.7472,26.6307,N,,08/2019,Incumbent
51-6062.00,"Textile Cutting Machine Setters, Operators, and Tenders",4.C.3.d.8,Duration of Typical Work Week,CTP,Context (Categories 1-3),2,73.72,21,11.5231,44.7866,90.6523,N,,08/2019,Incumbent
51-6062.00,"Textile Cutting Machine Setters, Operators, and Tenders",4.C.3.d.8,Duration of Typical Work Week,CTP,Context (Categories 1-3),3,21.32,21,10.6097,6.7511,50.3382,N,,08/2019,Incumbent
51-6063.00,"Textile Knitting and Weaving Machine Setters, Operators, and Tenders",4.C.3.d.8,Duration of Typical Work Week,CT,Context,,2.14,20,0.2550,1.6079,2.6755,N,,08/2023,Incumbent
51-6063.00,"Textile Knitting and Weaving Machine Setters, Operators, and Tenders",4.C.3.d.8,Duration of Typical Work Week,CTP,Context (Categories 1-3),1,15.38,20,12.1252,2.5192,56.0941,N,,08/2023,Incumbent
51-6063.00,"Textile Knitting and Weaving Machine Setters, Operators, and Tenders",4.C.3.d.8,Duration of Typical Work Week,CTP,Context (Categories 1-3),2,55.08,20,18.8006,19.9947,85.7439,Y,,08/2023,Incumbent
51-6063.00,"Textile Knitting and Weaving Machine Setters, Operators, and Tenders",4.C.3.d.8,Duration of Typical Work Week,CTP,Context (Categories 1-3),3,29.55,20,18.8386,5.9349,73.5976,Y,,08/2023,Incumbent
51-6064.00,"Textile Winding, Twisting, and Drawing Out Machine Setters, Operators, and Tenders",4.C.3.d.8,Duration of Typical Work Week,CT,Context,,2.14,23,0.0809,1.9689,2.3044,N,,08/2019,Incumbent
51-6064.00,"Textile Winding, Twisting, and Drawing Out Machine Setters, Operators, and Tenders",4.C.3.d.8,Duration of Typical Work Week,CTP,Context (Categories 1-3),1,9.52,23,8.3397,1.3936,43.9321,N,,08/2019,Incumbent
51-6064.00,"Textile Winding, Twisting, and Drawing Out Machine Setters, Operators, and Tenders",4.C.3.d.8,Duration of Typical Work Week,CTP,Context (Categories 1-3),2,67.30,23,16.3446,30.6070,90.5661,N,,08/2019,Incumbent
51-6064.00,"Textile Winding, Twisting, and Drawing Out Machine Setters, Operators, and Tenders",4.C.3.d.8,Duration of Typical Work Week,CTP,Context (Categories 1-3),3,23.18,23,9.8354,8.7590,48.6841,N,,08/2019,Incumbent
51-6091.00,"Extruding and Forming Machine Setters, Operators, and Tenders, Synthetic and Glass Fibers",4.C.3.d.8,Duration of Typical Work Week,CT,Context,,2.58,17,0.0686,2.4392,2.7301,N,,08/2019,Incumbent
51-6091.00,"Extruding and Forming Machine Setters, Operators, and Tenders, Synthetic and Glass Fibers",4.C.3.d.8,Duration of Typical Work Week,CTP,Context (Categories 1-3),1,0.00,17,0.0000,,,N,,08/2019,Incumbent
51-6091.00,"Extruding and Forming Machine Setters, Operators, and Tenders, Synthetic and Glass Fibers",4.C.3.d.8,Duration of Typical Work Week,CTP,Context (Categories 1-3),2,41.53,17,6.8629,28.0686,56.3944,N,,08/2019,Incumbent
51-6091.00,"Extruding and Forming Machine Setters, Operators, and Tenders, Synthetic and Glass Fibers",4.C.3.d.8,Duration of Typical Work Week,CTP,Context (Categories 1-3),3,58.47,17,6.8629,43.6056,71.9314,N,,08/2019,Incumbent
51-6092.00,Fabric and Apparel Patternmakers,4.C.3.d.8,Duration of Typical Work Week,CT,Context,,2.19,20,0.1049,1.9669,2.4061,N,,07/2016,Incumbent
51-6092.00,Fabric and Apparel Patternmakers,4.C.3.d.8,Duration of Typical Work Week,CTP,Context (Categories 1-3),1,2.42,20,2.4401,0.2839,17.7467,N,,07/2016,Incumbent
51-6092.00,Fabric and Apparel Patternmakers,4.C.3.d.8,Duration of Typical Work Week,CTP,Context (Categories 1-3),2,76.51,20,10.5119,48.9179,91.7236,N,,07/2016,Incumbent
51-6092.00,Fabric and Apparel Patternmakers,4.C.3.d.8,Duration of Typical Work Week,CTP,Context (Categories 1-3),3,21.07,20,10.2152,6.8717,49.1220,N,,07/2016,Incumbent
51-6093.00,Upholsterers,4.C.3.d.8,Duration of Typical Work Week,CT,Context,,2.05,18,0.2312,1.5589,2.5342,N,,07/2016,Incumbent
51-6093.00,Upholsterers,4.C.3.d.8,Duration of Typical Work Week,CTP,Context (Categories 1-3),1,17.25,18,16.0369,1.9100,69.0490,Y,,07/2016,Incumbent
51-6093.00,Upholsterers,4.C.3.d.8,Duration of Typical Work Week,CTP,Context (Categories 1-3),2,60.85,18,19.7658,21.2568,89.9486,Y,,07/2016,Incumbent
51-6093.00,Upholsterers,4.C.3.d.8,Duration of Typical Work Week,CTP,Context (Categories 1-3),3,21.90,18,14.3292,4.5706,62.1530,N,,07/2016,Incumbent
51-7011.00,Cabinetmakers and Bench Carpenters,4.C.3.d.8,Duration of Typical Work Week,CT,Context,,2.28,20,0.1947,1.8735,2.6886,N,,07/2015,Incumbent
51-7011.00,Cabinetmakers and Bench Carpenters,4.C.3.d.8,Duration of Typical Work Week,CTP,Context (Categories 1-3),1,10.40,20,7.9445,1.9138,40.8701,N,,07/2015,Incumbent
51-7011.00,Cabinetmakers and Bench Carpenters,4.C.3.d.8,Duration of Typical Work Week,CTP,Context (Categories 1-3),2,51.09,20,20.4775,15.8192,85.3044,Y,,07/2015,Incumbent
51-7011.00,Cabinetmakers and Bench Carpenters,4.C.3.d.8,Duration of Typical Work Week,CTP,Context (Categories 1-3),3,38.51,20,18.3346,11.0210,75.9982,N,,07/2015,Incumbent
51-7021.00,Furniture Finishers,4.C.3.d.8,Duration of Typical Work Week,CT,Context,,2.25,21,0.2250,1.7787,2.7173,N,,07/2017,Incumbent
51-7021.00,Furniture Finishers,4.C.3.d.8,Duration of Typical Work Week,CTP,Context (Categories 1-3),1,11.34,21,7.0161,2.8945,35.4170,N,,07/2017,Incumbent
51-7021.00,Furniture Finishers,4.C.3.d.8,Duration of Typical Work Week,CTP,Context (Categories 1-3),2,52.53,21,13.1395,26.9337,76.8579,N,,07/2017,Incumbent
51-7021.00,Furniture Finishers,4.C.3.d.8,Duration of Typical Work Week,CTP,Context (Categories 1-3),3,36.14,21,17.0348,10.8213,72.5180,N,,07/2017,Incumbent
51-7031.00,"Model Makers, Wood",4.C.3.d.8,Duration of Typical Work Week,CT,Context,,2.23,16,0.1251,1.9636,2.4971,N,,08/2024,Incumbent
51-7031.00,"Model Makers, Wood",4.C.3.d.8,Duration of Typical Work Week,CTP,Context (Categories 1-3),1,0.00,16,0.0000,,,N,,08/2024,Incumbent
51-7031.00,"Model Makers, Wood",4.C.3.d.8,Duration of Typical Work Week,CTP,Context (Categories 1-3),2,76.96,16,12.5149,42.5977,93.7655,N,,08/2024,Incumbent
51-7031.00,"Model Makers, Wood",4.C.3.d.8,Duration of Typical Work Week,CTP,Context (Categories 1-3),3,23.04,16,12.5149,6.2345,57.4023,N,,08/2024,Incumbent
51-7032.00,"Patternmakers, Wood",4.C.3.d.8,Duration of Typical Work Week,CT,Context,,2.44,24,0.1252,2.1858,2.7037,N,,08/2021,Incumbent
51-7032.00,"Patternmakers, Wood",4.C.3.d.8,Duration of Typical Work Week,CTP,Context (Categories 1-3),1,0.00,24,0.0000,,,N,,08/2021,Incumbent
51-7032.00,"Patternmakers, Wood",4.C.3.d.8,Duration of Typical Work Week,CTP,Context (Categories 1-3),2,55.52,24,12.5182,30.4319,78.0819,N,,08/2021,Incumbent
51-7032.00,"Patternmakers, Wood",4.C.3.d.8,Duration of Typical Work Week,CTP,Context (Categories 1-3),3,44.48,24,12.5182,21.9181,69.5681,N,,08/2021,Incumbent
51-7041.00,"Sawing Machine Setters, Operators, and Tenders, Wood",4.C.3.d.8,Duration of Typical Work Week,CT,Context,,2.22,19,0.1846,1.8299,2.6058,N,,07/2013,Incumbent
51-7041.00,"Sawing Machine Setters, Operators, and Tenders, Wood",4.C.3.d.8,Duration of Typical Work Week,CTP,Context (Categories 1-3),1,15.45,19,9.4877,3.8189,45.6656,N,,07/2013,Incumbent
51-7041.00,"Sawing Machine Setters, Operators, and Tenders, Wood",4.C.3.d.8,Duration of Typical Work Week,CTP,Context (Categories 1-3),2,47.32,19,11.8125,24.9220,70.8542,N,,07/2013,Incumbent
51-7041.00,"Sawing Machine Setters, Operators, and Tenders, Wood",4.C.3.d.8,Duration of Typical Work Week,CTP,Context (Categories 1-3),3,37.23,19,12.2563,16.4642,64.0965,N,,07/2013,Incumbent
51-7042.00,"Woodworking Machine Setters, Operators, and Tenders, Except Sawing",4.C.3.d.8,Duration of Typical Work Week,CT,Context,,2.33,31,0.1308,2.0631,2.5976,N,,07/2015,Incumbent
51-7042.00,"Woodworking Machine Setters, Operators, and Tenders, Except Sawing",4.C.3.d.8,Duration of Typical Work Week,CTP,Context (Categories 1-3),1,4.35,31,3.3533,0.8674,19.0905,N,,07/2015,Incumbent
51-7042.00,"Woodworking Machine Setters, Operators, and Tenders, Except Sawing",4.C.3.d.8,Duration of Typical Work Week,CTP,Context (Categories 1-3),2,58.27,31,11.9800,33.8001,79.2522,N,,07/2015,Incumbent
51-7042.00,"Woodworking Machine Setters, Operators, and Tenders, Except Sawing",4.C.3.d.8,Duration of Typical Work Week,CTP,Context (Categories 1-3),3,37.38,31,12.0875,17.2141,63.1510,N,,07/2015,Incumbent
51-8011.00,Nuclear Power Reactor Operators,4.C.3.d.8,Duration of Typical Work Week,CT,Context,,2.70,40,0.0822,2.5355,2.8679,N,,07/2014,Incumbent
51-8011.00,Nuclear Power Reactor Operators,4.C.3.d.8,Duration of Typical Work Week,CTP,Context (Categories 1-3),1,0.00,40,0.0000,,,N,,07/2014,Incumbent
51-8011.00,Nuclear Power Reactor Operators,4.C.3.d.8,Duration of Typical Work Week,CTP,Context (Categories 1-3),2,29.83,40,8.2175,16.1178,48.4673,N,,07/2014,Incumbent
51-8011.00,Nuclear Power Reactor Operators,4.C.3.d.8,Duration of Typical Work Week,CTP,Context (Categories 1-3),3,70.17,40,8.2175,51.5327,83.8822,N,,07/2014,Incumbent
51-8012.00,Power Distributors and Dispatchers,4.C.3.d.8,Duration of Typical Work Week,CT,Context,,2.47,17,0.0900,2.2792,2.6607,N,,08/2024,Incumbent
51-8012.00,Power Distributors and Dispatchers,4.C.3.d.8,Duration of Typical Work Week,CTP,Context (Categories 1-3),1,0.00,17,0.0000,,,N,,08/2024,Incumbent
51-8012.00,Power Distributors and Dispatchers,4.C.3.d.8,Duration of Typical Work Week,CTP,Context (Categories 1-3),2,53.01,17,9.0002,34.3981,70.8126,N,,08/2024,Incumbent
51-8012.00,Power Distributors and Dispatchers,4.C.3.d.8,Duration of Typical Work Week,CTP,Context (Categories 1-3),3,46.99,17,9.0002,29.1874,65.6019,N,,08/2024,Incumbent
51-8013.00,Power Plant Operators,4.C.3.d.8,Duration of Typical Work Week,CT,Context,,2.78,18,0.0888,2.5914,2.9660,N,,08/2024,Incumbent
51-8013.00,Power Plant Operators,4.C.3.d.8,Duration of Typical Work Week,CTP,Context (Categories 1-3),1,0.00,18,0.0000,,,N,,08/2024,Incumbent
51-8013.00,Power Plant Operators,4.C.3.d.8,Duration of Typical Work Week,CTP,Context (Categories 1-3),2,22.13,18,8.8770,8.7484,45.7296,N,,08/2024,Incumbent
51-8013.00,Power Plant Operators,4.C.3.d.8,Duration of Typical Work Week,CTP,Context (Categories 1-3),3,77.87,18,8.8770,54.2704,91.2516,N,,08/2024,Incumbent
51-8013.03,Biomass Plant Technicians,4.C.3.d.8,Duration of Typical Work Week,CT,Context,,2.61,47,0.1881,2.2310,2.9884,N,,08/2020,Incumbent
51-8013.03,Biomass Plant Technicians,4.C.3.d.8,Duration of Typical Work Week,CTP,Context (Categories 1-3),1,0.00,47,0.0000,,,N,,08/2020,Incumbent
51-8013.03,Biomass Plant Technicians,4.C.3.d.8,Duration of Typical Work Week,CTP,Context (Categories 1-3),2,39.03,47,18.8122,11.5329,75.8629,Y,,08/2020,Incumbent
51-8013.03,Biomass Plant Technicians,4.C.3.d.8,Duration of Typical Work Week,CTP,Context (Categories 1-3),3,60.97,47,18.8122,24.1371,88.4671,Y,,08/2020,Incumbent
51-8013.04,Hydroelectric Plant Technicians,4.C.3.d.8,Duration of Typical Work Week,CT,Context,,2.33,32,0.1515,2.0183,2.6363,N,,08/2024,Incumbent
51-8013.04,Hydroelectric Plant Technicians,4.C.3.d.8,Duration of Typical Work Week,CTP,Context (Categories 1-3),1,0.00,32,0.0000,,,N,,08/2024,Incumbent
51-8013.04,Hydroelectric Plant Technicians,4.C.3.d.8,Duration of Typical Work Week,CTP,Context (Categories 1-3),2,67.27,32,15.1522,33.5560,89.3215,N,,08/2024,Incumbent
51-8013.04,Hydroelectric Plant Technicians,4.C.3.d.8,Duration of Typical Work Week,CTP,Context (Categories 1-3),3,32.73,32,15.1522,10.6785,66.4440,N,,08/2024,Incumbent
51-8021.00,Stationary Engineers and Boiler Operators,4.C.3.d.8,Duration of Typical Work Week,CT,Context,,2.32,21,0.1081,2.0898,2.5410,N,,08/2023,Incumbent
51-8021.00,Stationary Engineers and Boiler Operators,4.C.3.d.8,Duration of Typical Work Week,CTP,Context (Categories 1-3),1,0.00,21,0.0000,,,N,,08/2023,Incumbent
51-8021.00,Stationary Engineers and Boiler Operators,4.C.3.d.8,Duration of Typical Work Week,CTP,Context (Categories 1-3),2,68.46,21,10.8144,43.2985,86.0552,N,,08/2023,Incumbent
51-8021.00,Stationary Engineers and Boiler Operators,4.C.3.d.8,Duration of Typical Work Week,CTP,Context (Categories 1-3),3,31.54,21,10.8144,13.9448,56.7015,N,,08/2023,Incumbent
51-8031.00,Water and Wastewater Treatment Plant and System Operators,4.C.3.d.8,Duration of Typical Work Week,CT,Context,,2.33,24,,,,,,08/2025,Occupational Expert
51-8031.00,Water and Wastewater Treatment Plant and System Operators,4.C.3.d.8,Duration of Typical Work Week,CTP,Context (Categories 1-3),1,0.00,24,,,,,,08/2025,Occupational Expert
51-8031.00,Water and Wastewater Treatment Plant and System Operators,4.C.3.d.8,Duration of Typical Work Week,CTP,Context (Categories 1-3),2,66.67,24,,,,,,08/2025,Occupational Expert
51-8031.00,Water and Wastewater Treatment Plant and System Operators,4.C.3.d.8,Duration of Typical Work Week,CTP,Context (Categories 1-3),3,33.33,24,,,,,,08/2025,Occupational Expert
51-8091.00,Chemical Plant and System Operators,4.C.3.d.8,Duration of Typical Work Week,CT,Context,,2.45,34,0.1889,2.0612,2.8297,N,,07/2015,Incumbent
51-8091.00,Chemical Plant and System Operators,4.C.3.d.8,Duration of Typical Work Week,CTP,Context (Categories 1-3),1,4.93,34,5.2679,0.5227,33.8122,N,,07/2015,Incumbent
51-8091.00,Chemical Plant and System Operators,4.C.3.d.8,Duration of Typical Work Week,CTP,Context (Categories 1-3),2,45.60,34,16.0300,18.3742,75.7355,N,,07/2015,Incumbent
51-8091.00,Chemical Plant and System Operators,4.C.3.d.8,Duration of Typical Work Week,CTP,Context (Categories 1-3),3,49.47,34,16.7057,20.0900,79.2268,N,,07/2015,Incumbent
51-8092.00,Gas Plant Operators,4.C.3.d.8,Duration of Typical Work Week,CT,Context,,2.44,22,0.2018,2.0177,2.8569,N,,08/2023,Incumbent
51-8092.00,Gas Plant Operators,4.C.3.d.8,Duration of Typical Work Week,CTP,Context (Categories 1-3),1,7.82,22,8.0173,0.8335,46.1464,N,,08/2023,Incumbent
51-8092.00,Gas Plant Operators,4.C.3.d.8,Duration of Typical Work Week,CTP,Context (Categories 1-3),2,40.62,22,13.0026,18.2325,67.7309,N,,08/2023,Incumbent
51-8092.00,Gas Plant Operators,4.C.3.d.8,Duration of Typical Work Week,CTP,Context (Categories 1-3),3,51.56,22,14.9606,23.4430,78.7168,N,,08/2023,Incumbent
51-8093.00,"Petroleum Pump System Operators, Refinery Operators, and Gaugers",4.C.3.d.8,Duration of Typical Work Week,CT,Context,,2.62,25,0.1677,2.2727,2.9650,N,,08/2023,Incumbent
51-8093.00,"Petroleum Pump System Operators, Refinery Operators, and Gaugers",4.C.3.d.8,Duration of Typical Work Week,CTP,Context (Categories 1-3),1,0.00,25,0.0000,,,N,,08/2023,Incumbent
51-8093.00,"Petroleum Pump System Operators, Refinery Operators, and Gaugers",4.C.3.d.8,Duration of Typical Work Week,CTP,Context (Categories 1-3),2,38.12,25,16.7720,12.4320,72.7686,N,,08/2023,Incumbent
51-8093.00,"Petroleum Pump System Operators, Refinery Operators, and Gaugers",4.C.3.d.8,Duration of Typical Work Week,CTP,Context (Categories 1-3),3,61.88,25,16.7720,27.2314,87.5680,N,,08/2023,Incumbent
51-8099.01,Biofuels Processing Technicians,4.C.3.d.8,Duration of Typical Work Week,CT,Context,,2.47,23,0.1287,2.2049,2.7387,N,,07/2016,Incumbent
51-8099.01,Biofuels Processing Technicians,4.C.3.d.8,Duration of Typical Work Week,CTP,Context (Categories 1-3),1,0.00,23,0.0000,,,N,,07/2016,Incumbent
51-8099.01,Biofuels Processing Technicians,4.C.3.d.8,Duration of Typical Work Week,CTP,Context (Categories 1-3),2,52.82,23,12.8695,27.7295,76.5683,N,,07/2016,Incumbent
51-8099.01,Biofuels Processing Technicians,4.C.3.d.8,Duration of Typical Work Week,CTP,Context (Categories 1-3),3,47.18,23,12.8695,23.4317,72.2705,N,,07/2016,Incumbent
51-9011.00,Chemical Equipment Operators and Tenders,4.C.3.d.8,Duration of Typical Work Week,CT,Context,,2.53,22,0.1372,2.2473,2.8180,N,,07/2015,Incumbent
51-9011.00,Chemical Equipment Operators and Tenders,4.C.3.d.8,Duration of Typical Work Week,CTP,Context (Categories 1-3),1,0.00,22,0.0000,,,N,,07/2015,Incumbent
51-9011.00,Chemical Equipment Operators and Tenders,4.C.3.d.8,Duration of Typical Work Week,CTP,Context (Categories 1-3),2,46.73,22,13.7202,21.8064,73.4077,N,,07/2015,Incumbent
51-9011.00,Chemical Equipment Operators and Tenders,4.C.3.d.8,Duration of Typical Work Week,CTP,Context (Categories 1-3),3,53.27,22,13.7202,26.5923,78.1936,N,,07/2015,Incumbent
51-9012.00,"Separating, Filtering, Clarifying, Precipitating, and Still Machine Setters, Operators, and Tenders",4.C.3.d.8,Duration of Typical Work Week,CT,Context,,2.47,30,0.1086,2.2486,2.6930,N,,07/2015,Incumbent
51-9012.00,"Separating, Filtering, Clarifying, Precipitating, and Still Machine Setters, Operators, and Tenders",4.C.3.d.8,Duration of Typical Work Week,CTP,Context (Categories 1-3),1,0.43,30,0.4533,0.0479,3.6709,N,,07/2015,Incumbent
51-9012.00,"Separating, Filtering, Clarifying, Precipitating, and Still Machine Setters, Operators, and Tenders",4.C.3.d.8,Duration of Typical Work Week,CTP,Context (Categories 1-3),2,52.07,30,10.9631,30.6684,72.7340,N,,07/2015,Incumbent
51-9012.00,"Separating, Filtering, Clarifying, Precipitating, and Still Machine Setters, Operators, and Tenders",4.C.3.d.8,Duration of Typical Work Week,CTP,Context (Categories 1-3),3,47.51,30,10.9041,27.0106,68.8790,N,,07/2015,Incumbent
51-9021.00,"Crushing, Grinding, and Polishing Machine Setters, Operators, and Tenders",4.C.3.d.8,Duration of Typical Work Week,CT,Context,,2.65,16,0.1454,2.3379,2.9579,N,,08/2024,Incumbent
51-9021.00,"Crushing, Grinding, and Polishing Machine Setters, Operators, and Tenders",4.C.3.d.8,Duration of Typical Work Week,CTP,Context (Categories 1-3),1,0.00,16,0.0000,,,N,,08/2024,Incumbent
51-9021.00,"Crushing, Grinding, and Polishing Machine Setters, Operators, and Tenders",4.C.3.d.8,Duration of Typical Work Week,CTP,Context (Categories 1-3),2,35.21,16,14.5438,12.2551,67.8992,N,,08/2024,Incumbent
51-9021.00,"Crushing, Grinding, and Polishing Machine Setters, Operators, and Tenders",4.C.3.d.8,Duration of Typical Work Week,CTP,Context (Categories 1-3),3,64.79,16,14.5438,32.1008,87.7449,N,,08/2024,Incumbent
51-9022.00,"Grinding and Polishing Workers, Hand",4.C.3.d.8,Duration of Typical Work Week,CT,Context,,2.40,17,0.2100,1.9537,2.8441,N,,08/2023,Incumbent
51-9022.00,"Grinding and Polishing Workers, Hand",4.C.3.d.8,Duration of Typical Work Week,CTP,Context (Categories 1-3),1,0.00,17,0.0000,,,N,,08/2023,Incumbent
51-9022.00,"Grinding and Polishing Workers, Hand",4.C.3.d.8,Duration of Typical Work Week,CTP,Context (Categories 1-3),2,60.11,17,21.0029,19.0490,90.6101,Y,,08/2023,Incumbent
51-9022.00,"Grinding and Polishing Workers, Hand",4.C.3.d.8,Duration of Typical Work Week,CTP,Context (Categories 1-3),3,39.89,17,21.0029,9.3899,80.9510,Y,,08/2023,Incumbent
51-9023.00,"Mixing and Blending Machine Setters, Operators, and Tenders",4.C.3.d.8,Duration of Typical Work Week,CT,Context,,2.30,17,0.1542,1.9765,2.6301,N,,08/2023,Incumbent
51-9023.00,"Mixing and Blending Machine Setters, Operators, and Tenders",4.C.3.d.8,Duration of Typical Work Week,CTP,Context (Categories 1-3),1,0.00,17,0.0000,,,N,,08/2023,Incumbent
51-9023.00,"Mixing and Blending Machine Setters, Operators, and Tenders",4.C.3.d.8,Duration of Typical Work Week,CTP,Context (Categories 1-3),2,69.67,17,15.4161,32.8509,91.5155,N,,08/2023,Incumbent
51-9023.00,"Mixing and Blending Machine Setters, Operators, and Tenders",4.C.3.d.8,Duration of Typical Work Week,CTP,Context (Categories 1-3),3,30.33,17,15.4161,8.4845,67.1491,N,,08/2023,Incumbent
51-9031.00,"Cutters and Trimmers, Hand",4.C.3.d.8,Duration of Typical Work Week,CT,Context,,2.04,16,0.0342,1.9634,2.1092,N,,08/2019,Incumbent
51-9031.00,"Cutters and Trimmers, Hand",4.C.3.d.8,Duration of Typical Work Week,CTP,Context (Categories 1-3),1,0.00,16,0.0000,,,N,,08/2019,Incumbent
51-9031.00,"Cutters and Trimmers, Hand",4.C.3.d.8,Duration of Typical Work Week,CTP,Context (Categories 1-3),2,96.37,16,3.4224,76.7403,99.5341,N,,08/2019,Incumbent
51-9031.00,"Cutters and Trimmers, Hand",4.C.3.d.8,Duration of Typical Work Week,CTP,Context (Categories 1-3),3,3.63,16,3.4224,0.4659,23.2597,N,,08/2019,Incumbent
51-9032.00,"Cutting and Slicing Machine Setters, Operators, and Tenders",4.C.3.d.8,Duration of Typical Work Week,CT,Context,,2.48,40,0.1614,2.1545,2.8074,N,,07/2016,Incumbent
51-9032.00,"Cutting and Slicing Machine Setters, Operators, and Tenders",4.C.3.d.8,Duration of Typical Work Week,CTP,Context (Categories 1-3),1,8.25,40,6.5724,1.5303,34.2374,N,,07/2016,Incumbent
51-9032.00,"Cutting and Slicing Machine Setters, Operators, and Tenders",4.C.3.d.8,Duration of Typical Work Week,CTP,Context (Categories 1-3),2,35.40,40,11.5894,16.4312,60.4350,N,,07/2016,Incumbent
51-9032.00,"Cutting and Slicing Machine Setters, Operators, and Tenders",4.C.3.d.8,Duration of Typical Work Week,CTP,Context (Categories 1-3),3,56.35,40,12.4185,31.7346,78.1838,N,,07/2016,Incumbent
51-9041.00,"Extruding, Forming, Pressing, and Compacting Machine Setters, Operators, and Tenders",4.C.3.d.8,Duration of Typical Work Week,CT,Context,,2.26,39,0.1140,2.0252,2.4866,N,,07/2016,Incumbent
51-9041.00,"Extruding, Forming, Pressing, and Compacting Machine Setters, Operators, and Tenders",4.C.3.d.8,Duration of Typical Work Week,CTP,Context (Categories 1-3),1,0.00,39,0.0000,,,N,,07/2016,Incumbent
51-9041.00,"Extruding, Forming, Pressing, and Compacting Machine Setters, Operators, and Tenders",4.C.3.d.8,Duration of Typical Work Week,CTP,Context (Categories 1-3),2,74.41,39,11.3952,46.4048,90.7121,N,,07/2016,Incumbent
51-9041.00,"Extruding, Forming, Pressing, and Compacting Machine Setters, Operators, and Tenders",4.C.3.d.8,Duration of Typical Work Week,CTP,Context (Categories 1-3),3,25.59,39,11.3952,9.2879,53.5952,N,,07/2016,Incumbent
51-9051.00,"Furnace, Kiln, Oven, Drier, and Kettle Operators and Tenders",4.C.3.d.8,Duration of Typical Work Week,CT,Context,,2.34,24,0.1212,2.0934,2.5947,N,,07/2015,Incumbent
51-9051.00,"Furnace, Kiln, Oven, Drier, and Kettle Operators and Tenders",4.C.3.d.8,Duration of Typical Work Week,CTP,Context (Categories 1-3),1,0.00,24,0.0000,,,N,,07/2015,Incumbent
51-9051.00,"Furnace, Kiln, Oven, Drier, and Kettle Operators and Tenders",4.C.3.d.8,Duration of Typical Work Week,CTP,Context (Categories 1-3),2,65.60,24,12.1152,38.5759,85.2697,N,,07/2015,Incumbent
51-9051.00,"Furnace, Kiln, Oven, Drier, and Kettle Operators and Tenders",4.C.3.d.8,Duration of Typical Work Week,CTP,Context (Categories 1-3),3,34.40,24,12.1152,14.7303,61.4241,N,,07/2015,Incumbent
51-9061.00,"Inspectors, Testers, Sorters, Samplers, and Weighers",4.C.3.d.8,Duration of Typical Work Week,CT,Context,,2.51,22,0.1270,2.2449,2.7730,N,,08/2020,Incumbent
51-9061.00,"Inspectors, Testers, Sorters, Samplers, and Weighers",4.C.3.d.8,Duration of Typical Work Week,CTP,Context (Categories 1-3),1,0.00,22,0.0000,,,N,,08/2020,Incumbent
51-9061.00,"Inspectors, Testers, Sorters, Samplers, and Weighers",4.C.3.d.8,Duration of Typical Work Week,CTP,Context (Categories 1-3),2,49.10,22,12.6979,25.1154,73.5117,N,,08/2020,Incumbent
51-9061.00,"Inspectors, Testers, Sorters, Samplers, and Weighers",4.C.3.d.8,Duration of Typical Work Week,CTP,Context (Categories 1-3),3,50.90,22,12.6979,26.4883,74.8846,N,,08/2020,Incumbent
51-9071.00,Jewelers and Precious Stone and Metal Workers,4.C.3.d.8,Duration of Typical Work Week,CT,Context,,2.32,18,0.1584,1.9902,2.6588,N,,08/2025,Incumbent
51-9071.00,Jewelers and Precious Stone and Metal Workers,4.C.3.d.8,Duration of Typical Work Week,CTP,Context (Categories 1-3),1,14.88,18,9.1131,3.6913,44.3729,N,,08/2025,Incumbent
51-9071.00,Jewelers and Precious Stone and Metal Workers,4.C.3.d.8,Duration of Typical Work Week,CTP,Context (Categories 1-3),2,37.79,18,14.6520,14.0216,69.3476,N,,08/2025,Incumbent
51-9071.00,Jewelers and Precious Stone and Metal Workers,4.C.3.d.8,Duration of Typical Work Week,CTP,Context (Categories 1-3),3,47.33,18,12.2402,24.1788,71.6869,N,,08/2025,Incumbent
51-9071.06,Gem and Diamond Workers,4.C.3.d.8,Duration of Typical Work Week,CT,Context,,2.64,16,0.2455,2.1192,3.0000,N,,06/2008,Incumbent
51-9071.06,Gem and Diamond Workers,4.C.3.d.8,Duration of Typical Work Week,CTP,Context (Categories 1-3),1,8.90,16,7.1482,1.4719,39.0070,N,,06/2008,Incumbent
51-9071.06,Gem and Diamond Workers,4.C.3.d.8,Duration of Typical Work Week,CTP,Context (Categories 1-3),2,17.94,16,12.5570,3.4272,57.3867,N,,06/2008,Incumbent
51-9071.06,Gem and Diamond Workers,4.C.3.d.8,Duration of Typical Work Week,CTP,Context (Categories 1-3),3,73.16,16,18.1436,27.5540,95.1287,Y,,06/2008,Incumbent
51-9081.00,Dental Laboratory Technicians,4.C.3.d.8,Duration of Typical Work Week,CT,Context,,2.04,22,0.1866,1.6479,2.4239,N,,08/2022,Incumbent
51-9081.00,Dental Laboratory Technicians,4.C.3.d.8,Duration of Typical Work Week,CTP,Context (Categories 1-3),1,22.78,22,9.4396,8.8152,47.3845,N,,08/2022,Incumbent
51-9081.00,Dental Laboratory Technicians,4.C.3.d.8,Duration of Typical Work Week,CTP,Context (Categories 1-3),2,50.84,22,9.8313,31.3399,70.0949,N,,08/2022,Incumbent
51-9081.00,Dental Laboratory Technicians,4.C.3.d.8,Duration of Typical Work Week,CTP,Context (Categories 1-3),3,26.37,22,11.5446,9.4220,55.2239,N,,08/2022,Incumbent
51-9082.00,Medical Appliance Technicians,4.C.3.d.8,Duration of Typical Work Week,CT,Context,,1.97,31,0.2207,1.5242,2.4258,N,,07/2015,Incumbent
51-9082.00,Medical Appliance Technicians,4.C.3.d.8,Duration of Typical Work Week,CTP,Context (Categories 1-3),1,24.79,31,16.0036,5.4045,65.5471,N,,07/2015,Incumbent
51-9082.00,Medical Appliance Technicians,4.C.3.d.8,Duration of Typical Work Week,CTP,Context (Categories 1-3),2,52.91,31,12.7346,28.3497,76.1426,N,,07/2015,Incumbent
51-9082.00,Medical Appliance Technicians,4.C.3.d.8,Duration of Typical Work Week,CTP,Context (Categories 1-3),3,22.29,31,8.2832,9.7504,43.2374,N,,07/2015,Incumbent
51-9083.00,Ophthalmic Laboratory Technicians,4.C.3.d.8,Duration of Typical Work Week,CT,Context,,1.90,28,0.1512,1.5943,2.2145,N,,07/2015,Incumbent
51-9083.00,Ophthalmic Laboratory Technicians,4.C.3.d.8,Duration of Typical Work Week,CTP,Context (Categories 1-3),1,23.71,28,10.9989,8.1954,51.9750,N,,07/2015,Incumbent
51-9083.00,Ophthalmic Laboratory Technicians,4.C.3.d.8,Duration of Typical Work Week,CTP,Context (Categories 1-3),2,62.14,28,13.1960,34.1754,83.8378,N,,07/2015,Incumbent
51-9083.00,Ophthalmic Laboratory Technicians,4.C.3.d.8,Duration of Typical Work Week,CTP,Context (Categories 1-3),3,14.15,28,8.9624,3.5009,42.8227,N,,07/2015,Incumbent
51-9111.00,Packaging and Filling Machine Operators and Tenders,4.C.3.d.8,Duration of Typical Work Week,CT,Context,,2.19,30,0.1640,1.8512,2.5219,N,,07/2017,Incumbent
51-9111.00,Packaging and Filling Machine Operators and Tenders,4.C.3.d.8,Duration of Typical Work Week,CTP,Context (Categories 1-3),1,11.60,30,10.8972,1.4706,53.5605,N,,07/2017,Incumbent
51-9111.00,Packaging and Filling Machine Operators and Tenders,4.C.3.d.8,Duration of Typical Work Week,CTP,Context (Categories 1-3),2,58.15,30,12.9626,31.8531,80.5065,N,,07/2017,Incumbent
51-9111.00,Packaging and Filling Machine Operators and Tenders,4.C.3.d.8,Duration of Typical Work Week,CTP,Context (Categories 1-3),3,30.25,30,9.9859,14.1465,53.3112,N,,07/2017,Incumbent
51-9123.00,"Painting, Coating, and Decorating Workers",4.C.3.d.8,Duration of Typical Work Week,CT,Context,,1.75,19,0.2180,1.2930,2.2089,N,,08/2019,Incumbent
51-9123.00,"Painting, Coating, and Decorating Workers",4.C.3.d.8,Duration of Typical Work Week,CTP,Context (Categories 1-3),1,29.56,19,20.8241,4.8820,77.4304,Y,,08/2019,Incumbent
51-9123.00,"Painting, Coating, and Decorating Workers",4.C.3.d.8,Duration of Typical Work Week,CTP,Context (Categories 1-3),2,65.79,19,20.3496,22.3451,92.7792,Y,,08/2019,Incumbent
51-9123.00,"Painting, Coating, and Decorating Workers",4.C.3.d.8,Duration of Typical Work Week,CTP,Context (Categories 1-3),3,4.65,19,3.3085,1.0091,18.9477,N,,08/2019,Incumbent
51-9124.00,"Coating, Painting, and Spraying Machine Setters, Operators, and Tenders",4.C.3.d.8,Duration of Typical Work Week,CT,Context,,2.18,37,0.2009,1.7737,2.5885,N,,08/2022,Incumbent
51-9124.00,"Coating, Painting, and Spraying Machine Setters, Operators, and Tenders",4.C.3.d.8,Duration of Typical Work Week,CTP,Context (Categories 1-3),1,15.53,37,8.8198,4.4891,41.8221,N,,08/2022,Incumbent
51-9124.00,"Coating, Painting, and Spraying Machine Setters, Operators, and Tenders",4.C.3.d.8,Duration of Typical Work Week,CTP,Context (Categories 1-3),2,50.83,37,10.4382,30.7112,70.6904,N,,08/2022,Incumbent
51-9124.00,"Coating, Painting, and Spraying Machine Setters, Operators, and Tenders",4.C.3.d.8,Duration of Typical Work Week,CTP,Context (Categories 1-3),3,33.64,37,13.3589,13.0889,63.0472,N,,08/2022,Incumbent
51-9141.00,Semiconductor Processing Technicians,4.C.3.d.8,Duration of Typical Work Week,CT,Context,,2.30,20,0.1434,2.0001,2.6005,N,,12/2006,Incumbent
51-9141.00,Semiconductor Processing Technicians,4.C.3.d.8,Duration of Typical Work Week,CTP,Context (Categories 1-3),1,0.18,20,0.1953,0.0191,1.7053,N,,12/2006,Incumbent
51-9141.00,Semiconductor Processing Technicians,4.C.3.d.8,Duration of Typical Work Week,CTP,Context (Categories 1-3),2,69.61,20,14.3055,35.7401,90.4124,N,,12/2006,Incumbent
51-9141.00,Semiconductor Processing Technicians,4.C.3.d.8,Duration of Typical Work Week,CTP,Context (Categories 1-3),3,30.21,20,14.3225,9.4575,64.2116,N,,12/2006,Incumbent
51-9151.00,Photographic Process Workers and Processing Machine Operators,4.C.3.d.8,Duration of Typical Work Week,CT,Context,,1.42,19,0.1782,1.0499,1.7986,N,,07/2017,Incumbent
51-9151.00,Photographic Process Workers and Processing Machine Operators,4.C.3.d.8,Duration of Typical Work Week,CTP,Context (Categories 1-3),1,57.57,19,17.8187,22.6646,86.2688,N,,07/2017,Incumbent
51-9151.00,Photographic Process Workers and Processing Machine Operators,4.C.3.d.8,Duration of Typical Work Week,CTP,Context (Categories 1-3),2,42.43,19,17.8187,13.7312,77.3354,N,,07/2017,Incumbent
51-9151.00,Photographic Process Workers and Processing Machine Operators,4.C.3.d.8,Duration of Typical Work Week,CTP,Context (Categories 1-3),3,0.00,19,0.0000,,,N,,07/2017,Incumbent
51-9161.00,Computer Numerically Controlled Tool Operators,4.C.3.d.8,Duration of Typical Work Week,CT,Context,,2.49,32,0.1270,2.2292,2.7471,N,,08/2023,Incumbent
51-9161.00,Computer Numerically Controlled Tool Operators,4.C.3.d.8,Duration of Typical Work Week,CTP,Context (Categories 1-3),1,1.32,32,1.3333,0.1657,9.7370,N,,08/2023,Incumbent
51-9161.00,Computer Numerically Controlled Tool Operators,4.C.3.d.8,Duration of Typical Work Week,CTP,Context (Categories 1-3),2,48.55,32,12.5578,25.2853,72.4566,N,,08/2023,Incumbent
51-9161.00,Computer Numerically Controlled Tool Operators,4.C.3.d.8,Duration of Typical Work Week,CTP,Context (Categories 1-3),3,50.13,32,12.5573,26.5193,73.6862,N,,08/2023,Incumbent
51-9162.00,Computer Numerically Controlled Tool Programmers,4.C.3.d.8,Duration of Typical Work Week,CT,Context,,2.22,24,0.1081,1.9974,2.4448,N,,08/2025,Incumbent
51-9162.00,Computer Numerically Controlled Tool Programmers,4.C.3.d.8,Duration of Typical Work Week,CTP,Context (Categories 1-3),1,0.00,24,0.0000,,,N,,08/2025,Incumbent
51-9162.00,Computer Numerically Controlled Tool Programmers,4.C.3.d.8,Duration of Typical Work Week,CTP,Context (Categories 1-3),2,77.89,24,10.8148,49.0038,92.8118,N,,08/2025,Incumbent
51-9162.00,Computer Numerically Controlled Tool Programmers,4.C.3.d.8,Duration of Typical Work Week,CTP,Context (Categories 1-3),3,22.11,24,10.8148,7.1882,50.9962,N,,08/2025,Incumbent
51-9191.00,Adhesive Bonding Machine Operators and Tenders,4.C.3.d.8,Duration of Typical Work Week,CT,Context,,2.30,22,0.2788,1.7170,2.8766,N,,07/2015,Incumbent
51-9191.00,Adhesive Bonding Machine Operators and Tenders,4.C.3.d.8,Duration of Typical Work Week,CTP,Context (Categories 1-3),1,16.91,22,15.2809,2.0747,66.1466,Y,,07/2015,Incumbent
51-9191.00,Adhesive Bonding Machine Operators and Tenders,4.C.3.d.8,Duration of Typical Work Week,CTP,Context (Categories 1-3),2,36.51,22,15.0312,12.9884,68.8935,N,,07/2015,Incumbent
51-9191.00,Adhesive Bonding Machine Operators and Tenders,4.C.3.d.8,Duration of Typical Work Week,CTP,Context (Categories 1-3),3,46.59,22,16.3736,18.1658,77.4108,N,,07/2015,Incumbent
51-9192.00,"Cleaning, Washing, and Metal Pickling Equipment Operators and Tenders",4.C.3.d.8,Duration of Typical Work Week,CT,Context,,2.28,17,0.1581,1.9422,2.6125,N,,07/2017,Incumbent
51-9192.00,"Cleaning, Washing, and Metal Pickling Equipment Operators and Tenders",4.C.3.d.8,Duration of Typical Work Week,CTP,Context (Categories 1-3),1,0.00,17,0.0000,,,N,,07/2017,Incumbent
51-9192.00,"Cleaning, Washing, and Metal Pickling Equipment Operators and Tenders",4.C.3.d.8,Duration of Typical Work Week,CTP,Context (Categories 1-3),2,72.27,17,15.8093,32.8609,93.2759,N,,07/2017,Incumbent
51-9192.00,"Cleaning, Washing, and Metal Pickling Equipment Operators and Tenders",4.C.3.d.8,Duration of Typical Work Week,CTP,Context (Categories 1-3),3,27.73,17,15.8093,6.7241,67.1391,N,,07/2017,Incumbent
51-9193.00,Cooling and Freezing Equipment Operators and Tenders,4.C.3.d.8,Duration of Typical Work Week,CT,Context,,2.50,20,0.2139,2.0489,2.9445,N,,07/2017,Incumbent
51-9193.00,Cooling and Freezing Equipment Operators and Tenders,4.C.3.d.8,Duration of Typical Work Week,CTP,Context (Categories 1-3),1,0.00,20,0.0000,,,N,,07/2017,Incumbent
51-9193.00,Cooling and Freezing Equipment Operators and Tenders,4.C.3.d.8,Duration of Typical Work Week,CTP,Context (Categories 1-3),2,50.33,20,21.3946,14.4522,85.8669,Y,,07/2017,Incumbent
51-9193.00,Cooling and Freezing Equipment Operators and Tenders,4.C.3.d.8,Duration of Typical Work Week,CTP,Context (Categories 1-3),3,49.67,20,21.3946,14.1331,85.5478,Y,,07/2017,Incumbent
51-9194.00,Etchers and Engravers,4.C.3.d.8,Duration of Typical Work Week,CT,Context,,2.08,23,0.2527,1.5533,2.6014,N,,07/2017,Incumbent
51-9194.00,Etchers and Engravers,4.C.3.d.8,Duration of Typical Work Week,CTP,Context (Categories 1-3),1,25.45,23,14.8228,6.3265,63.3082,N,,07/2017,Incumbent
51-9194.00,Etchers and Engravers,4.C.3.d.8,Duration of Typical Work Week,CTP,Context (Categories 1-3),2,41.37,23,17.2797,13.8699,75.5609,N,,07/2017,Incumbent
51-9194.00,Etchers and Engravers,4.C.3.d.8,Duration of Typical Work Week,CTP,Context (Categories 1-3),3,33.18,23,15.7746,10.1967,68.4716,N,,07/2017,Incumbent
51-9195.00,"Molders, Shapers, and Casters, Except Metal and Plastic",4.C.3.d.8,Duration of Typical Work Week,CT,Context,,2.51,,,,,N,,11/2020,Analyst - Transition
51-9195.03,"Stone Cutters and Carvers, Manufacturing",4.C.3.d.8,Duration of Typical Work Week,CT,Context,,2.18,32,0.1433,1.8888,2.4734,N,,07/2015,Incumbent
51-9195.03,"Stone Cutters and Carvers, Manufacturing",4.C.3.d.8,Duration of Typical Work Week,CTP,Context (Categories 1-3),1,8.93,32,7.9080,1.3295,41.6143,N,,07/2015,Incumbent
51-9195.03,"Stone Cutters and Carvers, Manufacturing",4.C.3.d.8,Duration of Typical Work Week,CTP,Context (Categories 1-3),2,64.04,32,11.4319,39.2852,83.0557,N,,07/2015,Incumbent
51-9195.03,"Stone Cutters and Carvers, Manufacturing",4.C.3.d.8,Duration of Typical Work Week,CTP,Context (Categories 1-3),3,27.03,32,10.2729,11.3546,51.7311,N,,07/2015,Incumbent
51-9195.04,"Glass Blowers, Molders, Benders, and Finishers",4.C.3.d.8,Duration of Typical Work Week,CT,Context,,2.41,19,0.2745,1.8348,2.9884,N,,07/2015,Incumbent
51-9195.04,"Glass Blowers, Molders, Benders, and Finishers",4.C.3.d.8,Duration of Typical Work Week,CTP,Context (Categories 1-3),1,0.68,19,0.7021,0.0774,5.7223,N,,07/2015,Incumbent
51-9195.04,"Glass Blowers, Molders, Benders, and Finishers",4.C.3.d.8,Duration of Typical Work Week,CTP,Context (Categories 1-3),2,57.48,19,27.5221,11.2606,93.5063,Y,,07/2015,Incumbent
51-9195.04,"Glass Blowers, Molders, Benders, and Finishers",4.C.3.d.8,Duration of Typical Work Week,CTP,Context (Categories 1-3),3,41.84,19,27.4795,6.2867,88.5254,Y,,07/2015,Incumbent
51-9195.05,"Potters, Manufacturing",4.C.3.d.8,Duration of Typical Work Week,CT,Context,,1.93,17,0.2483,1.4059,2.4585,N,,08/2020,Incumbent
51-9195.05,"Potters, Manufacturing",4.C.3.d.8,Duration of Typical Work Week,CTP,Context (Categories 1-3),1,42.00,17,13.1236,18.7716,69.4074,N,,08/2020,Incumbent
51-9195.05,"Potters, Manufacturing",4.C.3.d.8,Duration of Typical Work Week,CTP,Context (Categories 1-3),2,22.78,17,9.9007,8.2146,49.3118,N,,08/2020,Incumbent
51-9195.05,"Potters, Manufacturing",4.C.3.d.8,Duration of Typical Work Week,CTP,Context (Categories 1-3),3,35.22,17,13.5990,13.3185,65.7933,N,,08/2020,Incumbent
51-9196.00,"Paper Goods Machine Setters, Operators, and Tenders",4.C.3.d.8,Duration of Typical Work Week,CT,Context,,2.30,28,0.1230,2.0462,2.5510,N,,08/2018,Incumbent
51-9196.00,"Paper Goods Machine Setters, Operators, and Tenders",4.C.3.d.8,Duration of Typical Work Week,CTP,Context (Categories 1-3),1,0.00,28,0.0000,,,N,,08/2018,Incumbent
51-9196.00,"Paper Goods Machine Setters, Operators, and Tenders",4.C.3.d.8,Duration of Typical Work Week,CTP,Context (Categories 1-3),2,70.14,28,12.3000,41.3131,88.6851,N,,08/2018,Incumbent
51-9196.00,"Paper Goods Machine Setters, Operators, and Tenders",4.C.3.d.8,Duration of Typical Work Week,CTP,Context (Categories 1-3),3,29.86,28,12.3000,11.3149,58.6869,N,,08/2018,Incumbent
51-9197.00,Tire Builders,4.C.3.d.8,Duration of Typical Work Week,CT,Context,,1.92,17,0.2603,1.3664,2.4701,N,,08/2020,Incumbent
51-9197.00,Tire Builders,4.C.3.d.8,Duration of Typical Work Week,CTP,Context (Categories 1-3),1,30.56,17,11.3658,12.3855,57.7996,N,,08/2020,Incumbent
51-9197.00,Tire Builders,4.C.3.d.8,Duration of Typical Work Week,CTP,Context (Categories 1-3),2,47.06,17,7.2076,32.4972,62.1419,N,,08/2020,Incumbent
51-9197.00,Tire Builders,4.C.3.d.8,Duration of Typical Work Week,CTP,Context (Categories 1-3),3,22.38,17,15.3489,4.2436,65.2360,N,,08/2020,Incumbent
51-9198.00,Helpers--Production Workers,4.C.3.d.8,Duration of Typical Work Week,CT,Context,,2.34,26,0.1538,2.0275,2.6611,N,,07/2015,Incumbent
51-9198.00,Helpers--Production Workers,4.C.3.d.8,Duration of Typical Work Week,CTP,Context (Categories 1-3),1,5.91,26,5.0771,0.9487,29.1708,N,,07/2015,Incumbent
51-9198.00,Helpers--Production Workers,4.C.3.d.8,Duration of Typical Work Week,CTP,Context (Categories 1-3),2,53.75,26,12.6676,28.9237,76.8505,N,,07/2015,Incumbent
51-9198.00,Helpers--Production Workers,4.C.3.d.8,Duration of Typical Work Week,CTP,Context (Categories 1-3),3,40.34,26,13.1444,18.0011,67.5562,N,,07/2015,Incumbent
53-1041.00,Aircraft Cargo Handling Supervisors,4.C.3.d.8,Duration of Typical Work Week,CT,Context,,2.36,18,0.1337,2.0815,2.6456,N,,07/2016,Incumbent
53-1041.00,Aircraft Cargo Handling Supervisors,4.C.3.d.8,Duration of Typical Work Week,CTP,Context (Categories 1-3),1,2.03,18,2.1289,0.2176,16.5100,N,,07/2016,Incumbent
53-1041.00,Aircraft Cargo Handling Supervisors,4.C.3.d.8,Duration of Typical Work Week,CTP,Context (Categories 1-3),2,59.57,18,13.4466,31.2119,82.7174,N,,07/2016,Incumbent
53-1041.00,Aircraft Cargo Handling Supervisors,4.C.3.d.8,Duration of Typical Work Week,CTP,Context (Categories 1-3),3,38.39,18,13.2380,16.0595,66.9933,N,,07/2016,Incumbent
53-1042.00,"First-Line Supervisors of Helpers, Laborers, and Material Movers, Hand",4.C.3.d.8,Duration of Typical Work Week,CT,Context,,3.00,19,0.0000,,,N,,08/2024,Incumbent
53-1042.00,"First-Line Supervisors of Helpers, Laborers, and Material Movers, Hand",4.C.3.d.8,Duration of Typical Work Week,CTP,Context (Categories 1-3),1,0.00,19,0.0000,,,N,,08/2024,Incumbent
53-1042.00,"First-Line Supervisors of Helpers, Laborers, and Material Movers, Hand",4.C.3.d.8,Duration of Typical Work Week,CTP,Context (Categories 1-3),2,0.00,19,0.0000,,,N,,08/2024,Incumbent
53-1042.00,"First-Line Supervisors of Helpers, Laborers, and Material Movers, Hand",4.C.3.d.8,Duration of Typical Work Week,CTP,Context (Categories 1-3),3,100.00,19,0.0000,,,N,,08/2024,Incumbent
53-1042.01,Recycling Coordinators,4.C.3.d.8,Duration of Typical Work Week,CT,Context,,2.62,19,0.1363,2.3338,2.9065,N,,07/2014,Incumbent
53-1042.01,Recycling Coordinators,4.C.3.d.8,Duration of Typical Work Week,CTP,Context (Categories 1-3),1,0.00,19,0.0000,,,N,,07/2014,Incumbent
53-1042.01,Recycling Coordinators,4.C.3.d.8,Duration of Typical Work Week,CTP,Context (Categories 1-3),2,37.98,19,13.6288,15.3722,67.3778,N,,07/2014,Incumbent
53-1042.01,Recycling Coordinators,4.C.3.d.8,Duration of Typical Work Week,CTP,Context (Categories 1-3),3,62.02,19,13.6288,32.6222,84.6278,N,,07/2014,Incumbent
53-1043.00,First-Line Supervisors of Material-Moving Machine and Vehicle Operators,4.C.3.d.8,Duration of Typical Work Week,CT,Context,,2.70,16,0.1676,2.3456,3.0000,N,,08/2023,Incumbent
53-1043.00,First-Line Supervisors of Material-Moving Machine and Vehicle Operators,4.C.3.d.8,Duration of Typical Work Week,CTP,Context (Categories 1-3),1,2.17,16,2.1544,0.2557,16.1488,N,,08/2023,Incumbent
53-1043.00,First-Line Supervisors of Material-Moving Machine and Vehicle Operators,4.C.3.d.8,Duration of Typical Work Week,CTP,Context (Categories 1-3),2,25.36,16,16.6004,4.9804,68.7784,N,,08/2023,Incumbent
53-1043.00,First-Line Supervisors of Material-Moving Machine and Vehicle Operators,4.C.3.d.8,Duration of Typical Work Week,CTP,Context (Categories 1-3),3,72.46,16,16.5426,31.0137,93.9044,N,,08/2023,Incumbent
53-2011.00,"Airline Pilots, Copilots, and Flight Engineers",4.C.3.d.8,Duration of Typical Work Week,CT,Context,,1.63,28,0.1656,1.2910,1.9705,N,,08/2021,Incumbent
53-2011.00,"Airline Pilots, Copilots, and Flight Engineers",4.C.3.d.8,Duration of Typical Work Week,CTP,Context (Categories 1-3),1,56.87,28,10.5902,35.2174,76.1744,N,,08/2021,Incumbent
53-2011.00,"Airline Pilots, Copilots, and Flight Engineers",4.C.3.d.8,Duration of Typical Work Week,CTP,Context (Categories 1-3),2,23.19,28,10.1286,8.5954,49.2297,N,,08/2021,Incumbent
53-2011.00,"Airline Pilots, Copilots, and Flight Engineers",4.C.3.d.8,Duration of Typical Work Week,CTP,Context (Categories 1-3),3,19.94,28,8.7322,7.5001,43.3474,N,,08/2021,Incumbent
53-2012.00,Commercial Pilots,4.C.3.d.8,Duration of Typical Work Week,CT,Context,,2.79,18,0.1533,2.4707,3.0000,N,,08/2024,Incumbent
53-2012.00,Commercial Pilots,4.C.3.d.8,Duration of Typical Work Week,CTP,Context (Categories 1-3),1,0.61,18,0.6770,0.0575,6.1067,N,,08/2024,Incumbent
53-2012.00,Commercial Pilots,4.C.3.d.8,Duration of Typical Work Week,CTP,Context (Categories 1-3),2,19.37,18,15.1210,3.0224,64.9420,N,,08/2024,Incumbent
53-2012.00,Commercial Pilots,4.C.3.d.8,Duration of Typical Work Week,CTP,Context (Categories 1-3),3,80.02,18,15.2096,34.9884,96.7534,N,,08/2024,Incumbent
53-2021.00,Air Traffic Controllers,4.C.3.d.8,Duration of Typical Work Week,CT,Context,,2.12,54,0.0565,2.0103,2.2368,N,,07/2014,Incumbent
53-2021.00,Air Traffic Controllers,4.C.3.d.8,Duration of Typical Work Week,CTP,Context (Categories 1-3),1,0.00,54,0.0000,,,N,,07/2014,Incumbent
53-2021.00,Air Traffic Controllers,4.C.3.d.8,Duration of Typical Work Week,CTP,Context (Categories 1-3),2,87.64,54,5.6464,71.3685,95.2795,N,,07/2014,Incumbent
53-2021.00,Air Traffic Controllers,4.C.3.d.8,Duration of Typical Work Week,CTP,Context (Categories 1-3),3,12.36,54,5.6464,4.7205,28.6315,N,,07/2014,Incumbent
53-2022.00,Airfield Operations Specialists,4.C.3.d.8,Duration of Typical Work Week,CT,Context,,2.29,25,0.0852,2.1175,2.4690,N,,08/2021,Incumbent
53-2022.00,Airfield Operations Specialists,4.C.3.d.8,Duration of Typical Work Week,CTP,Context (Categories 1-3),1,0.00,25,0.0000,,,N,,08/2021,Incumbent
53-2022.00,Airfield Operations Specialists,4.C.3.d.8,Duration of Typical Work Week,CTP,Context (Categories 1-3),2,70.67,25,8.5167,50.7877,84.9122,N,,08/2021,Incumbent
53-2022.00,Airfield Operations Specialists,4.C.3.d.8,Duration of Typical Work Week,CTP,Context (Categories 1-3),3,29.33,25,8.5167,15.0878,49.2123,N,,08/2021,Incumbent
53-2031.00,Flight Attendants,4.C.3.d.8,Duration of Typical Work Week,CT,Context,,1.64,23,0.2545,1.1124,2.1679,N,,08/2021,Incumbent
53-2031.00,Flight Attendants,4.C.3.d.8,Duration of Typical Work Week,CTP,Context (Categories 1-3),1,53.37,23,15.9177,23.3007,81.1770,N,,08/2021,Incumbent
53-2031.00,Flight Attendants,4.C.3.d.8,Duration of Typical Work Week,CTP,Context (Categories 1-3),2,29.24,23,8.2079,15.3658,48.4778,N,,08/2021,Incumbent
53-2031.00,Flight Attendants,4.C.3.d.8,Duration of Typical Work Week,CTP,Context (Categories 1-3),3,17.38,23,10.2038,4.5998,47.8708,N,,08/2021,Incumbent
53-3011.00,"Ambulance Drivers and Attendants, Except Emergency Medical Technicians",4.C.3.d.8,Duration of Typical Work Week,CT,Context,,2.08,19,0.2201,1.6216,2.5462,N,,07/2017,Incumbent
53-3011.00,"Ambulance Drivers and Attendants, Except Emergency Medical Technicians",4.C.3.d.8,Duration of Typical Work Week,CTP,Context (Categories 1-3),1,27.09,19,13.9362,7.7824,62.0659,N,,07/2017,Incumbent
53-3011.00,"Ambulance Drivers and Attendants, Except Emergency Medical Technicians",4.C.3.d.8,Duration of Typical Work Week,CTP,Context (Categories 1-3),2,37.42,19,12.5888,16.2005,64.9156,N,,07/2017,Incumbent
53-3011.00,"Ambulance Drivers and Attendants, Except Emergency Medical Technicians",4.C.3.d.8,Duration of Typical Work Week,CTP,Context (Categories 1-3),3,35.48,19,11.2756,16.3467,60.7527,N,,07/2017,Incumbent
53-3031.00,Driver/Sales Workers,4.C.3.d.8,Duration of Typical Work Week,CT,Context,,2.76,15,0.1048,2.5392,2.9888,N,,08/2020,Incumbent
53-3031.00,Driver/Sales Workers,4.C.3.d.8,Duration of Typical Work Week,CTP,Context (Categories 1-3),1,4.74,15,3.7618,0.8268,22.9029,N,,08/2020,Incumbent
53-3031.00,Driver/Sales Workers,4.C.3.d.8,Duration of Typical Work Week,CTP,Context (Categories 1-3),2,14.12,15,10.5010,2.5025,51.2983,N,,08/2020,Incumbent
53-3031.00,Driver/Sales Workers,4.C.3.d.8,Duration of Typical Work Week,CTP,Context (Categories 1-3),3,81.14,15,9.7935,52.1616,94.4358,N,,08/2020,Incumbent
53-3032.00,Heavy and Tractor-Trailer Truck Drivers,4.C.3.d.8,Duration of Typical Work Week,CT,Context,,2.76,42,0.0995,2.5555,2.9574,N,,08/2022,Incumbent
53-3032.00,Heavy and Tractor-Trailer Truck Drivers,4.C.3.d.8,Duration of Typical Work Week,CTP,Context (Categories 1-3),1,4.53,42,3.9133,0.7558,22.7905,N,,08/2022,Incumbent
53-3032.00,Heavy and Tractor-Trailer Truck Drivers,4.C.3.d.8,Duration of Typical Work Week,CTP,Context (Categories 1-3),2,15.30,42,5.4631,7.1589,29.7365,N,,08/2022,Incumbent
53-3032.00,Heavy and Tractor-Trailer Truck Drivers,4.C.3.d.8,Duration of Typical Work Week,CTP,Context (Categories 1-3),3,80.17,42,7.0068,62.4088,90.7821,N,,08/2022,Incumbent
53-3033.00,Light Truck Drivers,4.C.3.d.8,Duration of Typical Work Week,CT,Context,,2.71,28,0.1374,2.4273,2.9911,N,,08/2023,Incumbent
53-3033.00,Light Truck Drivers,4.C.3.d.8,Duration of Typical Work Week,CTP,Context (Categories 1-3),1,0.67,28,0.8848,0.0433,9.4271,N,,08/2023,Incumbent
53-3033.00,Light Truck Drivers,4.C.3.d.8,Duration of Typical Work Week,CTP,Context (Categories 1-3),2,27.75,28,12.4337,9.7138,57.8233,N,,08/2023,Incumbent
53-3033.00,Light Truck Drivers,4.C.3.d.8,Duration of Typical Work Week,CTP,Context (Categories 1-3),3,71.58,28,13.0731,40.2572,90.4014,N,,08/2023,Incumbent
53-3051.00,"Bus Drivers, School",4.C.3.d.8,Duration of Typical Work Week,CT,Context,,1.46,20,0.2710,1.0000,2.0272,N,,08/2025,Incumbent
53-3051.00,"Bus Drivers, School",4.C.3.d.8,Duration of Typical Work Week,CTP,Context (Categories 1-3),1,76.36,20,13.6264,39.9538,94.0071,N,,08/2025,Incumbent
53-3051.00,"Bus Drivers, School",4.C.3.d.8,Duration of Typical Work Week,CTP,Context (Categories 1-3),2,1.26,20,1.2699,0.1514,9.7329,N,,08/2025,Incumbent
53-3051.00,"Bus Drivers, School",4.C.3.d.8,Duration of Typical Work Week,CTP,Context (Categories 1-3),3,22.37,20,13.4992,5.3617,59.4545,N,,08/2025,Incumbent
53-3052.00,"Bus Drivers, Transit and Intercity",4.C.3.d.8,Duration of Typical Work Week,CT,Context,,2.05,34,0.2247,1.5950,2.5093,N,,08/2018,Incumbent
53-3052.00,"Bus Drivers, Transit and Intercity",4.C.3.d.8,Duration of Typical Work Week,CTP,Context (Categories 1-3),1,24.08,34,16.6489,4.7388,66.9192,N,,08/2018,Incumbent
53-3052.00,"Bus Drivers, Transit and Intercity",4.C.3.d.8,Duration of Typical Work Week,CTP,Context (Categories 1-3),2,46.62,34,13.8560,21.9570,73.0548,N,,08/2018,Incumbent
53-3052.00,"Bus Drivers, Transit and Intercity",4.C.3.d.8,Duration of Typical Work Week,CTP,Context (Categories 1-3),3,29.30,34,8.4386,15.3182,48.6959,N,,08/2018,Incumbent
53-3053.00,Shuttle Drivers and Chauffeurs,4.C.3.d.8,Duration of Typical Work Week,CT,Context,,1.87,22,0.3105,1.2219,2.5132,N,,08/2025,Incumbent
53-3053.00,Shuttle Drivers and Chauffeurs,4.C.3.d.8,Duration of Typical Work Week,CTP,Context (Categories 1-3),1,43.13,22,19.6740,12.5120,80.0814,Y,,08/2025,Incumbent
53-3053.00,Shuttle Drivers and Chauffeurs,4.C.3.d.8,Duration of Typical Work Week,CTP,Context (Categories 1-3),2,26.99,22,10.9619,10.4153,54.0354,N,,08/2025,Incumbent
53-3053.00,Shuttle Drivers and Chauffeurs,4.C.3.d.8,Duration of Typical Work Week,CTP,Context (Categories 1-3),3,29.88,22,12.4497,11.0216,59.4539,N,,08/2025,Incumbent
53-4011.00,Locomotive Engineers,4.C.3.d.8,Duration of Typical Work Week,CT,Context,,2.62,22,0.1345,2.3354,2.8947,N,,07/2015,Incumbent
53-4011.00,Locomotive Engineers,4.C.3.d.8,Duration of Typical Work Week,CTP,Context (Categories 1-3),1,0.00,22,0.0000,,,N,,07/2015,Incumbent
53-4011.00,Locomotive Engineers,4.C.3.d.8,Duration of Typical Work Week,CTP,Context (Categories 1-3),2,38.50,22,13.4484,16.1150,67.1003,N,,07/2015,Incumbent
53-4011.00,Locomotive Engineers,4.C.3.d.8,Duration of Typical Work Week,CTP,Context (Categories 1-3),3,61.50,22,13.4484,32.8997,83.8850,N,,07/2015,Incumbent
53-4013.00,"Rail Yard Engineers, Dinkey Operators, and Hostlers",4.C.3.d.8,Duration of Typical Work Week,CT,Context,,1.90,29,0.2473,1.3973,2.4104,N,,08/2021,Incumbent
53-4013.00,"Rail Yard Engineers, Dinkey Operators, and Hostlers",4.C.3.d.8,Duration of Typical Work Week,CTP,Context (Categories 1-3),1,37.91,29,17.2109,12.0127,73.1913,N,,08/2021,Incumbent
53-4013.00,"Rail Yard Engineers, Dinkey Operators, and Hostlers",4.C.3.d.8,Duration of Typical Work Week,CTP,Context (Categories 1-3),2,33.80,29,15.8058,10.7249,68.4548,N,,08/2021,Incumbent
53-4013.00,"Rail Yard Engineers, Dinkey Operators, and Hostlers",4.C.3.d.8,Duration of Typical Work Week,CTP,Context (Categories 1-3),3,28.29,29,11.5948,10.9020,55.9877,N,,08/2021,Incumbent
53-4022.00,"Railroad Brake, Signal, and Switch Operators and Locomotive Firers",4.C.3.d.8,Duration of Typical Work Week,CT,Context,,2.88,,,,,N,,11/2020,Analyst - Transition
53-4031.00,Railroad Conductors and Yardmasters,4.C.3.d.8,Duration of Typical Work Week,CT,Context,,2.84,30,0.1513,2.5262,3.0000,N,,07/2013,Incumbent
53-4031.00,Railroad Conductors and Yardmasters,4.C.3.d.8,Duration of Typical Work Week,CTP,Context (Categories 1-3),1,7.72,30,7.5449,0.9502,42.1882,N,,07/2013,Incumbent
53-4031.00,Railroad Conductors and Yardmasters,4.C.3.d.8,Duration of Typical Work Week,CTP,Context (Categories 1-3),2,0.99,30,1.0204,0.1193,7.7448,N,,07/2013,Incumbent
53-4031.00,Railroad Conductors and Yardmasters,4.C.3.d.8,Duration of Typical Work Week,CTP,Context (Categories 1-3),3,91.29,30,7.6210,59.6161,98.6732,N,,07/2013,Incumbent
53-4041.00,Subway and Streetcar Operators,4.C.3.d.8,Duration of Typical Work Week,CT,Context,,2.76,29,0.1220,2.5115,3.0000,N,,08/2021,Incumbent
53-4041.00,Subway and Streetcar Operators,4.C.3.d.8,Duration of Typical Work Week,CTP,Context (Categories 1-3),1,0.00,29,0.0000,,,N,,08/2021,Incumbent
53-4041.00,Subway and Streetcar Operators,4.C.3.d.8,Duration of Typical Work Week,CTP,Context (Categories 1-3),2,23.87,29,12.1955,7.3472,55.3514,N,,08/2021,Incumbent
53-4041.00,Subway and Streetcar Operators,4.C.3.d.8,Duration of Typical Work Week,CTP,Context (Categories 1-3),3,76.13,29,12.1955,44.6486,92.6528,N,,08/2021,Incumbent
53-5011.00,Sailors and Marine Oilers,4.C.3.d.8,Duration of Typical Work Week,CT,Context,,2.89,23,0.0963,2.6860,3.0000,N,,07/2016,Incumbent
53-5011.00,Sailors and Marine Oilers,4.C.3.d.8,Duration of Typical Work Week,CTP,Context (Categories 1-3),1,0.20,23,0.2141,0.0201,1.8714,N,,07/2016,Incumbent
53-5011.00,Sailors and Marine Oilers,4.C.3.d.8,Duration of Typical Work Week,CTP,Context (Categories 1-3),2,11.05,23,9.6259,1.6023,48.6399,N,,07/2016,Incumbent
53-5011.00,Sailors and Marine Oilers,4.C.3.d.8,Duration of Typical Work Week,CTP,Context (Categories 1-3),3,88.76,23,9.6237,51.6508,98.3151,N,,07/2016,Incumbent
53-5021.00,"Captains, Mates, and Pilots of Water Vessels",4.C.3.d.8,Duration of Typical Work Week,CT,Context,,2.77,82,0.0778,2.6193,2.9289,N,,08/2022,Incumbent
53-5021.00,"Captains, Mates, and Pilots of Water Vessels",4.C.3.d.8,Duration of Typical Work Week,CTP,Context (Categories 1-3),1,4.17,82,2.5520,1.2065,13.4237,N,,08/2022,Incumbent
53-5021.00,"Captains, Mates, and Pilots of Water Vessels",4.C.3.d.8,Duration of Typical Work Week,CTP,Context (Categories 1-3),2,14.25,82,5.7631,6.1046,29.8115,N,,08/2022,Incumbent
53-5021.00,"Captains, Mates, and Pilots of Water Vessels",4.C.3.d.8,Duration of Typical Work Week,CTP,Context (Categories 1-3),3,81.58,82,6.3538,65.6305,91.1289,N,,08/2022,Incumbent
53-5022.00,Motorboat Operators,4.C.3.d.8,Duration of Typical Work Week,CT,Context,,2.42,17,0.2724,1.8402,2.9951,N,,08/2023,Incumbent
53-5022.00,Motorboat Operators,4.C.3.d.8,Duration of Typical Work Week,CTP,Context (Categories 1-3),1,18.64,17,9.7723,5.5225,47.3139,N,,08/2023,Incumbent
53-5022.00,Motorboat Operators,4.C.3.d.8,Duration of Typical Work Week,CTP,Context (Categories 1-3),2,20.96,17,15.7292,3.4201,66.4951,N,,08/2023,Incumbent
53-5022.00,Motorboat Operators,4.C.3.d.8,Duration of Typical Work Week,CTP,Context (Categories 1-3),3,60.40,17,19.9796,20.6111,89.9639,Y,,08/2023,Incumbent
53-5031.00,Ship Engineers,4.C.3.d.8,Duration of Typical Work Week,CT,Context,,2.40,15,0.1765,2.0244,2.7816,N,,08/2024,Incumbent
53-5031.00,Ship Engineers,4.C.3.d.8,Duration of Typical Work Week,CTP,Context (Categories 1-3),1,12.09,15,8.6067,2.3618,43.8571,N,,08/2024,Incumbent
53-5031.00,Ship Engineers,4.C.3.d.8,Duration of Typical Work Week,CTP,Context (Categories 1-3),2,35.53,15,14.9555,11.9623,69.0953,N,,08/2024,Incumbent
53-5031.00,Ship Engineers,4.C.3.d.8,Duration of Typical Work Week,CTP,Context (Categories 1-3),3,52.38,15,13.9127,24.9563,78.4431,N,,08/2024,Incumbent
53-6011.00,Bridge and Lock Tenders,4.C.3.d.8,Duration of Typical Work Week,CT,Context,,2.05,20,,,,,,08/2020,Occupational Expert
53-6011.00,Bridge and Lock Tenders,4.C.3.d.8,Duration of Typical Work Week,CTP,Context (Categories 1-3),1,15.00,20,,,,,,08/2020,Occupational Expert
53-6011.00,Bridge and Lock Tenders,4.C.3.d.8,Duration of Typical Work Week,CTP,Context (Categories 1-3),2,65.00,20,,,,,,08/2020,Occupational Expert
53-6011.00,Bridge and Lock Tenders,4.C.3.d.8,Duration of Typical Work Week,CTP,Context (Categories 1-3),3,20.00,20,,,,,,08/2020,Occupational Expert
53-6021.00,Parking Attendants,4.C.3.d.8,Duration of Typical Work Week,CT,Context,,1.82,23,0.0760,1.6670,1.9824,N,,07/2015,Incumbent
53-6021.00,Parking Attendants,4.C.3.d.8,Duration of Typical Work Week,CTP,Context (Categories 1-3),1,18.58,23,7.5529,7.4975,39.1255,N,,07/2015,Incumbent
53-6021.00,Parking Attendants,4.C.3.d.8,Duration of Typical Work Week,CTP,Context (Categories 1-3),2,80.37,23,7.6593,59.9338,91.8058,N,,07/2015,Incumbent
53-6021.00,Parking Attendants,4.C.3.d.8,Duration of Typical Work Week,CTP,Context (Categories 1-3),3,1.05,23,1.0949,0.1187,8.6354,N,,07/2015,Incumbent
53-6031.00,Automotive and Watercraft Service Attendants,4.C.3.d.8,Duration of Typical Work Week,CT,Context,,2.58,29,0.2545,2.0576,3.0000,N,,07/2016,Incumbent
53-6031.00,Automotive and Watercraft Service Attendants,4.C.3.d.8,Duration of Typical Work Week,CTP,Context (Categories 1-3),1,5.74,29,5.4510,0.7666,32.4184,N,,07/2016,Incumbent
53-6031.00,Automotive and Watercraft Service Attendants,4.C.3.d.8,Duration of Typical Work Week,CTP,Context (Categories 1-3),2,30.62,29,20.6296,5.6947,76.3365,Y,,07/2016,Incumbent
53-6031.00,Automotive and Watercraft Service Attendants,4.C.3.d.8,Duration of Typical Work Week,CTP,Context (Categories 1-3),3,63.64,29,22.5167,19.2556,92.7781,Y,,07/2016,Incumbent
53-6041.00,Traffic Technicians,4.C.3.d.8,Duration of Typical Work Week,CT,Context,,1.74,26,0.1758,1.3808,2.1049,N,,07/2016,Incumbent
53-6041.00,Traffic Technicians,4.C.3.d.8,Duration of Typical Work Week,CTP,Context (Categories 1-3),1,28.47,26,17.2899,6.4765,69.5783,N,,07/2016,Incumbent
53-6041.00,Traffic Technicians,4.C.3.d.8,Duration of Typical Work Week,CTP,Context (Categories 1-3),2,68.78,26,17.2959,29.5440,92.0448,N,,07/2016,Incumbent
53-6041.00,Traffic Technicians,4.C.3.d.8,Duration of Typical Work Week,CTP,Context (Categories 1-3),3,2.76,26,2.2668,0.4940,13.9259,N,,07/2016,Incumbent
53-6051.00,Transportation Inspectors,4.C.3.d.8,Duration of Typical Work Week,CT,Context,,2.31,,,,,N,,11/2020,Analyst - Transition
53-6051.01,Aviation Inspectors,4.C.3.d.8,Duration of Typical Work Week,CT,Context,,2.32,16,0.1057,2.0946,2.5451,N,,08/2021,Incumbent
53-6051.01,Aviation Inspectors,4.C.3.d.8,Duration of Typical Work Week,CTP,Context (Categories 1-3),1,0.00,16,0.0000,,,N,,08/2021,Incumbent
53-6051.01,Aviation Inspectors,4.C.3.d.8,Duration of Typical Work Week,CTP,Context (Categories 1-3),2,68.02,16,10.5683,43.0234,85.6941,N,,08/2021,Incumbent
53-6051.01,Aviation Inspectors,4.C.3.d.8,Duration of Typical Work Week,CTP,Context (Categories 1-3),3,31.98,16,10.5683,14.3059,56.9766,N,,08/2021,Incumbent
53-6051.07,"Transportation Vehicle, Equipment and Systems Inspectors, Except Aviation",4.C.3.d.8,Duration of Typical Work Week,CT,Context,,2.36,19,0.2069,1.9271,2.7967,N,,07/2015,Incumbent
53-6051.07,"Transportation Vehicle, Equipment and Systems Inspectors, Except Aviation",4.C.3.d.8,Duration of Typical Work Week,CTP,Context (Categories 1-3),1,2.13,19,1.8693,0.3298,12.5248,N,,07/2015,Incumbent
53-6051.07,"Transportation Vehicle, Equipment and Systems Inspectors, Except Aviation",4.C.3.d.8,Duration of Typical Work Week,CTP,Context (Categories 1-3),2,59.55,19,21.1071,18.9358,90.2707,Y,,07/2015,Incumbent
53-6051.07,"Transportation Vehicle, Equipment and Systems Inspectors, Except Aviation",4.C.3.d.8,Duration of Typical Work Week,CTP,Context (Categories 1-3),3,38.32,19,20.8180,8.8956,79.8101,Y,,07/2015,Incumbent
53-6061.00,Passenger Attendants,4.C.3.d.8,Duration of Typical Work Week,CT,Context,,1.45,18,0.1110,1.2140,1.6822,N,,07/2015,Incumbent
53-6061.00,Passenger Attendants,4.C.3.d.8,Duration of Typical Work Week,CTP,Context (Categories 1-3),1,57.91,18,10.8704,34.9370,77.9038,N,,07/2015,Incumbent
53-6061.00,Passenger Attendants,4.C.3.d.8,Duration of Typical Work Week,CTP,Context (Categories 1-3),2,39.37,18,10.8782,19.8875,62.9408,N,,07/2015,Incumbent
53-6061.00,Passenger Attendants,4.C.3.d.8,Duration of Typical Work Week,CTP,Context (Categories 1-3),3,2.72,18,1.6033,0.7725,9.1245,N,,07/2015,Incumbent
53-7011.00,Conveyor Operators and Tenders,4.C.3.d.8,Duration of Typical Work Week,CT,Context,,2.50,40,0.1587,2.1780,2.8198,N,,07/2017,Incumbent
53-7011.00,Conveyor Operators and Tenders,4.C.3.d.8,Duration of Typical Work Week,CTP,Context (Categories 1-3),1,4.03,40,2.8228,0.9488,15.5283,N,,07/2017,Incumbent
53-7011.00,Conveyor Operators and Tenders,4.C.3.d.8,Duration of Typical Work Week,CTP,Context (Categories 1-3),2,42.05,40,13.8486,18.6919,69.6113,N,,07/2017,Incumbent
53-7011.00,Conveyor Operators and Tenders,4.C.3.d.8,Duration of Typical Work Week,CTP,Context (Categories 1-3),3,53.92,40,14.6213,26.2478,79.3713,N,,07/2017,Incumbent
53-7021.00,Crane and Tower Operators,4.C.3.d.8,Duration of Typical Work Week,CT,Context,,2.78,34,0.1076,2.5561,2.9940,N,,07/2015,Incumbent
53-7021.00,Crane and Tower Operators,4.C.3.d.8,Duration of Typical Work Week,CTP,Context (Categories 1-3),1,0.48,34,0.5319,0.0491,4.4723,N,,07/2015,Incumbent
53-7021.00,Crane and Tower Operators,4.C.3.d.8,Duration of Typical Work Week,CTP,Context (Categories 1-3),2,21.54,34,10.8388,6.9330,50.3050,N,,07/2015,Incumbent
53-7021.00,Crane and Tower Operators,4.C.3.d.8,Duration of Typical Work Week,CTP,Context (Categories 1-3),3,77.98,34,10.7875,49.6581,92.7067,N,,07/2015,Incumbent
53-7031.00,Dredge Operators,4.C.3.d.8,Duration of Typical Work Week,CT,Context,,2.85,21,0.0788,2.6898,3.0000,N,,06/2008,Incumbent
53-7031.00,Dredge Operators,4.C.3.d.8,Duration of Typical Work Week,CTP,Context (Categories 1-3),1,0.00,21,0.0000,,,N,,06/2008,Incumbent
53-7031.00,Dredge Operators,4.C.3.d.8,Duration of Typical Work Week,CTP,Context (Categories 1-3),2,14.57,21,7.8822,4.3561,38.9890,N,,06/2008,Incumbent
53-7031.00,Dredge Operators,4.C.3.d.8,Duration of Typical Work Week,CTP,Context (Categories 1-3),3,85.43,21,7.8822,61.0110,95.6439,N,,06/2008,Incumbent
53-7041.00,Hoist and Winch Operators,4.C.3.d.8,Duration of Typical Work Week,CT,Context,,2.54,18,0.2209,2.0728,3.0000,N,,12/2004,Incumbent
53-7041.00,Hoist and Winch Operators,4.C.3.d.8,Duration of Typical Work Week,CTP,Context (Categories 1-3),1,0.00,18,0.0000,,,N,,12/2004,Incumbent
53-7041.00,Hoist and Winch Operators,4.C.3.d.8,Duration of Typical Work Week,CTP,Context (Categories 1-3),2,46.12,18,22.0860,11.6027,84.8096,Y,,12/2004,Incumbent
53-7041.00,Hoist and Winch Operators,4.C.3.d.8,Duration of Typical Work Week,CTP,Context (Categories 1-3),3,53.88,18,22.0860,15.1904,88.3973,Y,,12/2004,Incumbent
53-7051.00,Industrial Truck and Tractor Operators,4.C.3.d.8,Duration of Typical Work Week,CT,Context,,2.74,17,0.1438,2.4375,3.0000,N,,08/2021,Incumbent
53-7051.00,Industrial Truck and Tractor Operators,4.C.3.d.8,Duration of Typical Work Week,CTP,Context (Categories 1-3),1,0.00,17,0.0000,,,N,,08/2021,Incumbent
53-7051.00,Industrial Truck and Tractor Operators,4.C.3.d.8,Duration of Typical Work Week,CTP,Context (Categories 1-3),2,25.77,17,14.3786,6.5917,63.0772,N,,08/2021,Incumbent
53-7051.00,Industrial Truck and Tractor Operators,4.C.3.d.8,Duration of Typical Work Week,CTP,Context (Categories 1-3),3,74.23,17,14.3786,36.9228,93.4083,N,,08/2021,Incumbent
53-7061.00,Cleaners of Vehicles and Equipment,4.C.3.d.8,Duration of Typical Work Week,CT,Context,,2.23,15,0.1807,1.8381,2.6130,N,,08/2022,Incumbent
53-7061.00,Cleaners of Vehicles and Equipment,4.C.3.d.8,Duration of Typical Work Week,CTP,Context (Categories 1-3),1,7.83,15,7.4451,0.9200,43.7146,N,,08/2022,Incumbent
53-7061.00,Cleaners of Vehicles and Equipment,4.C.3.d.8,Duration of Typical Work Week,CTP,Context (Categories 1-3),2,61.79,15,14.1264,30.9476,85.3714,N,,08/2022,Incumbent
53-7061.00,Cleaners of Vehicles and Equipment,4.C.3.d.8,Duration of Typical Work Week,CTP,Context (Categories 1-3),3,30.38,15,14.4056,9.1951,65.2841,N,,08/2022,Incumbent
53-7062.00,"Laborers and Freight, Stock, and Material Movers, Hand",4.C.3.d.8,Duration of Typical Work Week,CT,Context,,2.57,27,0.1189,2.3218,2.8106,N,,08/2024,Incumbent
53-7062.00,"Laborers and Freight, Stock, and Material Movers, Hand",4.C.3.d.8,Duration of Typical Work Week,CTP,Context (Categories 1-3),1,5.68,27,7.0803,0.3954,47.7004,N,,08/2024,Incumbent
53-7062.00,"Laborers and Freight, Stock, and Material Movers, Hand",4.C.3.d.8,Duration of Typical Work Week,CTP,Context (Categories 1-3),2,32.03,27,6.5897,20.1898,46.7507,N,,08/2024,Incumbent
53-7062.00,"Laborers and Freight, Stock, and Material Movers, Hand",4.C.3.d.8,Duration of Typical Work Week,CTP,Context (Categories 1-3),3,62.29,27,6.5009,48.3278,74.4764,N,,08/2024,Incumbent
53-7062.04,Recycling and Reclamation Workers,4.C.3.d.8,Duration of Typical Work Week,CT,Context,,2.67,28,0.1081,2.4474,2.8908,N,,07/2012,Incumbent
53-7062.04,Recycling and Reclamation Workers,4.C.3.d.8,Duration of Typical Work Week,CTP,Context (Categories 1-3),1,1.97,28,1.2789,0.5124,7.2554,N,,07/2012,Incumbent
53-7062.04,Recycling and Reclamation Workers,4.C.3.d.8,Duration of Typical Work Week,CTP,Context (Categories 1-3),2,29.15,28,9.8732,13.3688,52.3205,N,,07/2012,Incumbent
53-7062.04,Recycling and Reclamation Workers,4.C.3.d.8,Duration of Typical Work Week,CTP,Context (Categories 1-3),3,68.88,28,10.2713,45.2960,85.5399,N,,07/2012,Incumbent
53-7063.00,Machine Feeders and Offbearers,4.C.3.d.8,Duration of Typical Work Week,CT,Context,,2.36,39,0.0995,2.1540,2.5567,N,,07/2016,Incumbent
53-7063.00,Machine Feeders and Offbearers,4.C.3.d.8,Duration of Typical Work Week,CTP,Context (Categories 1-3),1,3.50,39,2.6872,0.7167,15.3764,N,,07/2016,Incumbent
53-7063.00,Machine Feeders and Offbearers,4.C.3.d.8,Duration of Typical Work Week,CTP,Context (Categories 1-3),2,57.47,39,9.2926,38.4990,74.4774,N,,07/2016,Incumbent
53-7063.00,Machine Feeders and Offbearers,4.C.3.d.8,Duration of Typical Work Week,CTP,Context (Categories 1-3),3,39.03,39,9.2417,22.5788,58.4227,N,,07/2016,Incumbent
53-7064.00,"Packers and Packagers, Hand",4.C.3.d.8,Duration of Typical Work Week,CT,Context,,2.25,22,0.1560,1.9301,2.5790,N,,08/2020,Incumbent
53-7064.00,"Packers and Packagers, Hand",4.C.3.d.8,Duration of Typical Work Week,CTP,Context (Categories 1-3),1,0.00,22,0.0000,,,N,,08/2020,Incumbent
53-7064.00,"Packers and Packagers, Hand",4.C.3.d.8,Duration of Typical Work Week,CTP,Context (Categories 1-3),2,74.54,22,15.6016,34.6286,94.1804,N,,08/2020,Incumbent
53-7064.00,"Packers and Packagers, Hand",4.C.3.d.8,Duration of Typical Work Week,CTP,Context (Categories 1-3),3,25.46,22,15.6016,5.8196,65.3714,N,,08/2020,Incumbent
53-7065.00,Stockers and Order Fillers,4.C.3.d.8,Duration of Typical Work Week,CT,Context,,1.97,84,0.1906,1.5947,2.3528,N,,08/2022,Incumbent
53-7065.00,Stockers and Order Fillers,4.C.3.d.8,Duration of Typical Work Week,CTP,Context (Categories 1-3),1,31.10,84,9.9302,15.2247,53.1540,N,,08/2022,Incumbent
53-7065.00,Stockers and Order Fillers,4.C.3.d.8,Duration of Typical Work Week,CTP,Context (Categories 1-3),2,40.42,84,9.5095,23.6273,59.8092,N,,08/2022,Incumbent
53-7065.00,Stockers and Order Fillers,4.C.3.d.8,Duration of Typical Work Week,CTP,Context (Categories 1-3),3,28.48,84,11.3225,11.6424,54.6044,N,,08/2022,Incumbent
53-7071.00,Gas Compressor and Gas Pumping Station Operators,4.C.3.d.8,Duration of Typical Work Week,CT,Context,,2.66,18,0.1103,2.4295,2.8947,N,,07/2017,Incumbent
53-7071.00,Gas Compressor and Gas Pumping Station Operators,4.C.3.d.8,Duration of Typical Work Week,CTP,Context (Categories 1-3),1,0.00,18,0.0000,,,N,,07/2017,Incumbent
53-7071.00,Gas Compressor and Gas Pumping Station Operators,4.C.3.d.8,Duration of Typical Work Week,CTP,Context (Categories 1-3),2,33.79,18,11.0254,15.2850,59.0751,N,,07/2017,Incumbent
53-7071.00,Gas Compressor and Gas Pumping Station Operators,4.C.3.d.8,Duration of Typical Work Week,CTP,Context (Categories 1-3),3,66.21,18,11.0254,40.9249,84.7150,N,,07/2017,Incumbent
53-7072.00,"Pump Operators, Except Wellhead Pumpers",4.C.3.d.8,Duration of Typical Work Week,CT,Context,,2.92,29,0.0548,2.8063,3.0000,N,,08/2021,Incumbent
53-7072.00,"Pump Operators, Except Wellhead Pumpers",4.C.3.d.8,Duration of Typical Work Week,CTP,Context (Categories 1-3),1,0.00,29,0.0000,,,N,,08/2021,Incumbent
53-7072.00,"Pump Operators, Except Wellhead Pumpers",4.C.3.d.8,Duration of Typical Work Week,CTP,Context (Categories 1-3),2,8.14,29,5.4839,1.9327,28.4740,N,,08/2021,Incumbent
53-7072.00,"Pump Operators, Except Wellhead Pumpers",4.C.3.d.8,Duration of Typical Work Week,CTP,Context (Categories 1-3),3,91.86,29,5.4839,71.5260,98.0673,N,,08/2021,Incumbent
53-7073.00,Wellhead Pumpers,4.C.3.d.8,Duration of Typical Work Week,CT,Context,,2.45,19,0.1889,2.0496,2.8433,N,,08/2019,Incumbent
53-7073.00,Wellhead Pumpers,4.C.3.d.8,Duration of Typical Work Week,CTP,Context (Categories 1-3),1,0.00,19,0.0000,,,N,,08/2019,Incumbent
53-7073.00,Wellhead Pumpers,4.C.3.d.8,Duration of Typical Work Week,CTP,Context (Categories 1-3),2,55.36,19,18.8907,19.9265,86.0686,Y,,08/2019,Incumbent
53-7073.00,Wellhead Pumpers,4.C.3.d.8,Duration of Typical Work Week,CTP,Context (Categories 1-3),3,44.64,19,18.8907,13.9314,80.0735,Y,,08/2019,Incumbent
53-7081.00,Refuse and Recyclable Material Collectors,4.C.3.d.8,Duration of Typical Work Week,CT,Context,,2.57,19,0.1236,2.3123,2.8316,N,,08/2023,Incumbent
53-7081.00,Refuse and Recyclable Material Collectors,4.C.3.d.8,Duration of Typical Work Week,CTP,Context (Categories 1-3),1,6.77,19,6.1451,0.9307,35.9579,N,,08/2023,Incumbent
53-7081.00,Refuse and Recyclable Material Collectors,4.C.3.d.8,Duration of Typical Work Week,CTP,Context (Categories 1-3),2,29.26,19,9.6669,13.4265,52.4606,N,,08/2023,Incumbent
53-7081.00,Refuse and Recyclable Material Collectors,4.C.3.d.8,Duration of Typical Work Week,CTP,Context (Categories 1-3),3,63.97,19,9.2380,43.3364,80.4696,N,,08/2023,Incumbent
53-7121.00,"Tank Car, Truck, and Ship Loaders",4.C.3.d.8,Duration of Typical Work Week,CT,Context,,2.82,32,0.0983,2.6238,3.0000,N,,08/2019,Incumbent
53-7121.00,"Tank Car, Truck, and Ship Loaders",4.C.3.d.8,Duration of Typical Work Week,CTP,Context (Categories 1-3),1,0.00,32,0.0000,,,N,,08/2019,Incumbent
53-7121.00,"Tank Car, Truck, and Ship Loaders",4.C.3.d.8,Duration of Typical Work Week,CTP,Context (Categories 1-3),2,17.56,32,9.8350,5.0617,45.9881,N,,08/2019,Incumbent
53-7121.00,"Tank Car, Truck, and Ship Loaders",4.C.3.d.8,Duration of Typical Work Week,CTP,Context (Categories 1-3),3,82.44,32,9.8350,54.0119,94.9383,N,,08/2019,Incumbent
